#
# A fatal error has been detected by the Java Runtime Environment:
#
#  SIGSEGV (0xb) at pc=0x0000798b9846760e, pid=39342, tid=39379
#
# JRE version: Java(TM) SE Runtime Environment (25.0+37) (build 25+37-LTS-3491)
# Java VM: Java HotSpot(TM) 64-Bit Server VM (25+37-LTS-3491, mixed mode, sharing, tiered, compressed oops, compressed class ptrs, g1 gc, linux-amd64)
# Problematic frame:
# C  [libEGL_nvidia.so.0+0xb660e]
#
# Core dump will be written. Default location: Core dumps may be processed with "/usr/lib/systemd/systemd-coredump %P %u %g %s %t %c %h %d %F" (or dumping to /home/abdenours/Desktop/friend_graphics_test/core.39342)
#
# If you would like to submit a bug report, please visit:
#   https://bugreport.java.com/bugreport/crash.jsp
#

---------------  S U M M A R Y ------------

Command Line: -Dfile.encoding=UTF-8 -Duser.country=US -Duser.language=en -Duser.variant com.mygdx.game.lwjgl3.Lwjgl3Launcher

Host: Intel(R) Core(TM) i7-1065G7 CPU @ 1.30GHz, 8 cores, 7G, Garuda Linux Broadwing
Time: Thu Jan  8 22:35:51 2026 CET elapsed time: 272.987623 seconds (0d 0h 4m 32s)

---------------  T H R E A D  ---------------

Current thread is native thread

Stack: [0x0000798b60ffb000,0x0000798b617fb000],  sp=0x0000798b617f9e10,  free space=8187k
Native frames: (J=compiled Java code, j=interpreted, Vv=VM code, C=native code)
C  [libEGL_nvidia.so.0+0xb660e]

siginfo: si_signo: 11 (SIGSEGV), si_code: 1 (SEGV_MAPERR), si_addr: 0x0000000000000040

Registers:
RAX=0x0000000000000000, RBX=0x0000798b60ff8f80, RCX=0x0000000000000001, RDX=0x0000798b53f7d7dc
RSP=0x0000798b617f9e10, RBP=0x0000798b606d8040, RSI=0x0000798b9845a840, RDI=0x0000798b984f34a8
R8 =0x0000000000000001, R9 =0x00000000004bfa9e, R10=0x0000000000000000, R11=0x0000798bd34e1080
R12=0x0000798b53f82a60, R13=0x0000798b606d8040, R14=0x0000798b60ff9380, R15=0x0000000000000000
RIP=0x0000798b9846760e, EFLAGS=0x0000000000010206, CSGSFS=0x002b000000000033, ERR=0x0000000000000004
  TRAPNO=0x000000000000000e

XMM[0]=0x0000000000000000 0x000000004d81f30f
XMM[1]=0x0000000000000000 0x0007000700070007
XMM[2]=0x0000798bd3410740 0x0000798bd33978e0
XMM[3]=0x0000798bd3396fe0 0x0000798bd33969e0
XMM[4]=0x0000000000000000 0x0000798bcc000090
XMM[5]=0x0000000000000000 0x0000000000000000
XMM[6]=0x0000000000000000 0x0000000000000000
XMM[7]=0x0000000000000000 0x0000000000000000
XMM[8]=0x0000798b524089f0 0x0000798b524089e0
XMM[9]=0x0000000000000001 0x0000000000000001
XMM[10]=0x0000000000000002 0x0000000000000002
XMM[11]=0xffffffffffffffff 0xffffffffffffffff
XMM[12]=0x0000000000000001 0x0000000000000001
XMM[13]=0x0000000000000000 0x0000798bcc688650
XMM[14]=0x0000000000000000 0x0000798bcc688640
XMM[15]=0x0000000000000000 0x0000798bcc688630
  MXCSR=0x00001fa2


Top of Stack: (sp=0x0000798b617f9e10)
0x0000798b617f9e10:   0000798b53f7f8c0 0000798b52810fda   ...S.y.....R.y..
0x0000798b617f9e20:   0000798b53f7f8c0 0000798b5263729f   ...S.y...rcR.y..
0x0000798b617f9e30:   0000798bcca58080 0000798b53f2bcc0   .....y.....S.y..
0x0000798b617f9e40:   0000798b617fa6c0 0001798b00000000   ...a.y.......y..
0x0000798b617f9e50:   0000798bcca56720 0000798b60ff9380    g...y.....`.y..
0x0000798b617f9e60:   0000798b52812480 0000798b617fa6c0   .$.R.y.....a.y..
0x0000798b617f9e70:   0000798bd19fba00 0000798b617face4   .....y.....a.y..
0x0000798b617f9e80:   0000798bd19fbb07 0000798b5281345a   .....y..Z4.R.y..
0x0000798b617f9e90:   0000798b617fa6c0 0000798b617fa6c0   ...a.y.....a.y..
0x0000798b617f9ea0:   0000798b617f9f70 0000798bd329698b   p..a.y...i)..y..
0x0000798b617f9eb0:   0000000000801000 0000798b60ffa000   ...........`.y..
0x0000798b617f9ec0:   0000000000000000 0000008000000000   ................
0x0000798b617f9ed0:   ffffffffffffff40 0000000000000000   @...............
0x0000798b617f9ee0:   0000000000000020 0000798b617fa6c0    ..........a.y..
0x0000798b617f9ef0:   0000798b617fa6c0 45731b889a765e11   ...a.y...^v...sE
0x0000798b617f9f00:   0000798b617fa6c0 0000798bd19fba00   ...a.y.......y..
0x0000798b617f9f10:   0000000000000000 0000798bd19fbb07   .............y..
0x0000798b617f9f20:   45731b8899f65e11 45727f256bae5e11   .^....sE.^.k%.rE
0x0000798b617f9f30:   0000000000000000 0000000000000000   ................
0x0000798b617f9f40:   0000000000000000 0000000000000000   ................
0x0000798b617f9f50:   0000000000000000 8fe2eb5596c9af00   ............U...
0x0000798b617f9f60:   0000798bd32966a0 0000000000000000   .f)..y..........
0x0000798b617f9f70:   0000000000000000 0000798bd331a9cc   ..........1..y..
0x0000798b617f9f80:   0000000000000000 0000000000000000   ................
0x0000798b617f9f90:   0000000000000000 0000000000000000   ................
0x0000798b617f9fa0:   0000000000000000 0000000000000000   ................
0x0000798b617f9fb0:   0000000000000000 0000000000000000   ................
0x0000798b617f9fc0:   0000000000000000 0000000000000000   ................
0x0000798b617f9fd0:   0000000000000000 0000000000000000   ................
0x0000798b617f9fe0:   0000000000000000 0000000000000000   ................
0x0000798b617f9ff0:   0000000000000000 0000000000000000   ................
0x0000798b617fa000:   0000000000000000 0000000000000000   ................

Instructions: (pc=0x0000798b9846760e)
  0x0000798b9846750e:   4c 24 08 48 85 c0 48 89 c2 74 61 48 89 08 49 8b
  0x0000798b9846751e:   44 24 40 48 83 c2 08 48 85 c0 74 41 41 8b 4c 24
  0x0000798b9846752e:   34 31 c0 85 c9 74 19 49 8b 74 24 40 89 c1 83 c0
  0x0000798b9846753e:   01 48 8b 34 ce 48 89 34 ca 41 39 44 24 34 77 e7
  0x0000798b9846754e:   49 8b 44 24 40 48 85 c0 74 13 48 8d 78 f8 48 89
  0x0000798b9846755e:   54 24 08 e8 1a a8 00 00 48 8b 54 24 08 45 89 7c
  0x0000798b9846756e:   24 34 49 89 54 24 40 e9 9a fe ff ff 45 8b 74 24
  0x0000798b9846757e:   34 e9 90 fe ff ff 66 2e 0f 1f 84 00 00 00 00 00
  0x0000798b9846758e:   66 90 48 8b 07 48 39 f0 74 58 55 48 89 fd 53 48
  0x0000798b9846759e:   89 f3 48 83 ec 08 48 85 c0 74 15 48 8d 78 08 ff
  0x0000798b984675ae:   50 18 85 c0 75 0a 48 8b 7d 00 48 8b 07 ff 50 08
  0x0000798b984675be:   48 89 5d 00 48 85 db 74 19 48 8b 43 10 48 83 c4
  0x0000798b984675ce:   08 48 8d 7b 08 5b 5d ff e0 66 0f 1f 84 00 00 00
  0x0000798b984675de:   00 00 48 83 c4 08 5b 5d c3 66 0f 1f 84 00 00 00
  0x0000798b984675ee:   00 00 c3 66 66 2e 0f 1f 84 00 00 00 00 00 0f 1f
  0x0000798b984675fe:   40 00 48 83 ec 08 bf 01 00 00 00 e8 62 4a ff ff
=>0x0000798b9846760e:   8b 70 40 48 8d 78 30 48 83 c4 08 e9 62 68 f8 ff
  0x0000798b9846761e:   66 90 48 83 ec 18 48 8b 87 b0 04 00 00 ba 04 00
  0x0000798b9846762e:   00 00 be 01 00 00 00 48 8d 4c 24 0c bf 01 00 00
  0x0000798b9846763e:   00 ff 90 d8 00 00 00 48 83 c4 18 c3 66 0f 1f 44
  0x0000798b9846764e:   00 00 49 89 fa 41 89 d1 40 0f b6 fe 89 ca 49 8b
  0x0000798b9846765e:   82 b0 04 00 00 4c 89 c1 44 89 ce 48 8b 80 d8 00
  0x0000798b9846766e:   00 00 ff e0 66 66 2e 0f 1f 84 00 00 00 00 00 0f
  0x0000798b9846767e:   1f 00 55 40 0f b6 f6 53 48 89 fb 48 83 ec 08 48
  0x0000798b9846768e:   8b af b0 04 00 00 e8 b7 ff ff ff ff 95 00 01 00
  0x0000798b9846769e:   00 8b 10 89 53 28 48 83 c4 08 5b 5d c3 0f 1f 44
  0x0000798b984676ae:   00 00 41 57 41 56 49 89 fe bf 01 00 00 00 41 55
  0x0000798b984676be:   49 89 f5 41 54 55 53 48 83 ec 58 48 89 14 24 e8
  0x0000798b984676ce:   9e 49 ff ff 48 c7 44 24 18 00 00 00 00 83 b8 a0
  0x0000798b984676de:   04 00 00 03 4c 8b b8 b0 04 00 00 48 89 c3 44 8b
  0x0000798b984676ee:   60 38 0f 84 02 01 00 00 48 8d 4c 24 20 48 8d 70
  0x0000798b984676fe:   30 ba 01 00 00 00 48 89 cf 48 89 4c 24 08 e8 7f



---------------  P R O C E S S  ---------------

VM state: at safepoint (shutting down)

VM Mutex/Monitor currently owned by a thread:  ([mutex/lock_event])
[0x0000798bd30370a8] Threads_lock - owner thread: 0x0000798bcc10e2f0
[0x0000798bd3036f28] Heap_lock - owner thread: 0x0000798b7c0010a0

Heap address: 0x0000000087400000, size: 1932 MB, Compressed Oops mode: 32-bit

CDS archive(s) mapped at: [0x000000000f000000-0x000000000fd92000-0x000000000fd92000), size 14229504, SharedBaseAddress: 0x000000000f000000, ArchiveRelocationMode: 1.
Compressed class space mapped at: 0x0000000010000000-0x0000000050000000, reserved size: 1073741824
UseCompressedClassPointers 1, UseCompactObjectHeaders 0
Narrow klass pointer bits 32, Max shift 3
Narrow klass base: 0x000000000f000000, Narrow klass shift: 0
Encoding Range: [0x000000000f000000 - 0x000000010f000000), (4294967296 bytes)
Klass Range:    [0x000000000f001000 - 0x0000000050000000), (1090514944 bytes)
Klass ID Range:  [4096 - 1090519033) (1090514937)
Protection zone: [0x000000000f000000 - 0x000000000f001000), (4096 bytes)

GC Precious Log:
<Skipped>

Heap:
 garbage-first heap   total reserved 1978368K, committed 126976K, used 25735K [0x0000000087400000, 0x0000000100000000)
  region size 1024K, 25 young (25600K), 3 survivors (3072K)

Heap Regions: E=young(eden), S=young(survivor), O=old, HS=humongous(starts), HC=humongous(continues), CS=collection set, F=free, TAMS=top-at-mark-start, PB=parsable bottom
|   0|0x0000000087400000, 0x0000000087400000, 0x0000000087500000|  0%| F|  |TAMS 0x0000000087400000| PB 0x0000000087400000| Untracked |  0
|   1|0x0000000087500000, 0x0000000087500000, 0x0000000087600000|  0%| F|  |TAMS 0x0000000087500000| PB 0x0000000087500000| Untracked |  0
|   2|0x0000000087600000, 0x0000000087600000, 0x0000000087700000|  0%| F|  |TAMS 0x0000000087600000| PB 0x0000000087600000| Untracked |  0
|   3|0x0000000087700000, 0x0000000087700000, 0x0000000087800000|  0%| F|  |TAMS 0x0000000087700000| PB 0x0000000087700000| Untracked |  0
|   4|0x0000000087800000, 0x0000000087800000, 0x0000000087900000|  0%| F|  |TAMS 0x0000000087800000| PB 0x0000000087800000| Untracked |  0
|   5|0x0000000087900000, 0x0000000087900000, 0x0000000087a00000|  0%| F|  |TAMS 0x0000000087900000| PB 0x0000000087900000| Untracked |  0
|   6|0x0000000087a00000, 0x0000000087a00000, 0x0000000087b00000|  0%| F|  |TAMS 0x0000000087a00000| PB 0x0000000087a00000| Untracked |  0
|   7|0x0000000087b00000, 0x0000000087b00000, 0x0000000087c00000|  0%| F|  |TAMS 0x0000000087b00000| PB 0x0000000087b00000| Untracked |  0
|   8|0x0000000087c00000, 0x0000000087c00000, 0x0000000087d00000|  0%| F|  |TAMS 0x0000000087c00000| PB 0x0000000087c00000| Untracked |  0
|   9|0x0000000087d00000, 0x0000000087d00000, 0x0000000087e00000|  0%| F|  |TAMS 0x0000000087d00000| PB 0x0000000087d00000| Untracked |  0
|  10|0x0000000087e00000, 0x0000000087e00000, 0x0000000087f00000|  0%| F|  |TAMS 0x0000000087e00000| PB 0x0000000087e00000| Untracked |  0
|  11|0x0000000087f00000, 0x0000000087f00000, 0x0000000088000000|  0%| F|  |TAMS 0x0000000087f00000| PB 0x0000000087f00000| Untracked |  0
|  12|0x0000000088000000, 0x0000000088000000, 0x0000000088100000|  0%| F|  |TAMS 0x0000000088000000| PB 0x0000000088000000| Untracked |  0
|  13|0x0000000088100000, 0x0000000088100000, 0x0000000088200000|  0%| F|  |TAMS 0x0000000088100000| PB 0x0000000088100000| Untracked |  0
|  14|0x0000000088200000, 0x0000000088200000, 0x0000000088300000|  0%| F|  |TAMS 0x0000000088200000| PB 0x0000000088200000| Untracked |  0
|  15|0x0000000088300000, 0x0000000088300000, 0x0000000088400000|  0%| F|  |TAMS 0x0000000088300000| PB 0x0000000088300000| Untracked |  0
|  16|0x0000000088400000, 0x0000000088400000, 0x0000000088500000|  0%| F|  |TAMS 0x0000000088400000| PB 0x0000000088400000| Untracked |  0
|  17|0x0000000088500000, 0x0000000088500000, 0x0000000088600000|  0%| F|  |TAMS 0x0000000088500000| PB 0x0000000088500000| Untracked |  0
|  18|0x0000000088600000, 0x0000000088600000, 0x0000000088700000|  0%| F|  |TAMS 0x0000000088600000| PB 0x0000000088600000| Untracked |  0
|  19|0x0000000088700000, 0x0000000088700000, 0x0000000088800000|  0%| F|  |TAMS 0x0000000088700000| PB 0x0000000088700000| Untracked |  0
|  20|0x0000000088800000, 0x0000000088800000, 0x0000000088900000|  0%| F|  |TAMS 0x0000000088800000| PB 0x0000000088800000| Untracked |  0
|  21|0x0000000088900000, 0x0000000088900000, 0x0000000088a00000|  0%| F|  |TAMS 0x0000000088900000| PB 0x0000000088900000| Untracked |  0
|  22|0x0000000088a00000, 0x0000000088a00000, 0x0000000088b00000|  0%| F|  |TAMS 0x0000000088a00000| PB 0x0000000088a00000| Untracked |  0
|  23|0x0000000088b00000, 0x0000000088b00000, 0x0000000088c00000|  0%| F|  |TAMS 0x0000000088b00000| PB 0x0000000088b00000| Untracked |  0
|  24|0x0000000088c00000, 0x0000000088c00000, 0x0000000088d00000|  0%| F|  |TAMS 0x0000000088c00000| PB 0x0000000088c00000| Untracked |  0
|  25|0x0000000088d00000, 0x0000000088d00000, 0x0000000088e00000|  0%| F|  |TAMS 0x0000000088d00000| PB 0x0000000088d00000| Untracked |  0
|  26|0x0000000088e00000, 0x0000000088e00000, 0x0000000088f00000|  0%| F|  |TAMS 0x0000000088e00000| PB 0x0000000088e00000| Untracked |  0
|  27|0x0000000088f00000, 0x0000000088f00000, 0x0000000089000000|  0%| F|  |TAMS 0x0000000088f00000| PB 0x0000000088f00000| Untracked |  0
|  28|0x0000000089000000, 0x0000000089000000, 0x0000000089100000|  0%| F|  |TAMS 0x0000000089000000| PB 0x0000000089000000| Untracked |  0
|  29|0x0000000089100000, 0x0000000089100000, 0x0000000089200000|  0%| F|  |TAMS 0x0000000089100000| PB 0x0000000089100000| Untracked |  0
|  30|0x0000000089200000, 0x0000000089200000, 0x0000000089300000|  0%| F|  |TAMS 0x0000000089200000| PB 0x0000000089200000| Untracked |  0
|  31|0x0000000089300000, 0x0000000089300000, 0x0000000089400000|  0%| F|  |TAMS 0x0000000089300000| PB 0x0000000089300000| Untracked |  0
|  32|0x0000000089400000, 0x0000000089400000, 0x0000000089500000|  0%| F|  |TAMS 0x0000000089400000| PB 0x0000000089400000| Untracked |  0
|  33|0x0000000089500000, 0x0000000089500000, 0x0000000089600000|  0%| F|  |TAMS 0x0000000089500000| PB 0x0000000089500000| Untracked |  0
|  34|0x0000000089600000, 0x0000000089600000, 0x0000000089700000|  0%| F|  |TAMS 0x0000000089600000| PB 0x0000000089600000| Untracked |  0
|  35|0x0000000089700000, 0x0000000089700000, 0x0000000089800000|  0%| F|  |TAMS 0x0000000089700000| PB 0x0000000089700000| Untracked |  0
|  36|0x0000000089800000, 0x0000000089800000, 0x0000000089900000|  0%| F|  |TAMS 0x0000000089800000| PB 0x0000000089800000| Untracked |  0
|  37|0x0000000089900000, 0x0000000089900000, 0x0000000089a00000|  0%| F|  |TAMS 0x0000000089900000| PB 0x0000000089900000| Untracked |  0
|  38|0x0000000089a00000, 0x0000000089a00000, 0x0000000089b00000|  0%| F|  |TAMS 0x0000000089a00000| PB 0x0000000089a00000| Untracked |  0
|  39|0x0000000089b00000, 0x0000000089b00000, 0x0000000089c00000|  0%| F|  |TAMS 0x0000000089b00000| PB 0x0000000089b00000| Untracked |  0
|  40|0x0000000089c00000, 0x0000000089c00000, 0x0000000089d00000|  0%| F|  |TAMS 0x0000000089c00000| PB 0x0000000089c00000| Untracked |  0
|  41|0x0000000089d00000, 0x0000000089d00000, 0x0000000089e00000|  0%| F|  |TAMS 0x0000000089d00000| PB 0x0000000089d00000| Untracked |  0
|  42|0x0000000089e00000, 0x0000000089e00000, 0x0000000089f00000|  0%| F|  |TAMS 0x0000000089e00000| PB 0x0000000089e00000| Untracked |  0
|  43|0x0000000089f00000, 0x0000000089f00000, 0x000000008a000000|  0%| F|  |TAMS 0x0000000089f00000| PB 0x0000000089f00000| Untracked |  0
|  44|0x000000008a000000, 0x000000008a000000, 0x000000008a100000|  0%| F|  |TAMS 0x000000008a000000| PB 0x000000008a000000| Untracked |  0
|  45|0x000000008a100000, 0x000000008a100000, 0x000000008a200000|  0%| F|  |TAMS 0x000000008a100000| PB 0x000000008a100000| Untracked |  0
|  46|0x000000008a200000, 0x000000008a200000, 0x000000008a300000|  0%| F|  |TAMS 0x000000008a200000| PB 0x000000008a200000| Untracked |  0
|  47|0x000000008a300000, 0x000000008a300000, 0x000000008a400000|  0%| F|  |TAMS 0x000000008a300000| PB 0x000000008a300000| Untracked |  0
|  48|0x000000008a400000, 0x000000008a400000, 0x000000008a500000|  0%| F|  |TAMS 0x000000008a400000| PB 0x000000008a400000| Untracked |  0
|  49|0x000000008a500000, 0x000000008a500000, 0x000000008a600000|  0%| F|  |TAMS 0x000000008a500000| PB 0x000000008a500000| Untracked |  0
|  50|0x000000008a600000, 0x000000008a600000, 0x000000008a700000|  0%| F|  |TAMS 0x000000008a600000| PB 0x000000008a600000| Untracked |  0
|  51|0x000000008a700000, 0x000000008a700000, 0x000000008a800000|  0%| F|  |TAMS 0x000000008a700000| PB 0x000000008a700000| Untracked |  0
|  52|0x000000008a800000, 0x000000008a800000, 0x000000008a900000|  0%| F|  |TAMS 0x000000008a800000| PB 0x000000008a800000| Untracked |  0
|  53|0x000000008a900000, 0x000000008a900000, 0x000000008aa00000|  0%| F|  |TAMS 0x000000008a900000| PB 0x000000008a900000| Untracked |  0
|  54|0x000000008aa00000, 0x000000008aa00000, 0x000000008ab00000|  0%| F|  |TAMS 0x000000008aa00000| PB 0x000000008aa00000| Untracked |  0
|  55|0x000000008ab00000, 0x000000008ab00000, 0x000000008ac00000|  0%| F|  |TAMS 0x000000008ab00000| PB 0x000000008ab00000| Untracked |  0
|  56|0x000000008ac00000, 0x000000008ac00000, 0x000000008ad00000|  0%| F|  |TAMS 0x000000008ac00000| PB 0x000000008ac00000| Untracked |  0
|  57|0x000000008ad00000, 0x000000008ad00000, 0x000000008ae00000|  0%| F|  |TAMS 0x000000008ad00000| PB 0x000000008ad00000| Untracked |  0
|  58|0x000000008ae00000, 0x000000008ae00000, 0x000000008af00000|  0%| F|  |TAMS 0x000000008ae00000| PB 0x000000008ae00000| Untracked |  0
|  59|0x000000008af00000, 0x000000008af00000, 0x000000008b000000|  0%| F|  |TAMS 0x000000008af00000| PB 0x000000008af00000| Untracked |  0
|  60|0x000000008b000000, 0x000000008b000000, 0x000000008b100000|  0%| F|  |TAMS 0x000000008b000000| PB 0x000000008b000000| Untracked |  0
|  61|0x000000008b100000, 0x000000008b100000, 0x000000008b200000|  0%| F|  |TAMS 0x000000008b100000| PB 0x000000008b100000| Untracked |  0
|  62|0x000000008b200000, 0x000000008b300000, 0x000000008b300000|100%| S|CS|TAMS 0x000000008b200000| PB 0x000000008b200000| Complete |  0
|  63|0x000000008b300000, 0x000000008b400000, 0x000000008b400000|100%| S|CS|TAMS 0x000000008b300000| PB 0x000000008b300000| Complete |  0
|  64|0x000000008b400000, 0x000000008b500000, 0x000000008b500000|100%| S|CS|TAMS 0x000000008b400000| PB 0x000000008b400000| Complete |  0
|  65|0x000000008b500000, 0x000000008b500000, 0x000000008b600000|  0%| F|  |TAMS 0x000000008b500000| PB 0x000000008b500000| Untracked |  0
|  66|0x000000008b600000, 0x000000008b600000, 0x000000008b700000|  0%| F|  |TAMS 0x000000008b600000| PB 0x000000008b600000| Untracked |  0
|  67|0x000000008b700000, 0x000000008b700000, 0x000000008b800000|  0%| F|  |TAMS 0x000000008b700000| PB 0x000000008b700000| Untracked |  0
|  68|0x000000008b800000, 0x000000008b800000, 0x000000008b900000|  0%| F|  |TAMS 0x000000008b800000| PB 0x000000008b800000| Untracked |  0
|  69|0x000000008b900000, 0x000000008b900000, 0x000000008ba00000|  0%| F|  |TAMS 0x000000008b900000| PB 0x000000008b900000| Untracked |  0
|  70|0x000000008ba00000, 0x000000008ba00000, 0x000000008bb00000|  0%| F|  |TAMS 0x000000008ba00000| PB 0x000000008ba00000| Untracked |  0
|  71|0x000000008bb00000, 0x000000008bb00000, 0x000000008bc00000|  0%| F|  |TAMS 0x000000008bb00000| PB 0x000000008bb00000| Untracked |  0
|  72|0x000000008bc00000, 0x000000008bc00000, 0x000000008bd00000|  0%| F|  |TAMS 0x000000008bc00000| PB 0x000000008bc00000| Untracked |  0
|  73|0x000000008bd00000, 0x000000008bd00000, 0x000000008be00000|  0%| F|  |TAMS 0x000000008bd00000| PB 0x000000008bd00000| Untracked |  0
|  74|0x000000008be00000, 0x000000008be00000, 0x000000008bf00000|  0%| F|  |TAMS 0x000000008be00000| PB 0x000000008be00000| Untracked |  0
|  75|0x000000008bf00000, 0x000000008bf00000, 0x000000008c000000|  0%| F|  |TAMS 0x000000008bf00000| PB 0x000000008bf00000| Untracked |  0
|  76|0x000000008c000000, 0x000000008c000000, 0x000000008c100000|  0%| F|  |TAMS 0x000000008c000000| PB 0x000000008c000000| Untracked |  0
|  77|0x000000008c100000, 0x000000008c100000, 0x000000008c200000|  0%| F|  |TAMS 0x000000008c100000| PB 0x000000008c100000| Untracked |  0
|  78|0x000000008c200000, 0x000000008c200000, 0x000000008c300000|  0%| F|  |TAMS 0x000000008c200000| PB 0x000000008c200000| Untracked |  0
|  79|0x000000008c300000, 0x000000008c300000, 0x000000008c400000|  0%| F|  |TAMS 0x000000008c300000| PB 0x000000008c300000| Untracked |  0
|  80|0x000000008c400000, 0x000000008c400000, 0x000000008c500000|  0%| F|  |TAMS 0x000000008c400000| PB 0x000000008c400000| Untracked |  0
|  81|0x000000008c500000, 0x000000008c500000, 0x000000008c600000|  0%| F|  |TAMS 0x000000008c500000| PB 0x000000008c500000| Untracked |  0
|  82|0x000000008c600000, 0x000000008c600000, 0x000000008c700000|  0%| F|  |TAMS 0x000000008c600000| PB 0x000000008c600000| Untracked |  0
|  83|0x000000008c700000, 0x000000008c700000, 0x000000008c800000|  0%| F|  |TAMS 0x000000008c700000| PB 0x000000008c700000| Untracked |  0
|  84|0x000000008c800000, 0x000000008c800000, 0x000000008c900000|  0%| F|  |TAMS 0x000000008c800000| PB 0x000000008c800000| Untracked |  0
|  85|0x000000008c900000, 0x000000008c900000, 0x000000008ca00000|  0%| F|  |TAMS 0x000000008c900000| PB 0x000000008c900000| Untracked |  0
|  86|0x000000008ca00000, 0x000000008ca00000, 0x000000008cb00000|  0%| F|  |TAMS 0x000000008ca00000| PB 0x000000008ca00000| Untracked |  0
|  87|0x000000008cb00000, 0x000000008cb00000, 0x000000008cc00000|  0%| F|  |TAMS 0x000000008cb00000| PB 0x000000008cb00000| Untracked |  0
|  88|0x000000008cc00000, 0x000000008cc00000, 0x000000008cd00000|  0%| F|  |TAMS 0x000000008cc00000| PB 0x000000008cc00000| Untracked |  0
|  89|0x000000008cd00000, 0x000000008cd00000, 0x000000008ce00000|  0%| F|  |TAMS 0x000000008cd00000| PB 0x000000008cd00000| Untracked |  0
|  90|0x000000008ce00000, 0x000000008ce00000, 0x000000008cf00000|  0%| F|  |TAMS 0x000000008ce00000| PB 0x000000008ce00000| Untracked |  0
|  91|0x000000008cf00000, 0x000000008cf00000, 0x000000008d000000|  0%| F|  |TAMS 0x000000008cf00000| PB 0x000000008cf00000| Untracked |  0
|  92|0x000000008d000000, 0x000000008d000000, 0x000000008d100000|  0%| F|  |TAMS 0x000000008d000000| PB 0x000000008d000000| Untracked |  0
|  93|0x000000008d100000, 0x000000008d100000, 0x000000008d200000|  0%| F|  |TAMS 0x000000008d100000| PB 0x000000008d100000| Untracked |  0
|  94|0x000000008d200000, 0x000000008d200000, 0x000000008d300000|  0%| F|  |TAMS 0x000000008d200000| PB 0x000000008d200000| Untracked |  0
|  95|0x000000008d300000, 0x000000008d300000, 0x000000008d400000|  0%| F|  |TAMS 0x000000008d300000| PB 0x000000008d300000| Untracked |  0
|  96|0x000000008d400000, 0x000000008d400000, 0x000000008d500000|  0%| F|  |TAMS 0x000000008d400000| PB 0x000000008d400000| Untracked |  0
|  97|0x000000008d500000, 0x000000008d500000, 0x000000008d600000|  0%| F|  |TAMS 0x000000008d500000| PB 0x000000008d500000| Untracked |  0
|  98|0x000000008d600000, 0x000000008d600000, 0x000000008d700000|  0%| F|  |TAMS 0x000000008d600000| PB 0x000000008d600000| Untracked |  0
|  99|0x000000008d700000, 0x000000008d700000, 0x000000008d800000|  0%| F|  |TAMS 0x000000008d700000| PB 0x000000008d700000| Untracked |  0
| 100|0x000000008d800000, 0x000000008d900000, 0x000000008d900000|100%| E|  |TAMS 0x000000008d800000| PB 0x000000008d800000| Complete |  0
| 101|0x000000008d900000, 0x000000008da00000, 0x000000008da00000|100%| E|CS|TAMS 0x000000008d900000| PB 0x000000008d900000| Complete |  0
| 102|0x000000008da00000, 0x000000008db00000, 0x000000008db00000|100%| E|CS|TAMS 0x000000008da00000| PB 0x000000008da00000| Complete |  0
| 103|0x000000008db00000, 0x000000008dc00000, 0x000000008dc00000|100%| E|CS|TAMS 0x000000008db00000| PB 0x000000008db00000| Complete |  0
| 104|0x000000008dc00000, 0x000000008dd00000, 0x000000008dd00000|100%| E|CS|TAMS 0x000000008dc00000| PB 0x000000008dc00000| Complete |  0
| 105|0x000000008dd00000, 0x000000008de00000, 0x000000008de00000|100%| E|CS|TAMS 0x000000008dd00000| PB 0x000000008dd00000| Complete |  0
| 106|0x000000008de00000, 0x000000008df00000, 0x000000008df00000|100%| E|CS|TAMS 0x000000008de00000| PB 0x000000008de00000| Complete |  0
| 107|0x000000008df00000, 0x000000008e000000, 0x000000008e000000|100%| E|CS|TAMS 0x000000008df00000| PB 0x000000008df00000| Complete |  0
| 108|0x000000008e000000, 0x000000008e100000, 0x000000008e100000|100%| E|CS|TAMS 0x000000008e000000| PB 0x000000008e000000| Complete |  0
| 109|0x000000008e100000, 0x000000008e200000, 0x000000008e200000|100%| E|CS|TAMS 0x000000008e100000| PB 0x000000008e100000| Complete |  0
| 110|0x000000008e200000, 0x000000008e300000, 0x000000008e300000|100%| E|CS|TAMS 0x000000008e200000| PB 0x000000008e200000| Complete |  0
| 111|0x000000008e300000, 0x000000008e400000, 0x000000008e400000|100%| E|CS|TAMS 0x000000008e300000| PB 0x000000008e300000| Complete |  0
| 112|0x000000008e400000, 0x000000008e500000, 0x000000008e500000|100%| E|CS|TAMS 0x000000008e400000| PB 0x000000008e400000| Complete |  0
| 113|0x000000008e500000, 0x000000008e600000, 0x000000008e600000|100%| E|CS|TAMS 0x000000008e500000| PB 0x000000008e500000| Complete |  0
| 114|0x000000008e600000, 0x000000008e700000, 0x000000008e700000|100%| E|CS|TAMS 0x000000008e600000| PB 0x000000008e600000| Complete |  0
| 115|0x000000008e700000, 0x000000008e800000, 0x000000008e800000|100%| E|CS|TAMS 0x000000008e700000| PB 0x000000008e700000| Complete |  0
| 116|0x000000008e800000, 0x000000008e900000, 0x000000008e900000|100%| E|CS|TAMS 0x000000008e800000| PB 0x000000008e800000| Complete |  0
| 117|0x000000008e900000, 0x000000008ea00000, 0x000000008ea00000|100%| E|CS|TAMS 0x000000008e900000| PB 0x000000008e900000| Complete |  0
| 118|0x000000008ea00000, 0x000000008eb00000, 0x000000008eb00000|100%| E|CS|TAMS 0x000000008ea00000| PB 0x000000008ea00000| Complete |  0
| 119|0x000000008eb00000, 0x000000008ec00000, 0x000000008ec00000|100%| E|CS|TAMS 0x000000008eb00000| PB 0x000000008eb00000| Complete |  0
| 120|0x000000008ec00000, 0x000000008ed00000, 0x000000008ed00000|100%| E|CS|TAMS 0x000000008ec00000| PB 0x000000008ec00000| Complete |  0
| 121|0x000000008ed00000, 0x000000008ee00000, 0x000000008ee00000|100%| E|CS|TAMS 0x000000008ed00000| PB 0x000000008ed00000| Complete |  0
|1930|0x00000000ffe00000, 0x00000000fff00000, 0x00000000fff00000|100%| O|  |TAMS 0x00000000ffe00000| PB 0x00000000ffe00000| Untracked |  0
|1931|0x00000000fff00000, 0x00000000fff21de0, 0x0000000100000000| 13%| O|  |TAMS 0x00000000fff00000| PB 0x00000000fff00000| Untracked |  0

Card table byte_map: [0x0000798bd0796000,0x0000798bd0b5c000] _byte_map_base: 0x0000798bd035c000

Marking Bits: (CMBitMap*) 0x0000798bcc086eb0
 Bits: [0x0000798bb27d0000, 0x0000798bb4600000)

Polling page: 0x0000798bd34a7000

Metaspace:
Metaspace        used 7997K, committed 8256K, reserved 1114112K
 class space     used 547K, committed 640K, reserved 1048576K

Usage:
  Non-class:      7,28 MB used.
      Class:    547,66 KB used.
       Both:      7,81 MB used.

Virtual space:
  Non-class space:       64,00 MB reserved,       7,44 MB ( 12%) committed,  1 nodes.
      Class space:        1,00 GB reserved,     640,00 KB ( <1%) committed,  1 nodes.
             Both:        1,06 GB reserved,       8,06 MB ( <1%) committed. 

Chunk freelists:
   Non-Class:  8,42 MB
       Class:  15,40 MB
        Both:  23,82 MB

MaxMetaspaceSize: unlimited
CompressedClassSpaceSize: 1,00 GB
Initial GC threshold: 21,00 MB
Current GC threshold: 21,00 MB
CDS: on
 - commit_granule_bytes: 65536.
 - commit_granule_words: 8192.
 - virtual_space_node_default_size: 8388608.
 - enlarge_chunks_in_place: 1.
UseCompressedClassPointers 1, UseCompactObjectHeaders 0
Narrow klass pointer bits 32, Max shift 3
Narrow klass base: 0x000000000f000000, Narrow klass shift: 0
Encoding Range: [0x000000000f000000 - 0x000000010f000000), (4294967296 bytes)
Klass Range:    [0x000000000f001000 - 0x0000000050000000), (1090514944 bytes)
Klass ID Range:  [4096 - 1090519033) (1090514937)
Protection zone: [0x000000000f000000 - 0x000000000f001000), (4096 bytes)


Internal statistics:

num_allocs_failed_limit: 0.
num_arena_births: 184.
num_arena_deaths: 0.
num_vsnodes_births: 2.
num_vsnodes_deaths: 0.
num_space_committed: 129.
num_space_uncommitted: 0.
num_chunks_returned_to_freelist: 0.
num_chunks_taken_from_freelist: 409.
num_chunk_merges: 0.
num_chunk_splits: 269.
num_chunks_enlarged: 160.
num_inconsistent_stats: 0.

CodeHeap 'non-profiled nmethods': size=120032Kb used=795Kb max_used=795Kb free=119236Kb
 bounds [0x0000798bbc0c8000, 0x0000798bbc338000, 0x0000798bc3600000]
CodeHeap 'profiled nmethods': size=120028Kb used=3176Kb max_used=3176Kb free=116851Kb
 bounds [0x0000798bb4600000, 0x0000798bb4920000, 0x0000798bbbb37000]
CodeHeap 'non-nmethods': size=5700Kb used=2464Kb max_used=2551Kb free=3235Kb
 bounds [0x0000798bbbb37000, 0x0000798bbbdc7000, 0x0000798bbc0c8000]
CodeCache: size=245760Kb, used=6435Kb, max_used=6522Kb, free=239322Kb
 total_blobs=3517, nmethods=2361, adapters=1061, full_count=0
Compilation: enabled, stopped_count=0, restarted_count=0

Compilation events (20 events):
Event: 226,533 Thread 0x0000798bcc122640 2352       3       org.lwjgl.system.MemoryUtil::memSet (92 bytes)
Event: 226,533 Thread 0x0000798bcc122640 nmethod 2352 0x0000798bb4916388 code [0x0000798bb4916480, 0x0000798bb4916668]
Event: 233,534 Thread 0x0000798bcc122640 2353       3       org.lwjgl.openal.ALC10::nalcGetString (14 bytes)
Event: 233,535 Thread 0x0000798bcc122640 nmethod 2353 0x0000798bb4916688 code [0x0000798bb4916780, 0x0000798bb4916c70]
Event: 233,535 Thread 0x0000798bcc122640 2354       3       org.lwjgl.system.MultiReleaseTextDecoding::decodeUTF8 (56 bytes)
Event: 233,535 Thread 0x0000798bcc122640 nmethod 2354 0x0000798bb4916c88 code [0x0000798bb4916d80, 0x0000798bb4917708]
Event: 254,538 Thread 0x0000798bcc122640 2355       3       java.util.ArrayList::toArray (57 bytes)
Event: 254,539 Thread 0x0000798bcc122640 nmethod 2355 0x0000798bb4917788 code [0x0000798bb4917880, 0x0000798bb4917df8]
Event: 255,539 Thread 0x0000798bcc122640 2356   !   3       org.lwjgl.openal.ALC10::alcGetInteger (56 bytes)
Event: 255,558 Thread 0x0000798bcc122640 nmethod 2356 0x0000798bb4917e08 code [0x0000798bb4917f00, 0x0000798bb4918dd8]
Event: 255,558 Thread 0x0000798bcc122640 2357       3       org.lwjgl.openal.ALC10::nalcGetIntegerv (19 bytes)
Event: 255,558 Thread 0x0000798bcc122640 nmethod 2357 0x0000798bb4918e08 code [0x0000798bb4918f00, 0x0000798bb4919418]
Event: 255,558 Thread 0x0000798bcc122640 2358       3       com.badlogic.gdx.backends.lwjgl3.audio.OpenALLwjgl3Audio::getAvailableOutputDevices (31 bytes)
Event: 255,571 Thread 0x0000798bcc122640 nmethod 2358 0x0000798bb4919488 code [0x0000798bb4919580, 0x0000798bb49199c8]
Event: 258,539 Thread 0x0000798bcc122640 2359       3       java.lang.reflect.Array::newInstance (6 bytes)
Event: 258,539 Thread 0x0000798bcc122640 nmethod 2359 0x0000798bb4919a08 code [0x0000798bb4919b00, 0x0000798bb4919c10]
Event: 272,455 Thread 0x0000798bcc122640 2360       3       java.lang.StringBuilder::append (9 bytes)
Event: 272,457 Thread 0x0000798bcc122640 nmethod 2360 0x0000798bb4919d08 code [0x0000798bb4919e00, 0x0000798bb491a198]
Event: 272,470 Thread 0x0000798bcc120c50 2361   !   4       java.lang.ref.ReferenceQueue::poll (44 bytes)
Event: 272,475 Thread 0x0000798bcc120c50 nmethod 2361 0x0000798bbc18e908 code [0x0000798bbc18ea00, 0x0000798bbc18ecc0]

GC Heap Usage History (4 events):
Event: 33,854 {heap Before GC invocations=0 (full 0):
 garbage-first heap   total reserved 1978368K, committed 126976K, used 49287K [0x0000000087400000, 0x0000000100000000)
  region size 1024K, 47 young (48128K), 0 survivors (0K)
}
Event: 33,860 {heap After GC invocations=1 (full 0):
 garbage-first heap   total reserved 1978368K, committed 126976K, used 4103K [0x0000000087400000, 0x0000000100000000)
  region size 1024K, 3 young (3072K), 3 survivors (3072K)
}
Event: 206,078 {heap Before GC invocations=1 (full 0):
 garbage-first heap   total reserved 1978368K, committed 126976K, used 59399K [0x0000000087400000, 0x0000000100000000)
  region size 1024K, 57 young (58368K), 3 survivors (3072K)
}
Event: 206,085 {heap After GC invocations=2 (full 0):
 garbage-first heap   total reserved 1978368K, committed 126976K, used 4231K [0x0000000087400000, 0x0000000100000000)
  region size 1024K, 3 young (3072K), 3 survivors (3072K)
}

Metaspace Usage History (4 events):
Event: 33,854 {metaspace Before GC invocations=0 (full 0):
 Metaspace       used 7951K, committed 8128K, reserved 1114112K
  class space    used 543K, committed 640K, reserved 1048576K
}
Event: 33,860 {metaspace After GC invocations=1 (full 0):
 Metaspace       used 7951K, committed 8128K, reserved 1114112K
  class space    used 543K, committed 640K, reserved 1048576K
}
Event: 206,078 {metaspace Before GC invocations=1 (full 0):
 Metaspace       used 7959K, committed 8192K, reserved 1114112K
  class space    used 543K, committed 640K, reserved 1048576K
}
Event: 206,085 {metaspace After GC invocations=2 (full 0):
 Metaspace       used 7959K, committed 8192K, reserved 1114112K
  class space    used 543K, committed 640K, reserved 1048576K
}

Dll operation events (13 events):
Event: 0,002 Loaded shared library /opt/jdk-25/lib/libjava.so
Event: 0,018 Loaded shared library /opt/jdk-25/lib/libsimdsort.so
Event: 0,031 Loaded shared library /opt/jdk-25/lib/libnio.so
Event: 0,035 Loaded shared library /opt/jdk-25/lib/libzip.so
Event: 0,102 Loaded shared library /opt/jdk-25/lib/libjimage.so
Event: 0,109 Loaded shared library /tmp/libgdxabdenours/da3a4817/libgdx64.so
Event: 0,146 Loaded shared library /opt/jdk-25/lib/libnet.so
Event: 0,151 Loaded shared library /tmp/lwjgl_abdenours/3.3.3+5/x64/liblwjgl.so
Event: 0,345 Loaded shared library /tmp/libgdxabdenours/7f47ef07a3b30ad5/libEGL.so
Event: 0,348 Loaded shared library /tmp/libgdxabdenours/7f47ef07a3b30ad5/libGLESv2.so
Event: 0,537 Loaded shared library /tmp/lwjgl_abdenours/3.3.3+5/x64/liblwjgl_opengles.so
Event: 0,759 Loaded shared library /opt/jdk-25/lib/libawt.so
Event: 0,760 Loaded shared library /opt/jdk-25/lib/libawt_xawt.so

Deoptimization events (20 events):
Event: 90,392 Thread 0x0000798bcc02d9f0 Uncommon trap: trap_request=0xffffff45 fr.pc=0x0000798bbc16652c relative=0x00000000000000ac
Event: 90,392 Thread 0x0000798bcc02d9f0 Uncommon trap: reason=unstable_if action=reinterpret pc=0x0000798bbc16652c method=java.lang.ref.SoftReference.get()Ljava/lang/Object; @ 17 c2
Event: 90,392 Thread 0x0000798bcc02d9f0 DEOPT PACKING pc=0x0000798bbc16652c sp=0x0000798bd19fbf50
Event: 90,392 Thread 0x0000798bcc02d9f0 DEOPT UNPACKING pc=0x0000798bbbc67679 sp=0x0000798bd19fbf00 mode 2
Event: 157,515 Thread 0x0000798bcc970490 Uncommon trap: trap_request=0xffffffcc fr.pc=0x0000798bbc18e4ac relative=0x00000000000003ac
Event: 157,515 Thread 0x0000798bcc970490 Uncommon trap: reason=intrinsic_or_type_checked_inlining action=make_not_entrant pc=0x0000798bbc18e4ac method=java.util.Arrays.copyOf([Ljava/lang/Object;ILjava/lang/Class;)[Ljava/lang/Object; @ 35 c2
Event: 157,515 Thread 0x0000798bcc970490 DEOPT PACKING pc=0x0000798bbc18e4ac sp=0x0000798b986ad7c0
Event: 157,515 Thread 0x0000798bcc970490 DEOPT UNPACKING pc=0x0000798bbbc67679 sp=0x0000798b986ad768 mode 2
Event: 272,434 Thread 0x0000798bcc02d9f0 Uncommon trap: trap_request=0xffffff95 fr.pc=0x0000798bbc13f660 relative=0x0000000000000b60
Event: 272,434 Thread 0x0000798bcc02d9f0 Uncommon trap: reason=unreached action=reinterpret pc=0x0000798bbc13f660 method=java.lang.System$Out.write([BII)V @ 20 c2
Event: 272,434 Thread 0x0000798bcc02d9f0 DEOPT PACKING pc=0x0000798bbc13f660 sp=0x0000798bd19fe530
Event: 272,434 Thread 0x0000798bcc02d9f0 DEOPT UNPACKING pc=0x0000798bbbc67679 sp=0x0000798bd19fe330 mode 2
Event: 272,475 Thread 0x0000798bcc02d9f0 Uncommon trap: trap_request=0xffffff95 fr.pc=0x0000798bbc156694 relative=0x0000000000001714
Event: 272,475 Thread 0x0000798bcc02d9f0 Uncommon trap: reason=unreached action=reinterpret pc=0x0000798bbc156694 method=java.lang.System$Out.write([BII)V @ 20 c2
Event: 272,475 Thread 0x0000798bcc02d9f0 DEOPT PACKING pc=0x0000798bbc156694 sp=0x0000798bd19fe5b0
Event: 272,475 Thread 0x0000798bcc02d9f0 DEOPT UNPACKING pc=0x0000798bbbc67679 sp=0x0000798bd19fe3d0 mode 2
Event: 272,475 Thread 0x0000798bcc02d9f0 Uncommon trap: trap_request=0xffffff95 fr.pc=0x0000798bbc136eb4 relative=0x0000000000000334
Event: 272,475 Thread 0x0000798bcc02d9f0 Uncommon trap: reason=unreached action=reinterpret pc=0x0000798bbc136eb4 method=java.lang.System$Out.write([BII)V @ 20 c2
Event: 272,475 Thread 0x0000798bcc02d9f0 DEOPT PACKING pc=0x0000798bbc136eb4 sp=0x0000798bd19fe320
Event: 272,475 Thread 0x0000798bcc02d9f0 DEOPT UNPACKING pc=0x0000798bbbc67679 sp=0x0000798bd19fe200 mode 2

Classes loaded (20 events):
Event: 0,883 Loading class java/util/Collections$ReverseComparator
Event: 0,883 Loading class java/util/Collections$ReverseComparator done
Event: 0,883 Loading class java/util/Comparators$NaturalOrderComparator
Event: 0,883 Loading class java/util/Comparators$NaturalOrderComparator done
Event: 0,883 Loading class java/util/Collections$ReverseComparator2
Event: 0,883 Loading class java/util/Collections$ReverseComparator2 done
Event: 272,430 Loading class jdk/internal/misc/Signal$1
Event: 272,435 Loading class java/io/InterruptedIOException
Event: 272,455 Loading class jdk/internal/misc/Signal$1 done
Event: 272,466 Loading class jdk/internal/logger/SurrogateLogger
Event: 272,467 Loading class jdk/internal/logger/SimpleConsoleLogger
Event: 272,468 Loading class sun/util/logging/PlatformLogger$ConfigurableBridge$LoggerConfiguration
Event: 272,469 Loading class sun/util/logging/PlatformLogger$ConfigurableBridge$LoggerConfiguration done
Event: 272,470 Loading class jdk/internal/logger/SimpleConsoleLogger done
Event: 272,470 Loading class jdk/internal/logger/SurrogateLogger done
Event: 272,475 Loading class java/util/WeakHashMap$KeyIterator
Event: 272,475 Loading class java/io/InterruptedIOException done
Event: 272,476 Loading class java/util/WeakHashMap$HashIterator
Event: 272,477 Loading class java/util/WeakHashMap$HashIterator done
Event: 272,477 Loading class java/util/WeakHashMap$KeyIterator done

Classes unloaded (0 events):
No events

Classes redefined (0 events):
No events

Internal exceptions (20 events):
Event: 272,479 Thread 0x0000798bcc02d9f0 Exception <a 'java/io/IOException'{0x000000008d9db3b8}> (0x000000008d9db3b8) 
thrown [open/src/hotspot/share/prims/jni.cpp, line 516]
Event: 272,479 Thread 0x0000798bcc02d9f0 Exception <a 'java/io/IOException'{0x000000008d9db6c8}> (0x000000008d9db6c8) 
thrown [open/src/hotspot/share/prims/jni.cpp, line 516]
Event: 272,479 Thread 0x0000798bcc02d9f0 Exception <a 'java/io/IOException'{0x000000008d9dbad8}> (0x000000008d9dbad8) 
thrown [open/src/hotspot/share/prims/jni.cpp, line 516]
Event: 272,479 Thread 0x0000798bcc02d9f0 Exception <a 'java/io/IOException'{0x000000008d9dbde8}> (0x000000008d9dbde8) 
thrown [open/src/hotspot/share/prims/jni.cpp, line 516]
Event: 272,479 Thread 0x0000798bcc02d9f0 Exception <a 'java/io/IOException'{0x000000008d9dc300}> (0x000000008d9dc300) 
thrown [open/src/hotspot/share/prims/jni.cpp, line 516]
Event: 272,479 Thread 0x0000798bcc02d9f0 Exception <a 'java/io/IOException'{0x000000008d9dc610}> (0x000000008d9dc610) 
thrown [open/src/hotspot/share/prims/jni.cpp, line 516]
Event: 272,479 Thread 0x0000798bcc02d9f0 Exception <a 'java/io/IOException'{0x000000008d9dc9c8}> (0x000000008d9dc9c8) 
thrown [open/src/hotspot/share/prims/jni.cpp, line 516]
Event: 272,480 Thread 0x0000798bcc02d9f0 Exception <a 'java/io/IOException'{0x000000008d9dccd8}> (0x000000008d9dccd8) 
thrown [open/src/hotspot/share/prims/jni.cpp, line 516]
Event: 272,480 Thread 0x0000798bcc02d9f0 Exception <a 'java/io/IOException'{0x000000008d9dd088}> (0x000000008d9dd088) 
thrown [open/src/hotspot/share/prims/jni.cpp, line 516]
Event: 272,480 Thread 0x0000798bcc02d9f0 Exception <a 'java/io/IOException'{0x000000008d9dd398}> (0x000000008d9dd398) 
thrown [open/src/hotspot/share/prims/jni.cpp, line 516]
Event: 272,480 Thread 0x0000798bcc02d9f0 Exception <a 'java/io/IOException'{0x000000008d9dd7a0}> (0x000000008d9dd7a0) 
thrown [open/src/hotspot/share/prims/jni.cpp, line 516]
Event: 272,480 Thread 0x0000798bcc02d9f0 Exception <a 'java/io/IOException'{0x000000008d9ddab0}> (0x000000008d9ddab0) 
thrown [open/src/hotspot/share/prims/jni.cpp, line 516]
Event: 272,480 Thread 0x0000798bcc02d9f0 Exception <a 'java/io/IOException'{0x000000008d9ddf98}> (0x000000008d9ddf98) 
thrown [open/src/hotspot/share/prims/jni.cpp, line 516]
Event: 272,480 Thread 0x0000798bcc02d9f0 Exception <a 'java/io/IOException'{0x000000008d9de2a8}> (0x000000008d9de2a8) 
thrown [open/src/hotspot/share/prims/jni.cpp, line 516]
Event: 272,480 Thread 0x0000798bcc02d9f0 Exception <a 'java/io/IOException'{0x000000008d9de660}> (0x000000008d9de660) 
thrown [open/src/hotspot/share/prims/jni.cpp, line 516]
Event: 272,480 Thread 0x0000798bcc02d9f0 Exception <a 'java/io/IOException'{0x000000008d9de970}> (0x000000008d9de970) 
thrown [open/src/hotspot/share/prims/jni.cpp, line 516]
Event: 272,480 Thread 0x0000798bcc02d9f0 Exception <a 'java/io/IOException'{0x000000008d9ded20}> (0x000000008d9ded20) 
thrown [open/src/hotspot/share/prims/jni.cpp, line 516]
Event: 272,480 Thread 0x0000798bcc02d9f0 Exception <a 'java/io/IOException'{0x000000008d9df030}> (0x000000008d9df030) 
thrown [open/src/hotspot/share/prims/jni.cpp, line 516]
Event: 272,480 Thread 0x0000798bcc02d9f0 Exception <a 'java/io/IOException'{0x000000008d9df438}> (0x000000008d9df438) 
thrown [open/src/hotspot/share/prims/jni.cpp, line 516]
Event: 272,480 Thread 0x0000798bcc02d9f0 Exception <a 'java/io/IOException'{0x000000008d9df748}> (0x000000008d9df748) 
thrown [open/src/hotspot/share/prims/jni.cpp, line 516]

VM Operations (20 events):
Event: 33,860 Executing safepoint VM operation: G1CollectForAllocation (G1 Evacuation Pause) done
Event: 60,047 Executing non-safepoint VM operation: HandshakeAllThreads (HandshakeForDeflation)
Event: 60,047 Executing non-safepoint VM operation: HandshakeAllThreads (HandshakeForDeflation) done
Event: 60,047 Executing non-safepoint VM operation: RendezvousGCThreads
Event: 60,047 Executing non-safepoint VM operation: RendezvousGCThreads done
Event: 120,083 Executing non-safepoint VM operation: HandshakeAllThreads (HandshakeForDeflation)
Event: 120,083 Executing non-safepoint VM operation: HandshakeAllThreads (HandshakeForDeflation) done
Event: 120,084 Executing non-safepoint VM operation: RendezvousGCThreads
Event: 120,084 Executing non-safepoint VM operation: RendezvousGCThreads done
Event: 180,113 Executing non-safepoint VM operation: HandshakeAllThreads (HandshakeForDeflation)
Event: 180,113 Executing non-safepoint VM operation: HandshakeAllThreads (HandshakeForDeflation) done
Event: 180,113 Executing non-safepoint VM operation: RendezvousGCThreads
Event: 180,113 Executing non-safepoint VM operation: RendezvousGCThreads done
Event: 206,078 Executing safepoint VM operation: G1CollectForAllocation (G1 Evacuation Pause)
Event: 206,085 Executing safepoint VM operation: G1CollectForAllocation (G1 Evacuation Pause) done
Event: 240,140 Executing non-safepoint VM operation: HandshakeAllThreads (HandshakeForDeflation)
Event: 240,140 Executing non-safepoint VM operation: HandshakeAllThreads (HandshakeForDeflation) done
Event: 240,140 Executing non-safepoint VM operation: RendezvousGCThreads
Event: 240,140 Executing non-safepoint VM operation: RendezvousGCThreads done
Event: 272,482 Executing safepoint VM operation: Exit

Memory protections (15 events):
Event: 0,001 Protecting memory [0x0000798bd1900000,0x0000798bd1904000] with protection modes 0
Event: 0,007 Protecting memory [0x000000000f000000,0x000000000f001000] with protection modes 0
Event: 0,016 Protecting memory [0x0000798b9bdff000,0x0000798b9be03000] with protection modes 0
Event: 0,016 Protecting memory [0x0000798b9bcfe000,0x0000798b9bd02000] with protection modes 0
Event: 0,016 Protecting memory [0x0000798b9b900000,0x0000798b9b904000] with protection modes 0
Event: 0,016 Protecting memory [0x0000798b9b7ff000,0x0000798b9b803000] with protection modes 0
Event: 0,016 Protecting memory [0x0000798b9b6fe000,0x0000798b9b702000] with protection modes 0
Event: 0,016 Protecting memory [0x0000798b9b5fd000,0x0000798b9b601000] with protection modes 0
Event: 0,016 Protecting memory [0x0000798b9b4fc000,0x0000798b9b500000] with protection modes 0
Event: 0,027 Protecting memory [0x0000798b9b3fb000,0x0000798b9b3ff000] with protection modes 0
Event: 0,029 Protecting memory [0x0000798b9b2fa000,0x0000798b9b2fe000] with protection modes 0
Event: 0,420 Protecting memory [0x0000798b985af000,0x0000798b985b3000] with protection modes 0
Event: 0,774 Protecting memory [0x0000798b500fd000,0x0000798b50101000] with protection modes 0
Event: 272,465 Protecting memory [0x0000798b340fe000,0x0000798b34102000] with protection modes 0
Event: 272,475 Protecting memory [0x0000798b17d00000,0x0000798b17d04000] with protection modes 0

Nmethod flushes (0 events):
No events

Events (17 events):
Event: 0,009 Thread 0x0000798bcc02d9f0 Thread added: 0x0000798bcc02d9f0
Event: 0,016 Thread 0x0000798bcc02d9f0 Thread added: 0x0000798bcc119070
Event: 0,016 Thread 0x0000798bcc02d9f0 Thread added: 0x0000798bcc11a260
Event: 0,016 Thread 0x0000798bcc02d9f0 Thread added: 0x0000798bcc11bcb0
Event: 0,016 Thread 0x0000798bcc02d9f0 Thread added: 0x0000798bcc11d5d0
Event: 0,016 Thread 0x0000798bcc02d9f0 Thread added: 0x0000798bcc11ee50
Event: 0,016 Thread 0x0000798bcc02d9f0 Thread added: 0x0000798bcc120c50
Event: 0,016 Thread 0x0000798bcc02d9f0 Thread added: 0x0000798bcc122640
Event: 0,027 Thread 0x0000798bcc02d9f0 Thread added: 0x0000798bcc12f670
Event: 0,029 Thread 0x0000798bcc02d9f0 Thread added: 0x0000798bcc1321f0
Event: 0,420 Thread 0x0000798bcc02d9f0 Thread added: 0x0000798bcc970490
Event: 0,774 Thread 0x0000798bcc02d9f0 Thread added: 0x0000798bcd412eb0
Event: 272,465 Thread 0x0000798bcc11bcb0 Thread added: 0x0000798b7c0010a0
Event: 272,475 Thread 0x0000798b7c0010a0 Thread added: 0x0000798b10001e60
Event: 272,477 Thread 0x0000798b10001e60 Thread exited: 0x0000798b10001e60
Event: 272,477 Thread 0x0000798b7c0010a0 Before exit entered
Event: 272,482 Thread 0x0000798bcc11bcb0 Thread exited: 0x0000798bcc11bcb0


Dynamic libraries:
0f000000-0f001000 ---p 00000000 00:00 0 
0f001000-0fd92000 rw-p 00001000 00:21 4164603                            /opt/jdk-25/lib/server/classes.jsa
0fd92000-10000000 ---p 00000000 00:00 0 
10000000-10040000 rw-p 00000000 00:00 0 
10040000-100a0000 rw-p 00000000 00:00 0 
100a0000-50000000 ---p 00000000 00:00 0 
87400000-8ee00000 rw-p 00000000 00:00 0 
8ee00000-ffe00000 ---p 00000000 00:00 0 
ffe00000-fff22000 rw-p 00dc5000 00:21 4164603                            /opt/jdk-25/lib/server/classes.jsa
fff22000-100000000 rw-p 00000000 00:00 0 
5b0ea565e000-5b0ea565f000 r-xp 00000000 00:21 4164165                    /opt/jdk-25/bin/java
5b0ea5660000-5b0ea5661000 r--p 00001000 00:21 4164165                    /opt/jdk-25/bin/java
5b0ea5661000-5b0ea5662000 rw-p 00002000 00:21 4164165                    /opt/jdk-25/bin/java
5b0ed4207000-5b0ed4235000 rw-p 00000000 00:00 0                          [heap]
798b08000000-798b08021000 rw-p 00000000 00:00 0 
798b08021000-798b0c000000 ---p 00000000 00:00 0 
798b10000000-798b10021000 rw-p 00000000 00:00 0 
798b10021000-798b14000000 ---p 00000000 00:00 0 
798b17cff000-798b17d00000 ---p 00000000 00:00 0 
798b17d00000-798b17d04000 ---p 00000000 00:00 0 
798b17d04000-798b17e00000 rw-p 00000000 00:00 0 
798b17e00000-798b18000000 rw-s 109433000 00:10 1078                      anon_inode:i915.gem
798b18000000-798b18021000 rw-p 00000000 00:00 0 
798b18021000-798b1c000000 ---p 00000000 00:00 0 
798b1c000000-798b1c021000 rw-p 00000000 00:00 0 
798b1c021000-798b20000000 ---p 00000000 00:00 0 
798b20000000-798b20021000 rw-p 00000000 00:00 0 
798b20021000-798b24000000 ---p 00000000 00:00 0 
798b24000000-798b24021000 rw-p 00000000 00:00 0 
798b24021000-798b28000000 ---p 00000000 00:00 0 
798b28000000-798b28021000 rw-p 00000000 00:00 0 
798b28021000-798b2c000000 ---p 00000000 00:00 0 
798b2c000000-798b2c021000 rw-p 00000000 00:00 0 
798b2c021000-798b30000000 ---p 00000000 00:00 0 
798b30000000-798b30021000 rw-p 00000000 00:00 0 
798b30021000-798b34000000 ---p 00000000 00:00 0 
798b340fd000-798b340fe000 ---p 00000000 00:00 0 
798b340fe000-798b34102000 ---p 00000000 00:00 0 
798b34102000-798b341fe000 rw-p 00000000 00:00 0 
798b341fe000-798b341ff000 ---p 00000000 00:00 0 
798b341ff000-798b342ff000 rw-p 00000000 00:00 0 
798b342ff000-798b34300000 ---p 00000000 00:00 0 
798b34300000-798b34400000 rw-p 00000000 00:00 0 
798b34400000-798b34600000 rw-s 1077b5000 00:10 1078                      anon_inode:i915.gem
798b346ff000-798b34700000 ---p 00000000 00:00 0 
798b34700000-798b34800000 rw-p 00000000 00:00 0 
798b34800000-798b36794000 r--p 00000000 00:21 4671479                    /usr/lib/libicudata.so.78.1
798b36794000-798b36795000 r--p 01f93000 00:21 4671479                    /usr/lib/libicudata.so.78.1
798b36800000-798b36d3e000 r--p 00000000 00:21 4751803                    /usr/lib/libLLVM.so.21.1
798b36d3e000-798b3c557000 r-xp 0053e000 00:21 4751803                    /usr/lib/libLLVM.so.21.1
798b3c557000-798b3fb81000 r--p 05d57000 00:21 4751803                    /usr/lib/libLLVM.so.21.1
798b3fb81000-798b3fd8a000 r--p 09380000 00:21 4751803                    /usr/lib/libLLVM.so.21.1
798b3fd8a000-798b3fdcf000 rw-p 09589000 00:21 4751803                    /usr/lib/libLLVM.so.21.1
798b3fdcf000-798b3fe97000 rw-p 00000000 00:00 0 
798b3feff000-798b3ff00000 ---p 00000000 00:00 0 
798b3ff00000-798b40000000 rw-p 00000000 00:00 0 
798b40000000-798b40021000 rw-p 00000000 00:00 0 
798b40021000-798b44000000 ---p 00000000 00:00 0 
798b440fe000-798b440ff000 ---p 00000000 00:00 0 
798b440ff000-798b441ff000 rw-p 00000000 00:00 0 
798b441ff000-798b443ff000 rw-s 1071b5000 00:10 1078                      anon_inode:i915.gem
798b443ff000-798b44400000 ---p 00000000 00:00 0 
798b44400000-798b44c00000 rw-p 00000000 00:00 0 
798b44c00000-798b44c19000 r--p 00000000 00:21 5828478                    /usr/lib/libgallium-25.3.3-arch1.1.so
798b44c19000-798b466b2000 r-xp 00019000 00:21 5828478                    /usr/lib/libgallium-25.3.3-arch1.1.so
798b466b2000-798b476a9000 r--p 01ab2000 00:21 5828478                    /usr/lib/libgallium-25.3.3-arch1.1.so
798b476a9000-798b477c9000 r--p 02aa9000 00:21 5828478                    /usr/lib/libgallium-25.3.3-arch1.1.so
798b477c9000-798b477ea000 rw-p 02bc9000 00:21 5828478                    /usr/lib/libgallium-25.3.3-arch1.1.so
798b477ea000-798b479b5000 rw-p 00000000 00:00 0 
798b47a00000-798b47cab000 r--p 00000000 00:21 5740363                    /usr/lib/libnvidia-gpucomp.so.580.119.02
798b47cab000-798b4ad98000 r-xp 002ab000 00:21 5740363                    /usr/lib/libnvidia-gpucomp.so.580.119.02
798b4ad98000-798b4bc08000 r--p 03398000 00:21 5740363                    /usr/lib/libnvidia-gpucomp.so.580.119.02
798b4bc08000-798b4bc09000 ---p 04208000 00:21 5740363                    /usr/lib/libnvidia-gpucomp.so.580.119.02
798b4bc09000-798b4bde0000 r--p 04208000 00:21 5740363                    /usr/lib/libnvidia-gpucomp.so.580.119.02
798b4bde0000-798b4beeb000 rw-p 043df000 00:21 5740363                    /usr/lib/libnvidia-gpucomp.so.580.119.02
798b4beeb000-798b4bf8b000 rw-p 00000000 00:00 0 
798b4c000000-798b4c083000 rw-p 00000000 00:00 0 
798b4c083000-798b50000000 ---p 00000000 00:00 0 
798b5007c000-798b500fc000 rw-s 1075b5000 00:10 1078                      anon_inode:i915.gem
798b500fc000-798b500fd000 ---p 00000000 00:00 0 
798b500fd000-798b50101000 ---p 00000000 00:00 0 
798b50101000-798b501fd000 rw-p 00000000 00:00 0 
798b501fd000-798b501fe000 ---p 00000000 00:00 0 
798b501fe000-798b509fe000 rw-p 00000000 00:00 0 
798b509fe000-798b509ff000 ---p 00000000 00:00 0 
798b509ff000-798b511ff000 rw-p 00000000 00:00 0 
798b511ff000-798b51200000 ---p 00000000 00:00 0 
798b51200000-798b51a00000 rw-p 00000000 00:00 0 
798b51a00000-798b51a48000 r--p 00000000 00:21 4671494                    /usr/lib/libicuuc.so.78.1
798b51a48000-798b51b65000 r-xp 00048000 00:21 4671494                    /usr/lib/libicuuc.so.78.1
798b51b65000-798b51bf8000 r--p 00165000 00:21 4671494                    /usr/lib/libicuuc.so.78.1
798b51bf8000-798b51c0b000 r--p 001f8000 00:21 4671494                    /usr/lib/libicuuc.so.78.1
798b51c0b000-798b51c0c000 rw-p 0020b000 00:21 4671494                    /usr/lib/libicuuc.so.78.1
798b51c0c000-798b51c0e000 rw-p 00000000 00:00 0 
798b51c86000-798b51d06000 rw-s 1076f5000 00:10 1078                      anon_inode:i915.gem
798b51d06000-798b51dcf000 r-xp 00000000 00:21 4164559                    /opt/jdk-25/lib/libawt.so
798b51dcf000-798b51dd0000 r--p 000c8000 00:21 4164559                    /opt/jdk-25/lib/libawt.so
798b51dd0000-798b51ddb000 rw-p 000c9000 00:21 4164559                    /opt/jdk-25/lib/libawt.so
798b51ddb000-798b51e00000 rw-p 00000000 00:00 0 
798b51e00000-798b52042000 r--p 00000000 00:21 5740349                    /usr/lib/libnvidia-eglcore.so.580.119.02
798b52042000-798b52d06000 r-xp 00242000 00:21 5740349                    /usr/lib/libnvidia-eglcore.so.580.119.02
798b52d06000-798b53da8000 r--p 00f06000 00:21 5740349                    /usr/lib/libnvidia-eglcore.so.580.119.02
798b53da8000-798b53f20000 r--p 01fa7000 00:21 5740349                    /usr/lib/libnvidia-eglcore.so.580.119.02
798b53f20000-798b53f74000 rw-p 0211f000 00:21 5740349                    /usr/lib/libnvidia-eglcore.so.580.119.02
798b53f74000-798b53f8a000 rw-p 00000000 00:00 0 
798b53f94000-798b53ffa000 r-xp 00000000 00:21 4164561                    /opt/jdk-25/lib/libawt_xawt.so
798b53ffa000-798b53ffc000 r--p 00065000 00:21 4164561                    /opt/jdk-25/lib/libawt_xawt.so
798b53ffc000-798b53ffe000 rw-p 00067000 00:21 4164561                    /opt/jdk-25/lib/libawt_xawt.so
798b53ffe000-798b54021000 rw-p 00000000 00:00 0 
798b54021000-798b58000000 ---p 00000000 00:00 0 
798b58000000-798b5808b000 rw-p 00000000 00:00 0 
798b5808b000-798b5c000000 ---p 00000000 00:00 0 
798b5c000000-798b5c022000 rw-p 00000000 00:00 0 
798b5c022000-798b60000000 ---p 00000000 00:00 0 
798b60011000-798b60013000 r--p 00000000 00:21 1009608                    /usr/lib/libXtst.so.6.1.0
798b60013000-798b60016000 r-xp 00002000 00:21 1009608                    /usr/lib/libXtst.so.6.1.0
798b60016000-798b60017000 r--p 00005000 00:21 1009608                    /usr/lib/libXtst.so.6.1.0
798b60017000-798b60018000 r--p 00005000 00:21 1009608                    /usr/lib/libXtst.so.6.1.0
798b60018000-798b60019000 rw-p 00006000 00:21 1009608                    /usr/lib/libXtst.so.6.1.0
798b60020000-798b60060000 rw-s 102d95000 00:10 1078                      anon_inode:i915.gem
798b60060000-798b600a0000 rw-s 1020b5000 00:10 1078                      anon_inode:i915.gem
798b600a0000-798b600a6000 r--p 00000000 00:21 1611714                    /usr/lib/libGLESv2.so.2.1.0
798b600a6000-798b600ab000 r-xp 00006000 00:21 1611714                    /usr/lib/libGLESv2.so.2.1.0
798b600ab000-798b600ad000 r--p 0000b000 00:21 1611714                    /usr/lib/libGLESv2.so.2.1.0
798b600ad000-798b600af000 r--p 0000d000 00:21 1611714                    /usr/lib/libGLESv2.so.2.1.0
798b600af000-798b600b0000 rw-p 0000f000 00:21 1611714                    /usr/lib/libGLESv2.so.2.1.0
798b600cf000-798b600df000 rw-s 109795000 00:10 1078                      anon_inode:i915.gem
798b600df000-798b600f4000 r--p 00000000 00:32 5609                       /tmp/lwjgl_abdenours/3.3.3+5/x64/liblwjgl_opengles.so
798b600f4000-798b600fd000 r-xp 00015000 00:32 5609                       /tmp/lwjgl_abdenours/3.3.3+5/x64/liblwjgl_opengles.so
798b600fd000-798b60104000 r--p 0001e000 00:32 5609                       /tmp/lwjgl_abdenours/3.3.3+5/x64/liblwjgl_opengles.so
798b60104000-798b60105000 r--p 00024000 00:32 5609                       /tmp/lwjgl_abdenours/3.3.3+5/x64/liblwjgl_opengles.so
798b60105000-798b60106000 rw-p 00025000 00:32 5609                       /tmp/lwjgl_abdenours/3.3.3+5/x64/liblwjgl_opengles.so
798b60106000-798b60126000 rw-s 109775000 00:10 1078                      anon_inode:i915.gem
798b60196000-798b601b6000 rw-s 1063a2000 00:10 1078                      anon_inode:i915.gem
798b601b6000-798b601c6000 rw-s 103042000 00:10 1078                      anon_inode:i915.gem
798b601c6000-798b601d6000 rw-s 108f08000 00:10 1078                      anon_inode:i915.gem
798b601d6000-798b601e6000 rw-s 102e95000 00:10 1078                      anon_inode:i915.gem
798b601e6000-798b60206000 rw-s 102c15000 00:10 1078                      anon_inode:i915.gem
798b60206000-798b60347000 rw-s 00000000 00:21 3118164                    /home/abdenours/.cache/mesa_shader_cache/index
798b60347000-798b60387000 rw-s 104d60000 00:10 1078                      anon_inode:i915.gem
798b60387000-798b60394000 r--p 00000000 00:21 1348711                    /usr/lib/libncursesw.so.6.5
798b60394000-798b603db000 r-xp 0000d000 00:21 1348711                    /usr/lib/libncursesw.so.6.5
798b603db000-798b603f1000 r--p 00054000 00:21 1348711                    /usr/lib/libncursesw.so.6.5
798b603f1000-798b603f5000 r--p 0006a000 00:21 1348711                    /usr/lib/libncursesw.so.6.5
798b603f5000-798b603f6000 rw-p 0006e000 00:21 1348711                    /usr/lib/libncursesw.so.6.5
798b603f6000-798b60410000 r--p 00000000 00:21 4751781                    /usr/lib/libxml2.so.16.1.1
798b60410000-798b604e3000 r-xp 0001a000 00:21 4751781                    /usr/lib/libxml2.so.16.1.1
798b604e3000-798b60520000 r--p 000ed000 00:21 4751781                    /usr/lib/libxml2.so.16.1.1
798b60520000-798b60529000 r--p 0012a000 00:21 4751781                    /usr/lib/libxml2.so.16.1.1
798b60529000-798b6052a000 rw-p 00133000 00:21 4751781                    /usr/lib/libxml2.so.16.1.1
798b6052a000-798b6052b000 rw-p 00000000 00:00 0 
798b6052b000-798b60540000 r--p 00000000 00:21 5484775                    /usr/lib/libSPIRV-Tools.so
798b60540000-798b6065b000 r-xp 00015000 00:21 5484775                    /usr/lib/libSPIRV-Tools.so
798b6065b000-798b606d4000 r--p 00130000 00:21 5484775                    /usr/lib/libSPIRV-Tools.so
798b606d4000-798b606d7000 r--p 001a8000 00:21 5484775                    /usr/lib/libSPIRV-Tools.so
798b606d7000-798b606d8000 rw-p 001ab000 00:21 5484775                    /usr/lib/libSPIRV-Tools.so
798b606d8000-798b60ffa000 rw-p 00000000 00:00 0 
798b60ffa000-798b60ffb000 ---p 00000000 00:00 0 
798b60ffb000-798b617fb000 rw-p 00000000 00:00 0 
798b617fb000-798b617fc000 ---p 00000000 00:00 0 
798b617fc000-798b61ffc000 rw-p 00000000 00:00 0 
798b61ffc000-798b61ffd000 ---p 00000000 00:00 0 
798b61ffd000-798b627fd000 rw-p 00000000 00:00 0 
798b627fd000-798b627fe000 ---p 00000000 00:00 0 
798b627fe000-798b62ffe000 rw-p 00000000 00:00 0 
798b62ffe000-798b62fff000 ---p 00000000 00:00 0 
798b62fff000-798b637ff000 rw-p 00000000 00:00 0 
798b637ff000-798b63800000 ---p 00000000 00:00 0 
798b63800000-798b64000000 rw-p 00000000 00:00 0 
798b64000000-798b64021000 rw-p 00000000 00:00 0 
798b64021000-798b68000000 ---p 00000000 00:00 0 
798b68000000-798b68021000 rw-p 00000000 00:00 0 
798b68021000-798b6c000000 ---p 00000000 00:00 0 
798b6c000000-798b6c6ac000 rw-p 00000000 00:00 0 
798b6c6ac000-798b70000000 ---p 00000000 00:00 0 
798b70000000-798b70021000 rw-p 00000000 00:00 0 
798b70021000-798b74000000 ---p 00000000 00:00 0 
798b74000000-798b74021000 rw-p 00000000 00:00 0 
798b74021000-798b78000000 ---p 00000000 00:00 0 
798b78000000-798b7920d000 rw-p 00000000 00:00 0 
798b7920d000-798b7c000000 ---p 00000000 00:00 0 
798b7c000000-798b7c021000 rw-p 00000000 00:00 0 
798b7c021000-798b80000000 ---p 00000000 00:00 0 
798b80000000-798b80021000 rw-p 00000000 00:00 0 
798b80021000-798b84000000 ---p 00000000 00:00 0 
798b84000000-798b843d0000 rw-p 00000000 00:00 0 
798b843d0000-798b84400000 ---p 00000000 00:00 0 
798b84400000-798b847a0000 rw-p 00000000 00:00 0 
798b847a0000-798b88000000 ---p 00000000 00:00 0 
798b88000000-798b88021000 rw-p 00000000 00:00 0 
798b88021000-798b8c000000 ---p 00000000 00:00 0 
798b8c000000-798b8c021000 rw-p 00000000 00:00 0 
798b8c021000-798b90000000 ---p 00000000 00:00 0 
798b90000000-798b90021000 rw-p 00000000 00:00 0 
798b90021000-798b94000000 ---p 00000000 00:00 0 
798b94000000-798b94021000 rw-p 00000000 00:00 0 
798b94021000-798b98000000 ---p 00000000 00:00 0 
798b98003000-798b98013000 rw-s 103806000 00:10 1078                      anon_inode:i915.gem
798b98013000-798b9801f000 r--p 00000000 00:21 1004347                    /usr/lib/libxcb-glx.so.0.0.0
798b9801f000-798b98028000 r-xp 0000c000 00:21 1004347                    /usr/lib/libxcb-glx.so.0.0.0
798b98028000-798b9802d000 r--p 00015000 00:21 1004347                    /usr/lib/libxcb-glx.so.0.0.0
798b9802d000-798b9802f000 r--p 0001a000 00:21 1004347                    /usr/lib/libxcb-glx.so.0.0.0
798b9802f000-798b98030000 rw-p 0001c000 00:21 1004347                    /usr/lib/libxcb-glx.so.0.0.0
798b98030000-798b98032000 r--p 00000000 00:21 1022793                    /usr/lib/libpciaccess.so.0.11.1
798b98032000-798b98037000 r-xp 00002000 00:21 1022793                    /usr/lib/libpciaccess.so.0.11.1
798b98037000-798b98039000 r--p 00007000 00:21 1022793                    /usr/lib/libpciaccess.so.0.11.1
798b98039000-798b9803a000 r--p 00008000 00:21 1022793                    /usr/lib/libpciaccess.so.0.11.1
798b9803a000-798b9803b000 rw-p 00009000 00:21 1022793                    /usr/lib/libpciaccess.so.0.11.1
798b9803b000-798b98041000 r--p 00000000 00:21 1022928                    /usr/lib/libedit.so.0.0.75
798b98041000-798b98062000 r-xp 00006000 00:21 1022928                    /usr/lib/libedit.so.0.0.75
798b98062000-798b9806f000 r--p 00027000 00:21 1022928                    /usr/lib/libedit.so.0.0.75
798b9806f000-798b98071000 r--p 00034000 00:21 1022928                    /usr/lib/libedit.so.0.0.75
798b98071000-798b98072000 rw-p 00036000 00:21 1022928                    /usr/lib/libedit.so.0.0.75
798b98072000-798b98075000 rw-p 00000000 00:00 0 
798b98075000-798b98078000 r--p 00000000 00:21 5479047                    /usr/lib/libdrm_intel.so.1.131.0
798b98078000-798b9808f000 r-xp 00003000 00:21 5479047                    /usr/lib/libdrm_intel.so.1.131.0
798b9808f000-798b98098000 r--p 0001a000 00:21 5479047                    /usr/lib/libdrm_intel.so.1.131.0
798b98098000-798b98099000 r--p 00023000 00:21 5479047                    /usr/lib/libdrm_intel.so.1.131.0
798b98099000-798b9809a000 rw-p 00024000 00:21 5479047                    /usr/lib/libdrm_intel.so.1.131.0
798b9809a000-798b9809d000 r--p 00000000 00:21 4223473                    /usr/lib/libelf-0.194.so
798b9809d000-798b980b0000 r-xp 00003000 00:21 4223473                    /usr/lib/libelf-0.194.so
798b980b0000-798b980b4000 r--p 00016000 00:21 4223473                    /usr/lib/libelf-0.194.so
798b980b4000-798b980b5000 r--p 0001a000 00:21 4223473                    /usr/lib/libelf-0.194.so
798b980b5000-798b980b6000 rw-p 0001b000 00:21 4223473                    /usr/lib/libelf-0.194.so
798b980b6000-798b980b9000 r--p 00000000 00:21 5479044                    /usr/lib/libdrm_amdgpu.so.1.131.0
798b980b9000-798b980bf000 r-xp 00003000 00:21 5479044                    /usr/lib/libdrm_amdgpu.so.1.131.0
798b980bf000-798b980c1000 r--p 00009000 00:21 5479044                    /usr/lib/libdrm_amdgpu.so.1.131.0
798b980c1000-798b980c2000 r--p 0000a000 00:21 5479044                    /usr/lib/libdrm_amdgpu.so.1.131.0
798b980c2000-798b980c3000 rw-p 0000b000 00:21 5479044                    /usr/lib/libdrm_amdgpu.so.1.131.0
798b980c3000-798b980c4000 r--p 00000000 00:21 1022884                    /usr/lib/libxshmfence.so.1.0.0
798b980c4000-798b980c5000 r-xp 00001000 00:21 1022884                    /usr/lib/libxshmfence.so.1.0.0
798b980c5000-798b980c6000 r--p 00002000 00:21 1022884                    /usr/lib/libxshmfence.so.1.0.0
798b980c6000-798b980c7000 r--p 00002000 00:21 1022884                    /usr/lib/libxshmfence.so.1.0.0
798b980c7000-798b980c8000 rw-p 00003000 00:21 1022884                    /usr/lib/libxshmfence.so.1.0.0
798b980c8000-798b980cb000 r--p 00000000 00:21 1004374                    /usr/lib/libxcb-sync.so.1.0.0
798b980cb000-798b980ce000 r-xp 00003000 00:21 1004374                    /usr/lib/libxcb-sync.so.1.0.0
798b980ce000-798b980cf000 r--p 00006000 00:21 1004374                    /usr/lib/libxcb-sync.so.1.0.0
798b980cf000-798b980d0000 r--p 00007000 00:21 1004374                    /usr/lib/libxcb-sync.so.1.0.0
798b980d0000-798b980d1000 rw-p 00008000 00:21 1004374                    /usr/lib/libxcb-sync.so.1.0.0
798b980d1000-798b980d3000 r--p 00000000 00:21 1358871                    /usr/lib/libsensors.so.5.0.0
798b980d3000-798b980db000 r-xp 00002000 00:21 1358871                    /usr/lib/libsensors.so.5.0.0
798b980db000-798b980df000 r--p 0000a000 00:21 1358871                    /usr/lib/libsensors.so.5.0.0
798b980df000-798b980e0000 r--p 0000e000 00:21 1358871                    /usr/lib/libsensors.so.5.0.0
798b980e0000-798b980e1000 rw-p 0000f000 00:21 1358871                    /usr/lib/libsensors.so.5.0.0
798b980e1000-798b980ed000 r--p 00000000 00:21 1002974                    /usr/lib/libzstd.so.1.5.7
798b980ed000-798b981b3000 r-xp 0000c000 00:21 1002974                    /usr/lib/libzstd.so.1.5.7
798b981b3000-798b981c4000 r--p 000d2000 00:21 1002974                    /usr/lib/libzstd.so.1.5.7
798b981c4000-798b981c5000 r--p 000e3000 00:21 1002974                    /usr/lib/libzstd.so.1.5.7
798b981c5000-798b981c6000 rw-p 000e4000 00:21 1002974                    /usr/lib/libzstd.so.1.5.7
798b981c6000-798b981c7000 r--p 00000000 00:21 1004371                    /usr/lib/libxcb-shm.so.0.0.0
798b981c7000-798b981c8000 r-xp 00001000 00:21 1004371                    /usr/lib/libxcb-shm.so.0.0.0
798b981c8000-798b981c9000 r--p 00002000 00:21 1004371                    /usr/lib/libxcb-shm.so.0.0.0
798b981c9000-798b981ca000 r--p 00002000 00:21 1004371                    /usr/lib/libxcb-shm.so.0.0.0
798b981ca000-798b981cb000 rw-p 00003000 00:21 1004371                    /usr/lib/libxcb-shm.so.0.0.0
798b981cb000-798b981ce000 r--p 00000000 00:21 1004380                    /usr/lib/libxcb-xfixes.so.0.0.0
798b981ce000-798b981d1000 r-xp 00003000 00:21 1004380                    /usr/lib/libxcb-xfixes.so.0.0.0
798b981d1000-798b981d2000 r--p 00006000 00:21 1004380                    /usr/lib/libxcb-xfixes.so.0.0.0
798b981d2000-798b981d3000 r--p 00007000 00:21 1004380                    /usr/lib/libxcb-xfixes.so.0.0.0
798b981d3000-798b981d4000 rw-p 00008000 00:21 1004380                    /usr/lib/libxcb-xfixes.so.0.0.0
798b981d4000-798b981db000 r--p 00000000 00:21 1004353                    /usr/lib/libxcb-randr.so.0.1.0
798b981db000-798b981e1000 r-xp 00007000 00:21 1004353                    /usr/lib/libxcb-randr.so.0.1.0
798b981e1000-798b981e4000 r--p 0000d000 00:21 1004353                    /usr/lib/libxcb-randr.so.0.1.0
798b981e4000-798b981e5000 r--p 00010000 00:21 1004353                    /usr/lib/libxcb-randr.so.0.1.0
798b981e5000-798b981e6000 rw-p 00011000 00:21 1004353                    /usr/lib/libxcb-randr.so.0.1.0
798b981e6000-798b981ec000 r--p 00000000 00:21 5828473                    /usr/lib/libEGL_mesa.so.0.0.0
798b981ec000-798b98217000 r-xp 00006000 00:21 5828473                    /usr/lib/libEGL_mesa.so.0.0.0
798b98217000-798b9822b000 r--p 00031000 00:21 5828473                    /usr/lib/libEGL_mesa.so.0.0.0
798b9822b000-798b98237000 r--p 00045000 00:21 5828473                    /usr/lib/libEGL_mesa.so.0.0.0
798b98237000-798b98238000 rw-p 00051000 00:21 5828473                    /usr/lib/libEGL_mesa.so.0.0.0
798b9824c000-798b9824e000 r--p 00000000 00:21 1004344                    /usr/lib/libxcb-dri3.so.0.1.0
798b9824e000-798b98250000 r-xp 00002000 00:21 1004344                    /usr/lib/libxcb-dri3.so.0.1.0
798b98250000-798b98251000 r--p 00004000 00:21 1004344                    /usr/lib/libxcb-dri3.so.0.1.0
798b98251000-798b98252000 r--p 00004000 00:21 1004344                    /usr/lib/libxcb-dri3.so.0.1.0
798b98252000-798b98253000 rw-p 00005000 00:21 1004344                    /usr/lib/libxcb-dri3.so.0.1.0
798b98253000-798b98254000 r--p 00000000 00:21 1004350                    /usr/lib/libxcb-present.so.0.0.0
798b98254000-798b98255000 r-xp 00001000 00:21 1004350                    /usr/lib/libxcb-present.so.0.0.0
798b98255000-798b98256000 r--p 00002000 00:21 1004350                    /usr/lib/libxcb-present.so.0.0.0
798b98256000-798b98257000 r--p 00002000 00:21 1004350                    /usr/lib/libxcb-present.so.0.0.0
798b98257000-798b98258000 rw-p 00003000 00:21 1004350                    /usr/lib/libxcb-present.so.0.0.0
798b9829c000-798b9829e000 r--p 00000000 00:21 3544466                    /usr/lib/libffi.so.8.2.0
798b9829e000-798b982a5000 r-xp 00002000 00:21 3544466                    /usr/lib/libffi.so.8.2.0
798b982a5000-798b982a6000 r--p 00009000 00:21 3544466                    /usr/lib/libffi.so.8.2.0
798b982a6000-798b982a7000 r--p 0000a000 00:21 3544466                    /usr/lib/libffi.so.8.2.0
798b982a7000-798b982a8000 rw-p 0000b000 00:21 3544466                    /usr/lib/libffi.so.8.2.0
798b982a8000-798b982aa000 r--p 00000000 00:21 4047303                    /usr/lib/libexpat.so.1.11.1
798b982aa000-798b982c8000 r-xp 00002000 00:21 4047303                    /usr/lib/libexpat.so.1.11.1
798b982c8000-798b982d0000 r--p 00020000 00:21 4047303                    /usr/lib/libexpat.so.1.11.1
798b982d0000-798b982d2000 r--p 00028000 00:21 4047303                    /usr/lib/libexpat.so.1.11.1
798b982d2000-798b982d3000 rw-p 0002a000 00:21 4047303                    /usr/lib/libexpat.so.1.11.1
798b982d3000-798b982d6000 r--p 00000000 00:21 2532346                    /usr/lib/libwayland-client.so.0.24.0
798b982d6000-798b982dd000 r-xp 00003000 00:21 2532346                    /usr/lib/libwayland-client.so.0.24.0
798b982dd000-798b982e0000 r--p 0000a000 00:21 2532346                    /usr/lib/libwayland-client.so.0.24.0
798b982e0000-798b982e2000 r--p 0000c000 00:21 2532346                    /usr/lib/libwayland-client.so.0.24.0
798b982e2000-798b982e3000 rw-p 0000e000 00:21 2532346                    /usr/lib/libwayland-client.so.0.24.0
798b982e3000-798b982e5000 r--p 00000000 00:21 5828481                    /usr/lib/libgbm.so.1.0.0
798b982e5000-798b982e6000 r-xp 00002000 00:21 5828481                    /usr/lib/libgbm.so.1.0.0
798b982e6000-798b982e7000 r--p 00003000 00:21 5828481                    /usr/lib/libgbm.so.1.0.0
798b982e7000-798b982e8000 r--p 00003000 00:21 5828481                    /usr/lib/libgbm.so.1.0.0
798b982e8000-798b982e9000 rw-p 00004000 00:21 5828481                    /usr/lib/libgbm.so.1.0.0
798b982e9000-798b982ee000 r--p 00000000 00:21 5479041                    /usr/lib/libdrm.so.2.131.0
798b982ee000-798b982fa000 r-xp 00005000 00:21 5479041                    /usr/lib/libdrm.so.2.131.0
798b982fa000-798b982fe000 r--p 00011000 00:21 5479041                    /usr/lib/libdrm.so.2.131.0
798b982fe000-798b982ff000 r--p 00015000 00:21 5479041                    /usr/lib/libdrm.so.2.131.0
798b982ff000-798b98300000 rw-p 00016000 00:21 5479041                    /usr/lib/libdrm.so.2.131.0
798b98315000-798b98325000 r--p 00000000 00:21 5740359                    /usr/lib/libnvidia-glsi.so.580.119.02
798b98325000-798b98385000 r-xp 00010000 00:21 5740359                    /usr/lib/libnvidia-glsi.so.580.119.02
798b98385000-798b983a2000 r--p 00070000 00:21 5740359                    /usr/lib/libnvidia-glsi.so.580.119.02
798b983a2000-798b983a8000 r--p 0008c000 00:21 5740359                    /usr/lib/libnvidia-glsi.so.580.119.02
798b983a8000-798b983a9000 rw-p 00092000 00:21 5740359                    /usr/lib/libnvidia-glsi.so.580.119.02
798b983a9000-798b983b1000 rw-p 00000000 00:00 0 
798b983b1000-798b983e5000 r--p 00000000 00:21 5740321                    /usr/lib/libEGL_nvidia.so.580.119.02
798b983e5000-798b9847c000 r-xp 00034000 00:21 5740321                    /usr/lib/libEGL_nvidia.so.580.119.02
798b9847c000-798b984d0000 r--p 000cb000 00:21 5740321                    /usr/lib/libEGL_nvidia.so.580.119.02
798b984d0000-798b984d1000 ---p 0011f000 00:21 5740321                    /usr/lib/libEGL_nvidia.so.580.119.02
798b984d1000-798b984d9000 r--p 0011f000 00:21 5740321                    /usr/lib/libEGL_nvidia.so.580.119.02
798b984d9000-798b984ef000 rw-p 00127000 00:21 5740321                    /usr/lib/libEGL_nvidia.so.580.119.02
798b984ef000-798b984f4000 rw-p 00000000 00:00 0 
798b984f4000-798b984f6000 r--p 00000000 00:21 1611720                    /usr/lib/libGLdispatch.so.0.0.0
798b984f6000-798b98535000 r-xp 00002000 00:21 1611720                    /usr/lib/libGLdispatch.so.0.0.0
798b98535000-798b98548000 r--p 00041000 00:21 1611720                    /usr/lib/libGLdispatch.so.0.0.0
798b98548000-798b98564000 r--p 00054000 00:21 1611720                    /usr/lib/libGLdispatch.so.0.0.0
798b98564000-798b98565000 rw-p 00070000 00:21 1611720                    /usr/lib/libGLdispatch.so.0.0.0
798b98565000-798b9856d000 rw-p 00000000 00:00 0 
798b9856d000-798b9856f000 r--p 00000000 00:21 1611708                    /usr/lib/libEGL.so.1.1.0
798b9856f000-798b98579000 r-xp 00002000 00:21 1611708                    /usr/lib/libEGL.so.1.1.0
798b98579000-798b9857d000 r--p 0000c000 00:21 1611708                    /usr/lib/libEGL.so.1.1.0
798b9857d000-798b9857e000 r--p 0000f000 00:21 1611708                    /usr/lib/libEGL.so.1.1.0
798b9857e000-798b9857f000 rw-p 00010000 00:21 1611708                    /usr/lib/libEGL.so.1.1.0
798b98580000-798b98582000 rw-s 104e34000 00:10 1078                      anon_inode:i915.gem
798b9858e000-798b9859e000 rw-s 106047000 00:10 1078                      anon_inode:i915.gem
798b9859e000-798b985ae000 rw-s 104e20000 00:10 1078                      anon_inode:i915.gem
798b985ae000-798b985af000 ---p 00000000 00:00 0 
798b985af000-798b985b3000 ---p 00000000 00:00 0 
798b985b3000-798b986af000 rw-p 00000000 00:00 0 
798b986af000-798b986b8000 rw-s 00008000 00:01 7883                       /memfd:pipewire-memfd:flags=0x0000000f,type=2,size=65664 (deleted)
798b986b8000-798b986c1000 rw-s 00000000 00:01 7883                       /memfd:pipewire-memfd:flags=0x0000000f,type=2,size=65664 (deleted)
798b986c1000-798b986ca000 rw-s 00008000 00:01 7882                       /memfd:pipewire-memfd:flags=0x0000000f,type=2,size=65664 (deleted)
798b986ca000-798b986d3000 rw-s 00000000 00:01 7882                       /memfd:pipewire-memfd:flags=0x0000000f,type=2,size=65664 (deleted)
798b986d3000-798b986d5000 r--p 00000000 00:21 5211370                    /usr/lib/spa-0.2/audioconvert/libspa-audioconvert.so
798b986d5000-798b9872b000 r-xp 00002000 00:21 5211370                    /usr/lib/spa-0.2/audioconvert/libspa-audioconvert.so
798b9872b000-798b98792000 r--p 00058000 00:21 5211370                    /usr/lib/spa-0.2/audioconvert/libspa-audioconvert.so
798b98792000-798b98799000 r--p 000bf000 00:21 5211370                    /usr/lib/spa-0.2/audioconvert/libspa-audioconvert.so
798b98799000-798b9879c000 rw-p 000c6000 00:21 5211370                    /usr/lib/spa-0.2/audioconvert/libspa-audioconvert.so
798b9879c000-798b9879e000 r--p 00000000 00:21 5211165                    /usr/lib/pipewire-0.3/libpipewire-module-session-manager.so
798b9879e000-798b987bb000 r-xp 00002000 00:21 5211165                    /usr/lib/pipewire-0.3/libpipewire-module-session-manager.so
798b987bb000-798b987c0000 r--p 0001f000 00:21 5211165                    /usr/lib/pipewire-0.3/libpipewire-module-session-manager.so
798b987c0000-798b987c2000 r--p 00023000 00:21 5211165                    /usr/lib/pipewire-0.3/libpipewire-module-session-manager.so
798b987c2000-798b987c3000 rw-p 00025000 00:21 5211165                    /usr/lib/pipewire-0.3/libpipewire-module-session-manager.so
798b987c3000-798b987c4000 ---p 00000000 00:00 0 
798b987c4000-798b98fc4000 rw-p 00000000 00:00 0 
798b98fc4000-798b98fd2000 r--p 00000000 00:21 1308389                    /usr/lib/libdbus-1.so.3.38.3
798b98fd2000-798b99003000 r-xp 0000e000 00:21 1308389                    /usr/lib/libdbus-1.so.3.38.3
798b99003000-798b99014000 r--p 0003f000 00:21 1308389                    /usr/lib/libdbus-1.so.3.38.3
798b99014000-798b99016000 r--p 0004f000 00:21 1308389                    /usr/lib/libdbus-1.so.3.38.3
798b99016000-798b99017000 rw-p 00051000 00:21 1308389                    /usr/lib/libdbus-1.so.3.38.3
798b99017000-798b9902c000 r--p 00000000 00:21 5869507                    /usr/lib/libsystemd.so.0.42.0
798b9902c000-798b990f0000 r-xp 00015000 00:21 5869507                    /usr/lib/libsystemd.so.0.42.0
798b990f0000-798b99133000 r--p 000d9000 00:21 5869507                    /usr/lib/libsystemd.so.0.42.0
798b99133000-798b9913c000 r--p 0011c000 00:21 5869507                    /usr/lib/libsystemd.so.0.42.0
798b9913c000-798b9913d000 rw-p 00125000 00:21 5869507                    /usr/lib/libsystemd.so.0.42.0
798b9913d000-798b9913e000 rw-p 00000000 00:00 0 
798b9913e000-798b9914b000 r--p 00000000 00:21 5211128                    /usr/lib/libpipewire-0.3.so.0.1409.0
798b9914b000-798b991c5000 r-xp 0000d000 00:21 5211128                    /usr/lib/libpipewire-0.3.so.0.1409.0
798b991c5000-798b991e1000 r--p 00087000 00:21 5211128                    /usr/lib/libpipewire-0.3.so.0.1409.0
798b991e1000-798b991fe000 r--p 000a2000 00:21 5211128                    /usr/lib/libpipewire-0.3.so.0.1409.0
798b991fe000-798b991ff000 rw-p 000bf000 00:21 5211128                    /usr/lib/libpipewire-0.3.so.0.1409.0
798b991ff000-798b99200000 rw-p 00000000 00:00 0 
798b99200000-798b99297000 r--p 00000000 00:21 4749907                    /usr/lib/libstdc++.so.6.0.34
798b99297000-798b993ec000 r-xp 00097000 00:21 4749907                    /usr/lib/libstdc++.so.6.0.34
798b993ec000-798b9947e000 r--p 001ec000 00:21 4749907                    /usr/lib/libstdc++.so.6.0.34
798b9947e000-798b9948f000 r--p 0027e000 00:21 4749907                    /usr/lib/libstdc++.so.6.0.34
798b9948f000-798b99490000 rw-p 0028f000 00:21 4749907                    /usr/lib/libstdc++.so.6.0.34
798b99490000-798b99494000 rw-p 00000000 00:00 0 
798b99494000-798b99497000 r--p 00000000 00:21 5211156                    /usr/lib/pipewire-0.3/libpipewire-module-client-node.so
798b99497000-798b994ba000 r-xp 00003000 00:21 5211156                    /usr/lib/pipewire-0.3/libpipewire-module-client-node.so
798b994ba000-798b994c0000 r--p 00026000 00:21 5211156                    /usr/lib/pipewire-0.3/libpipewire-module-client-node.so
798b994c0000-798b994c2000 r--p 0002c000 00:21 5211156                    /usr/lib/pipewire-0.3/libpipewire-module-client-node.so
798b994c2000-798b994c3000 rw-p 0002e000 00:21 5211156                    /usr/lib/pipewire-0.3/libpipewire-module-client-node.so
798b994c3000-798b994c6000 r--p 00000000 00:21 5211162                    /usr/lib/pipewire-0.3/libpipewire-module-protocol-native.so
798b994c6000-798b994e8000 r-xp 00003000 00:21 5211162                    /usr/lib/pipewire-0.3/libpipewire-module-protocol-native.so
798b994e8000-798b994f4000 r--p 00025000 00:21 5211162                    /usr/lib/pipewire-0.3/libpipewire-module-protocol-native.so
798b994f4000-798b99504000 r--p 00030000 00:21 5211162                    /usr/lib/pipewire-0.3/libpipewire-module-protocol-native.so
798b99504000-798b99505000 rw-p 00040000 00:21 5211162                    /usr/lib/pipewire-0.3/libpipewire-module-protocol-native.so
798b99505000-798b99518000 r--p 00000000 00:32 5608                       /tmp/lwjgl_abdenours/3.3.3+5/x64/libopenal.so
798b99518000-798b995b8000 r-xp 00013000 00:32 5608                       /tmp/lwjgl_abdenours/3.3.3+5/x64/libopenal.so
798b995b8000-798b9961a000 r--p 000b3000 00:32 5608                       /tmp/lwjgl_abdenours/3.3.3+5/x64/libopenal.so
798b9961a000-798b9961b000 ---p 00115000 00:32 5608                       /tmp/lwjgl_abdenours/3.3.3+5/x64/libopenal.so
798b9961b000-798b99620000 r--p 00115000 00:32 5608                       /tmp/lwjgl_abdenours/3.3.3+5/x64/libopenal.so
798b99620000-798b99621000 rw-p 0011a000 00:32 5608                       /tmp/lwjgl_abdenours/3.3.3+5/x64/libopenal.so
798b99621000-798b9969c000 rw-p 00000000 00:00 0 
798b9969c000-798b998d4000 r--p 00000000 00:32 5607                       /tmp/libgdxabdenours/7f47ef07a3b30ad5/libGLESv2.so
798b998d4000-798b99d6f000 r-xp 00237000 00:32 5607                       /tmp/libgdxabdenours/7f47ef07a3b30ad5/libGLESv2.so
798b99d6f000-798b99db0000 r--p 006d1000 00:32 5607                       /tmp/libgdxabdenours/7f47ef07a3b30ad5/libGLESv2.so
798b99db0000-798b99dea000 rw-p 00711000 00:32 5607                       /tmp/libgdxabdenours/7f47ef07a3b30ad5/libGLESv2.so
798b99dea000-798b9a400000 rw-p 00000000 00:00 0 
798b9a400000-798b9ac00000 rw-p 00000000 00:00 0 
798b9ac01000-798b9ac03000 rw-s 104e32000 00:10 1078                      anon_inode:i915.gem
798b9ac03000-798b9ac05000 r--p 00000000 00:21 5211159                    /usr/lib/pipewire-0.3/libpipewire-module-metadata.so
798b9ac05000-798b9ac0e000 r-xp 00002000 00:21 5211159                    /usr/lib/pipewire-0.3/libpipewire-module-metadata.so
798b9ac0e000-798b9ac10000 r--p 0000b000 00:21 5211159                    /usr/lib/pipewire-0.3/libpipewire-module-metadata.so
798b9ac10000-798b9ac11000 r--p 0000c000 00:21 5211159                    /usr/lib/pipewire-0.3/libpipewire-module-metadata.so
798b9ac11000-798b9ac12000 rw-p 0000d000 00:21 5211159                    /usr/lib/pipewire-0.3/libpipewire-module-metadata.so
798b9ac12000-798b9ac16000 r--p 00000000 00:21 4749877                    /usr/lib/libgcc_s.so.1
798b9ac16000-798b9ac39000 r-xp 00004000 00:21 4749877                    /usr/lib/libgcc_s.so.1
798b9ac39000-798b9ac3d000 r--p 00027000 00:21 4749877                    /usr/lib/libgcc_s.so.1
798b9ac3d000-798b9ac3e000 r--p 0002a000 00:21 4749877                    /usr/lib/libgcc_s.so.1
798b9ac3e000-798b9ac3f000 rw-p 0002b000 00:21 4749877                    /usr/lib/libgcc_s.so.1
798b9ac3f000-798b9ac56000 r--p 00000000 00:21 5782363                    /usr/lib/libX11.so.6.4.0
798b9ac56000-798b9aceb000 r-xp 00017000 00:21 5782363                    /usr/lib/libX11.so.6.4.0
798b9aceb000-798b9ad7a000 r--p 000ac000 00:21 5782363                    /usr/lib/libX11.so.6.4.0
798b9ad7a000-798b9ad7d000 r--p 0013a000 00:21 5782363                    /usr/lib/libX11.so.6.4.0
798b9ad7d000-798b9ad81000 rw-p 0013d000 00:21 5782363                    /usr/lib/libX11.so.6.4.0
798b9ad81000-798b9ad89000 r--p 00000000 00:32 5601                       /tmp/lwjgl_abdenours/3.3.3+5/x64/libjemalloc.so
798b9ad89000-798b9adde000 r-xp 00008000 00:32 5601                       /tmp/lwjgl_abdenours/3.3.3+5/x64/libjemalloc.so
798b9adde000-798b9adee000 r--p 0005d000 00:32 5601                       /tmp/lwjgl_abdenours/3.3.3+5/x64/libjemalloc.so
798b9adee000-798b9adef000 ---p 0006d000 00:32 5601                       /tmp/lwjgl_abdenours/3.3.3+5/x64/libjemalloc.so
798b9adef000-798b9adf5000 r--p 0006d000 00:32 5601                       /tmp/lwjgl_abdenours/3.3.3+5/x64/libjemalloc.so
798b9adf5000-798b9adf6000 rw-p 00073000 00:32 5601                       /tmp/lwjgl_abdenours/3.3.3+5/x64/libjemalloc.so
798b9adf6000-798b9b000000 rw-p 00000000 00:00 0 
798b9b000000-798b9b020000 r-xp 00000000 00:32 5595                       /tmp/libgdxabdenours/da3a4817/libgdx64.so
798b9b020000-798b9b220000 ---p 00020000 00:32 5595                       /tmp/libgdxabdenours/da3a4817/libgdx64.so
798b9b220000-798b9b221000 r--p 00020000 00:32 5595                       /tmp/libgdxabdenours/da3a4817/libgdx64.so
798b9b221000-798b9b222000 rw-p 00021000 00:32 5595                       /tmp/libgdxabdenours/da3a4817/libgdx64.so
798b9b222000-798b9b224000 r--p 00000000 00:21 5211154                    /usr/lib/pipewire-0.3/libpipewire-module-adapter.so
798b9b224000-798b9b228000 r-xp 00002000 00:21 5211154                    /usr/lib/pipewire-0.3/libpipewire-module-adapter.so
798b9b228000-798b9b22a000 r--p 00006000 00:21 5211154                    /usr/lib/pipewire-0.3/libpipewire-module-adapter.so
798b9b22a000-798b9b22b000 r--p 00007000 00:21 5211154                    /usr/lib/pipewire-0.3/libpipewire-module-adapter.so
798b9b22b000-798b9b22c000 rw-p 00008000 00:21 5211154                    /usr/lib/pipewire-0.3/libpipewire-module-adapter.so
798b9b22c000-798b9b240000 r--p 00000000 00:32 5606                       /tmp/libgdxabdenours/7f47ef07a3b30ad5/libEGL.so
798b9b240000-798b9b269000 r-xp 00013000 00:32 5606                       /tmp/libgdxabdenours/7f47ef07a3b30ad5/libEGL.so
798b9b269000-798b9b26c000 r--p 0003b000 00:32 5606                       /tmp/libgdxabdenours/7f47ef07a3b30ad5/libEGL.so
798b9b26c000-798b9b26d000 rw-p 0003d000 00:32 5606                       /tmp/libgdxabdenours/7f47ef07a3b30ad5/libEGL.so
798b9b26d000-798b9b26f000 rw-p 00000000 00:00 0 
798b9b26f000-798b9b27d000 r--p 00000000 00:32 5602                       /tmp/lwjgl_abdenours/3.3.3+5/x64/libglfw.so
798b9b27d000-798b9b29c000 r-xp 0000e000 00:32 5602                       /tmp/lwjgl_abdenours/3.3.3+5/x64/libglfw.so
798b9b29c000-798b9b2cf000 r--p 0002d000 00:32 5602                       /tmp/lwjgl_abdenours/3.3.3+5/x64/libglfw.so
798b9b2cf000-798b9b2d0000 ---p 00060000 00:32 5602                       /tmp/lwjgl_abdenours/3.3.3+5/x64/libglfw.so
798b9b2d0000-798b9b2d3000 r--p 00060000 00:32 5602                       /tmp/lwjgl_abdenours/3.3.3+5/x64/libglfw.so
798b9b2d3000-798b9b2d6000 rw-p 00063000 00:32 5602                       /tmp/lwjgl_abdenours/3.3.3+5/x64/libglfw.so
798b9b2d6000-798b9b2f9000 rw-p 00000000 00:00 0 
798b9b2f9000-798b9b2fa000 ---p 00000000 00:00 0 
798b9b2fa000-798b9b2fe000 ---p 00000000 00:00 0 
798b9b2fe000-798b9b3fa000 rw-p 00000000 00:00 0 
798b9b3fa000-798b9b3fb000 ---p 00000000 00:00 0 
798b9b3fb000-798b9b3ff000 ---p 00000000 00:00 0 
798b9b3ff000-798b9b4fb000 rw-p 00000000 00:00 0 
798b9b4fb000-798b9b4fc000 ---p 00000000 00:00 0 
798b9b4fc000-798b9b500000 ---p 00000000 00:00 0 
798b9b500000-798b9b5fc000 rw-p 00000000 00:00 0 
798b9b5fc000-798b9b5fd000 ---p 00000000 00:00 0 
798b9b5fd000-798b9b601000 ---p 00000000 00:00 0 
798b9b601000-798b9b6fd000 rw-p 00000000 00:00 0 
798b9b6fd000-798b9b6fe000 ---p 00000000 00:00 0 
798b9b6fe000-798b9b702000 ---p 00000000 00:00 0 
798b9b702000-798b9b7fe000 rw-p 00000000 00:00 0 
798b9b7fe000-798b9b7ff000 ---p 00000000 00:00 0 
798b9b7ff000-798b9b803000 ---p 00000000 00:00 0 
798b9b803000-798b9b8ff000 rw-p 00000000 00:00 0 
798b9b8ff000-798b9b900000 ---p 00000000 00:00 0 
798b9b900000-798b9b904000 ---p 00000000 00:00 0 
798b9b904000-798b9ba00000 rw-p 00000000 00:00 0 
798b9ba00000-798b9bced000 r--p 00000000 00:21 4749865                    /usr/lib/locale/locale-archive
798b9bced000-798b9bcef000 r--p 00000000 00:21 5211155                    /usr/lib/pipewire-0.3/libpipewire-module-client-device.so
798b9bcef000-798b9bcfa000 r-xp 00002000 00:21 5211155                    /usr/lib/pipewire-0.3/libpipewire-module-client-device.so
798b9bcfa000-798b9bcfb000 r--p 0000d000 00:21 5211155                    /usr/lib/pipewire-0.3/libpipewire-module-client-device.so
798b9bcfb000-798b9bcfc000 r--p 0000e000 00:21 5211155                    /usr/lib/pipewire-0.3/libpipewire-module-client-device.so
798b9bcfc000-798b9bcfd000 rw-p 0000f000 00:21 5211155                    /usr/lib/pipewire-0.3/libpipewire-module-client-device.so
798b9bcfd000-798b9bcfe000 ---p 00000000 00:00 0 
798b9bcfe000-798b9bd02000 ---p 00000000 00:00 0 
798b9bd02000-798b9bdfe000 rw-p 00000000 00:00 0 
798b9bdfe000-798b9bdff000 ---p 00000000 00:00 0 
798b9bdff000-798b9be03000 ---p 00000000 00:00 0 
798b9be03000-798b9beff000 rw-p 00000000 00:00 0 
798b9beff000-798b9bf00000 ---p 00000000 00:00 0 
798b9bf00000-798b9c000000 rw-p 00000000 00:00 0 
798b9c000000-798b9c021000 rw-p 00000000 00:00 0 
798b9c021000-798ba0000000 ---p 00000000 00:00 0 
798ba0000000-798ba0021000 rw-p 00000000 00:00 0 
798ba0021000-798ba4000000 ---p 00000000 00:00 0 
798ba4000000-798ba4021000 rw-p 00000000 00:00 0 
798ba4021000-798ba8000000 ---p 00000000 00:00 0 
798ba8000000-798ba8021000 rw-p 00000000 00:00 0 
798ba8021000-798bac000000 ---p 00000000 00:00 0 
798bac000000-798bac021000 rw-p 00000000 00:00 0 
798bac021000-798bb0000000 ---p 00000000 00:00 0 
798bb0000000-798bb0002000 rw-s 104e30000 00:10 1078                      anon_inode:i915.gem
798bb0003000-798bb0004000 rw-s 00000000 00:01 7885                       /memfd:xshmfence (deleted)
798bb0004000-798bb0006000 r--p 00000000 00:21 5211163                    /usr/lib/pipewire-0.3/libpipewire-module-rt.so
798bb0006000-798bb000a000 r-xp 00002000 00:21 5211163                    /usr/lib/pipewire-0.3/libpipewire-module-rt.so
798bb000a000-798bb000c000 r--p 00006000 00:21 5211163                    /usr/lib/pipewire-0.3/libpipewire-module-rt.so
798bb000c000-798bb000d000 r--p 00007000 00:21 5211163                    /usr/lib/pipewire-0.3/libpipewire-module-rt.so
798bb000d000-798bb000e000 rw-p 00008000 00:21 5211163                    /usr/lib/pipewire-0.3/libpipewire-module-rt.so
798bb000e000-798bb0015000 r--s 00000000 00:21 4749867                    /usr/lib/gconv/gconv-modules.cache
798bb0015000-798bb0016000 r--p 00000000 00:21 5211171                    /usr/lib/spa-0.2/support/libspa-dbus.so
798bb0016000-798bb0019000 r-xp 00001000 00:21 5211171                    /usr/lib/spa-0.2/support/libspa-dbus.so
798bb0019000-798bb001a000 r--p 00004000 00:21 5211171                    /usr/lib/spa-0.2/support/libspa-dbus.so
798bb001a000-798bb001b000 r--p 00004000 00:21 5211171                    /usr/lib/spa-0.2/support/libspa-dbus.so
798bb001b000-798bb001c000 rw-p 00005000 00:21 5211171                    /usr/lib/spa-0.2/support/libspa-dbus.so
798bb001c000-798bb001d000 r--p 00000000 00:21 5782360                    /usr/lib/libX11-xcb.so.1.0.0
798bb001d000-798bb001e000 r-xp 00001000 00:21 5782360                    /usr/lib/libX11-xcb.so.1.0.0
798bb001e000-798bb001f000 r--p 00002000 00:21 5782360                    /usr/lib/libX11-xcb.so.1.0.0
798bb001f000-798bb0020000 r--p 00002000 00:21 5782360                    /usr/lib/libX11-xcb.so.1.0.0
798bb0020000-798bb0021000 rw-p 00003000 00:21 5782360                    /usr/lib/libX11-xcb.so.1.0.0
798bb0021000-798bb0024000 r--p 00000000 00:21 1023920                    /usr/lib/libXcursor.so.1.0.2
798bb0024000-798bb002a000 r-xp 00003000 00:21 1023920                    /usr/lib/libXcursor.so.1.0.2
798bb002a000-798bb002c000 r--p 00009000 00:21 1023920                    /usr/lib/libXcursor.so.1.0.2
798bb002c000-798bb002d000 r--p 0000a000 00:21 1023920                    /usr/lib/libXcursor.so.1.0.2
798bb002d000-798bb002e000 rw-p 0000b000 00:21 1023920                    /usr/lib/libXcursor.so.1.0.2
798bb002e000-798bb0030000 r--p 00000000 00:21 1010367                    /usr/lib/libXrender.so.1.3.0
798bb0030000-798bb0037000 r-xp 00002000 00:21 1010367                    /usr/lib/libXrender.so.1.3.0
798bb0037000-798bb0038000 r--p 00009000 00:21 1010367                    /usr/lib/libXrender.so.1.3.0
798bb0038000-798bb0039000 r--p 00009000 00:21 1010367                    /usr/lib/libXrender.so.1.3.0
798bb0039000-798bb003a000 rw-p 0000a000 00:21 1010367                    /usr/lib/libXrender.so.1.3.0
798bb003a000-798bb003c000 r--p 00000000 00:21 1024400                    /usr/lib/libXrandr.so.2.2.0
798bb003c000-798bb0043000 r-xp 00002000 00:21 1024400                    /usr/lib/libXrandr.so.2.2.0
798bb0043000-798bb0045000 r--p 00009000 00:21 1024400                    /usr/lib/libXrandr.so.2.2.0
798bb0045000-798bb0046000 r--p 0000a000 00:21 1024400                    /usr/lib/libXrandr.so.2.2.0
798bb0046000-798bb0047000 rw-p 0000b000 00:21 1024400                    /usr/lib/libXrandr.so.2.2.0
798bb0047000-798bb004a000 r--p 00000000 00:21 1009520                    /usr/lib/libXi.so.6.1.0
798bb004a000-798bb0056000 r-xp 00003000 00:21 1009520                    /usr/lib/libXi.so.6.1.0
798bb0056000-798bb0058000 r--p 0000f000 00:21 1009520                    /usr/lib/libXi.so.6.1.0
798bb0058000-798bb0059000 r--p 00011000 00:21 1009520                    /usr/lib/libXi.so.6.1.0
798bb0059000-798bb005a000 rw-p 00012000 00:21 1009520                    /usr/lib/libXi.so.6.1.0
798bb005a000-798bb0066000 r--p 00000000 00:21 1004401                    /usr/lib/libxcb.so.1.1.0
798bb0066000-798bb007a000 r-xp 0000c000 00:21 1004401                    /usr/lib/libxcb.so.1.1.0
798bb007a000-798bb0083000 r--p 00020000 00:21 1004401                    /usr/lib/libxcb.so.1.1.0
798bb0083000-798bb0084000 r--p 00028000 00:21 1004401                    /usr/lib/libxcb.so.1.1.0
798bb0084000-798bb0085000 rw-p 00029000 00:21 1004401                    /usr/lib/libxcb.so.1.1.0
798bb0085000-798bb00ae000 r--p 00000000 00:32 5600                       /tmp/lwjgl_abdenours/3.3.3+5/x64/liblwjgl.so
798bb00ae000-798bb00e0000 r-xp 00029000 00:32 5600                       /tmp/lwjgl_abdenours/3.3.3+5/x64/liblwjgl.so
798bb00e0000-798bb00f9000 r--p 0005b000 00:32 5600                       /tmp/lwjgl_abdenours/3.3.3+5/x64/liblwjgl.so
798bb00f9000-798bb00fa000 r--p 00073000 00:32 5600                       /tmp/lwjgl_abdenours/3.3.3+5/x64/liblwjgl.so
798bb00fa000-798bb00fb000 rw-p 00074000 00:32 5600                       /tmp/lwjgl_abdenours/3.3.3+5/x64/liblwjgl.so
798bb00fb000-798bb00fc000 ---p 00000000 00:00 0 
798bb00fc000-798bb01fc000 rw-p 00000000 00:00 0 
798bb01fc000-798bb01fd000 ---p 00000000 00:00 0 
798bb01fd000-798bb02fd000 rw-p 00000000 00:00 0 
798bb02fd000-798bb02fe000 ---p 00000000 00:00 0 
798bb02fe000-798bb03fe000 rw-p 00000000 00:00 0 
798bb03fe000-798bb2600000 rw-p 00000000 00:00 0 
798bb2600000-798bb2601000 rw-s 00000000 00:01 7884                       /memfd:xshmfence (deleted)
798bb2601000-798bb2602000 rw-s 1024b2000 00:10 1078                      anon_inode:i915.gem
798bb2602000-798bb2604000 r--p 00000000 00:21 3383373                    /usr/lib/libXfixes.so.3.1.0
798bb2604000-798bb2607000 r-xp 00002000 00:21 3383373                    /usr/lib/libXfixes.so.3.1.0
798bb2607000-798bb2608000 r--p 00005000 00:21 3383373                    /usr/lib/libXfixes.so.3.1.0
798bb2608000-798bb2609000 r--p 00005000 00:21 3383373                    /usr/lib/libXfixes.so.3.1.0
798bb2609000-798bb260a000 rw-p 00006000 00:21 3383373                    /usr/lib/libXfixes.so.3.1.0
798bb260a000-798bb260e000 r--p 00000000 00:21 1009432                    /usr/lib/libXext.so.6.4.0
798bb260e000-798bb2619000 r-xp 00004000 00:21 1009432                    /usr/lib/libXext.so.6.4.0
798bb2619000-798bb261d000 r--p 0000f000 00:21 1009432                    /usr/lib/libXext.so.6.4.0
798bb261d000-798bb261e000 r--p 00012000 00:21 1009432                    /usr/lib/libXext.so.6.4.0
798bb261e000-798bb261f000 rw-p 00013000 00:21 1009432                    /usr/lib/libXext.so.6.4.0
798bb261f000-798bb2620000 rw-s 1024b1000 00:10 1078                      anon_inode:i915.gem
798bb2620000-798bb2621000 rw-s 104ed4000 00:10 1078                      anon_inode:i915.gem
798bb2621000-798bb2622000 rw-s 00000000 00:01 5134                       /memfd:pipewire-memfd:flags=0x0000000f,type=2,size=2312 (deleted)
798bb2622000-798bb2623000 rw-s 00000000 00:01 3709                       /memfd:pipewire-memfd:flags=0x0000000f,type=2,size=4096 (deleted)
798bb2623000-798bb2624000 rw-s 00000000 00:01 3708                       /memfd:pipewire-memfd:flags=0x0000000f,type=2,size=2312 (deleted)
798bb2624000-798bb2625000 rw-s 00000000 00:01 606                        /memfd:pipewire-memfd:flags=0x0000000f,type=2,size=2312 (deleted)
798bb2625000-798bb2626000 r--p 00000000 00:21 5211172                    /usr/lib/spa-0.2/support/libspa-journal.so
798bb2626000-798bb2628000 r-xp 00001000 00:21 5211172                    /usr/lib/spa-0.2/support/libspa-journal.so
798bb2628000-798bb2629000 r--p 00003000 00:21 5211172                    /usr/lib/spa-0.2/support/libspa-journal.so
798bb2629000-798bb262a000 r--p 00003000 00:21 5211172                    /usr/lib/spa-0.2/support/libspa-journal.so
798bb262a000-798bb262b000 rw-p 00004000 00:21 5211172                    /usr/lib/spa-0.2/support/libspa-journal.so
798bb262b000-798bb262d000 r--p 00000000 00:21 5211173                    /usr/lib/spa-0.2/support/libspa-support.so
798bb262d000-798bb2646000 r-xp 00002000 00:21 5211173                    /usr/lib/spa-0.2/support/libspa-support.so
798bb2646000-798bb264b000 r--p 0001b000 00:21 5211173                    /usr/lib/spa-0.2/support/libspa-support.so
798bb264b000-798bb264d000 r--p 00020000 00:21 5211173                    /usr/lib/spa-0.2/support/libspa-support.so
798bb264d000-798bb264e000 rw-p 00022000 00:21 5211173                    /usr/lib/spa-0.2/support/libspa-support.so
798bb264e000-798bb29b8000 rw-p 00000000 00:00 0 
798bb29b8000-798bb45f8000 ---p 00000000 00:00 0 
798bb45f8000-798bb4600000 rw-p 00000000 00:00 0 
798bb4600000-798bb4920000 rwxp 00000000 00:00 0 
798bb4920000-798bbbb37000 ---p 00000000 00:00 0 
798bbbb37000-798bbbdc7000 rwxp 00000000 00:00 0 
798bbbdc7000-798bbc0c8000 ---p 00000000 00:00 0 
798bbc0c8000-798bbc338000 rwxp 00000000 00:00 0 
798bbc338000-798bc3600000 ---p 00000000 00:00 0 
798bc3600000-798bcbea3000 r--s 00000000 00:21 4164595                    /opt/jdk-25/lib/modules
798bcbea3000-798bcd542000 rw-p 00000000 00:00 0 
798bcd542000-798bd0000000 ---p 00000000 00:00 0 
798bd0000000-798bd0001000 r--p 00000000 00:21 1024001                    /usr/lib/libXinerama.so.1.0.0
798bd0001000-798bd0002000 r-xp 00001000 00:21 1024001                    /usr/lib/libXinerama.so.1.0.0
798bd0002000-798bd0003000 r--p 00002000 00:21 1024001                    /usr/lib/libXinerama.so.1.0.0
798bd0003000-798bd0004000 r--p 00002000 00:21 1024001                    /usr/lib/libXinerama.so.1.0.0
798bd0004000-798bd0005000 rw-p 00003000 00:21 1024001                    /usr/lib/libXinerama.so.1.0.0
798bd0005000-798bd0007000 r--p 00000000 00:21 1004267                    /usr/lib/libXdmcp.so.6.0.0
798bd0007000-798bd0009000 r-xp 00002000 00:21 1004267                    /usr/lib/libXdmcp.so.6.0.0
798bd0009000-798bd000b000 r--p 00004000 00:21 1004267                    /usr/lib/libXdmcp.so.6.0.0
798bd000b000-798bd000c000 r--p 00005000 00:21 1004267                    /usr/lib/libXdmcp.so.6.0.0
798bd000c000-798bd000d000 rw-p 00006000 00:21 1004267                    /usr/lib/libXdmcp.so.6.0.0
798bd000d000-798bd004b000 r-xp 00000000 00:21 4164590                    /opt/jdk-25/lib/libsimdsort.so
798bd004b000-798bd004c000 ---p 0003e000 00:21 4164590                    /opt/jdk-25/lib/libsimdsort.so
798bd004c000-798bd004d000 r--p 0003e000 00:21 4164590                    /opt/jdk-25/lib/libsimdsort.so
798bd004d000-798bd004e000 rw-p 0003f000 00:21 4164590                    /opt/jdk-25/lib/libsimdsort.so
798bd004e000-798bd0493000 rw-p 00000000 00:00 0 
798bd0493000-798bd0494000 ---p 00000000 00:00 0 
798bd0494000-798bd0594000 rw-p 00000000 00:00 0 
798bd0594000-798bd0595000 ---p 00000000 00:00 0 
798bd0595000-798bd0695000 rw-p 00000000 00:00 0 
798bd0695000-798bd0696000 ---p 00000000 00:00 0 
798bd0696000-798bd0796000 rw-p 00000000 00:00 0 
798bd0796000-798bd07d3000 rw-p 00000000 00:00 0 
798bd07d3000-798bd0b5b000 ---p 00000000 00:00 0 
798bd0b5b000-798bd0b99000 rw-p 00000000 00:00 0 
798bd0b99000-798bd0f21000 ---p 00000000 00:00 0 
798bd0f21000-798bd172f000 rw-p 00000000 00:00 0 
798bd172f000-798bd1815000 ---p 00000000 00:00 0 
798bd1815000-798bd181c000 rw-p 00000000 00:00 0 
798bd181c000-798bd1900000 ---p 00000000 00:00 0 
798bd1900000-798bd1904000 ---p 00000000 00:00 0 
798bd1904000-798bd1a00000 rw-p 00000000 00:00 0 
798bd1a00000-798bd2edd000 r-xp 00000000 00:21 4164608                    /opt/jdk-25/lib/server/libjvm.so
798bd2edd000-798bd2ede000 ---p 014dd000 00:21 4164608                    /opt/jdk-25/lib/server/libjvm.so
798bd2ede000-798bd2fc4000 r--p 014dd000 00:21 4164608                    /opt/jdk-25/lib/server/libjvm.so
798bd2fc4000-798bd2fed000 rw-p 015c3000 00:21 4164608                    /opt/jdk-25/lib/server/libjvm.so
798bd2fed000-798bd3069000 rw-p 00000000 00:00 0 
798bd3069000-798bd306a000 r--p 00000000 00:21 1022894                    /usr/lib/libXxf86vm.so.1.0.0
798bd306a000-798bd306d000 r-xp 00001000 00:21 1022894                    /usr/lib/libXxf86vm.so.1.0.0
798bd306d000-798bd306e000 r--p 00004000 00:21 1022894                    /usr/lib/libXxf86vm.so.1.0.0
798bd306e000-798bd306f000 r--p 00004000 00:21 1022894                    /usr/lib/libXxf86vm.so.1.0.0
798bd306f000-798bd3070000 rw-p 00005000 00:21 1022894                    /usr/lib/libXxf86vm.so.1.0.0
798bd3070000-798bd3071000 r--p 00000000 00:21 1004278                    /usr/lib/libXau.so.6.0.0
798bd3071000-798bd3072000 r-xp 00001000 00:21 1004278                    /usr/lib/libXau.so.6.0.0
798bd3072000-798bd3073000 r--p 00002000 00:21 1004278                    /usr/lib/libXau.so.6.0.0
798bd3073000-798bd3074000 r--p 00002000 00:21 1004278                    /usr/lib/libXau.so.6.0.0
798bd3074000-798bd3075000 rw-p 00003000 00:21 1004278                    /usr/lib/libXau.so.6.0.0
798bd3075000-798bd30f2000 rw-p 00000000 00:00 0 
798bd30f2000-798bd3101000 r--p 00000000 00:21 4749158                    /usr/lib/libm.so.6
798bd3101000-798bd318c000 r-xp 0000f000 00:21 4749158                    /usr/lib/libm.so.6
798bd318c000-798bd31fe000 r--p 0009a000 00:21 4749158                    /usr/lib/libm.so.6
798bd31fe000-798bd31ff000 r--p 0010b000 00:21 4749158                    /usr/lib/libm.so.6
798bd31ff000-798bd3200000 rw-p 0010c000 00:21 4749158                    /usr/lib/libm.so.6
798bd3200000-798bd3224000 r--p 00000000 00:21 4749148                    /usr/lib/libc.so.6
798bd3224000-798bd3395000 r-xp 00024000 00:21 4749148                    /usr/lib/libc.so.6
798bd3395000-798bd3404000 r--p 00195000 00:21 4749148                    /usr/lib/libc.so.6
798bd3404000-798bd3408000 r--p 00203000 00:21 4749148                    /usr/lib/libc.so.6
798bd3408000-798bd340a000 rw-p 00207000 00:21 4749148                    /usr/lib/libc.so.6
798bd340a000-798bd3412000 rw-p 00000000 00:00 0 
798bd3412000-798bd3413000 rw-p 00000000 00:00 0 
798bd3413000-798bd3414000 rw-p 00000000 00:00 0 
798bd3414000-798bd3415000 r-xp 00059000 00:32 5600                       /tmp/lwjgl_abdenours/3.3.3+5/x64/liblwjgl.so
798bd3415000-798bd3416000 rw-p 00000000 00:00 0 
798bd3416000-798bd341d000 r-xp 00000000 00:21 4164594                    /opt/jdk-25/lib/libzip.so
798bd341d000-798bd341e000 ---p 00007000 00:21 4164594                    /opt/jdk-25/lib/libzip.so
798bd341e000-798bd341f000 r--p 00007000 00:21 4164594                    /opt/jdk-25/lib/libzip.so
798bd341f000-798bd3420000 rw-p 00008000 00:21 4164594                    /opt/jdk-25/lib/libzip.so
798bd3420000-798bd342c000 r-xp 00000000 00:21 4164584                    /opt/jdk-25/lib/libnet.so
798bd342c000-798bd342d000 r--p 0000b000 00:21 4164584                    /opt/jdk-25/lib/libnet.so
798bd342d000-798bd342e000 rw-p 0000c000 00:21 4164584                    /opt/jdk-25/lib/libnet.so
798bd342e000-798bd3442000 r-xp 00000000 00:21 4164585                    /opt/jdk-25/lib/libnio.so
798bd3442000-798bd3443000 r--p 00013000 00:21 4164585                    /opt/jdk-25/lib/libnio.so
798bd3443000-798bd3444000 rw-p 00014000 00:21 4164585                    /opt/jdk-25/lib/libnio.so
798bd3444000-798bd344a000 rw-p 00000000 00:00 0 
798bd344a000-798bd3450000 ---p 00000000 00:00 0 
798bd3450000-798bd3470000 r-xp 00000000 00:21 4164570                    /opt/jdk-25/lib/libjava.so
798bd3470000-798bd3471000 r--p 0001f000 00:21 4164570                    /opt/jdk-25/lib/libjava.so
798bd3471000-798bd3472000 rw-p 00020000 00:21 4164570                    /opt/jdk-25/lib/libjava.so
798bd3472000-798bd3473000 rw-p 00000000 00:00 0 
798bd3473000-798bd3474000 r--p 00000000 00:21 4749180                    /usr/lib/librt.so.1
798bd3474000-798bd3475000 r-xp 00001000 00:21 4749180                    /usr/lib/librt.so.1
798bd3475000-798bd3476000 r--p 00002000 00:21 4749180                    /usr/lib/librt.so.1
798bd3476000-798bd3477000 r--p 00002000 00:21 4749180                    /usr/lib/librt.so.1
798bd3477000-798bd3478000 rw-p 00003000 00:21 4749180                    /usr/lib/librt.so.1
798bd3478000-798bd347c000 rw-p 00000000 00:00 0 
798bd347c000-798bd347d000 r--p 00000000 00:21 4749175                    /usr/lib/libpthread.so.0
798bd347d000-798bd347e000 r-xp 00001000 00:21 4749175                    /usr/lib/libpthread.so.0
798bd347e000-798bd347f000 r--p 00002000 00:21 4749175                    /usr/lib/libpthread.so.0
798bd347f000-798bd3480000 r--p 00002000 00:21 4749175                    /usr/lib/libpthread.so.0
798bd3480000-798bd3481000 rw-p 00003000 00:21 4749175                    /usr/lib/libpthread.so.0
798bd3481000-798bd3482000 r--p 00000000 00:21 4749153                    /usr/lib/libdl.so.2
798bd3482000-798bd3483000 r-xp 00001000 00:21 4749153                    /usr/lib/libdl.so.2
798bd3483000-798bd3484000 r--p 00002000 00:21 4749153                    /usr/lib/libdl.so.2
798bd3484000-798bd3485000 r--p 00002000 00:21 4749153                    /usr/lib/libdl.so.2
798bd3485000-798bd3486000 rw-p 00003000 00:21 4749153                    /usr/lib/libdl.so.2
798bd3486000-798bd3489000 r--p 00000000 00:21 994070                     /usr/lib/libz.so.1.3.1
798bd3489000-798bd3497000 r-xp 00003000 00:21 994070                     /usr/lib/libz.so.1.3.1
798bd3497000-798bd349d000 r--p 00011000 00:21 994070                     /usr/lib/libz.so.1.3.1
798bd349d000-798bd349e000 r--p 00017000 00:21 994070                     /usr/lib/libz.so.1.3.1
798bd349e000-798bd349f000 rw-p 00018000 00:21 994070                     /usr/lib/libz.so.1.3.1
798bd349f000-798bd34a7000 rw-s 00000000 00:32 8167                       /tmp/hsperfdata_abdenours/39342 (deleted)
798bd34a7000-798bd34a8000 ---p 00000000 00:00 0 
798bd34a8000-798bd34a9000 r--p 00000000 00:00 0 
798bd34a9000-798bd34aa000 ---p 00000000 00:00 0 
798bd34aa000-798bd34ca000 r-xp 00000000 00:21 4164574                    /opt/jdk-25/lib/libjimage.so
798bd34ca000-798bd34cb000 ---p 00020000 00:21 4164574                    /opt/jdk-25/lib/libjimage.so
798bd34cb000-798bd34cd000 r--p 00020000 00:21 4164574                    /opt/jdk-25/lib/libjimage.so
798bd34cd000-798bd34ce000 rw-p 00022000 00:21 4164574                    /opt/jdk-25/lib/libjimage.so
798bd34ce000-798bd34dd000 r-xp 00000000 00:21 4164575                    /opt/jdk-25/lib/libjli.so
798bd34dd000-798bd34de000 r--p 0000e000 00:21 4164575                    /opt/jdk-25/lib/libjli.so
798bd34de000-798bd34df000 rw-p 0000f000 00:21 4164575                    /opt/jdk-25/lib/libjli.so
798bd34df000-798bd34e1000 rw-p 00000000 00:00 0 
798bd34e1000-798bd34e5000 r--p 00000000 00:00 0                          [vvar]
798bd34e5000-798bd34e7000 r-xp 00000000 00:00 0                          [vdso]
798bd34e7000-798bd34e8000 r--p 00000000 00:21 4749139                    /usr/lib/ld-linux-x86-64.so.2
798bd34e8000-798bd3512000 r-xp 00001000 00:21 4749139                    /usr/lib/ld-linux-x86-64.so.2
798bd3512000-798bd3520000 r--p 0002b000 00:21 4749139                    /usr/lib/ld-linux-x86-64.so.2
798bd3520000-798bd3522000 r--p 00039000 00:21 4749139                    /usr/lib/ld-linux-x86-64.so.2
798bd3522000-798bd3523000 rw-p 0003b000 00:21 4749139                    /usr/lib/ld-linux-x86-64.so.2
798bd3523000-798bd3524000 rw-p 00000000 00:00 0 
7ffd43758000-7ffd4377b000 rw-p 00000000 00:00 0                          [stack]
ffffffffff600000-ffffffffff601000 --xp 00000000 00:00 0                  [vsyscall]
Total number of mappings: 701

JVMTI agents: none


VM Arguments:
jvm_args: -Dfile.encoding=UTF-8 -Duser.country=US -Duser.language=en -Duser.variant 
java_command: com.mygdx.game.lwjgl3.Lwjgl3Launcher
java_class_path (initial): /home/abdenours/Desktop/friend_graphics_test/lwjgl3/build/classes/java/main:/home/abdenours/Desktop/friend_graphics_test/lwjgl3/build/resources/main:/home/abdenours/.gradle/caches/modules-2/files-2.1/com.badlogicgames.gdx/gdx-backend-lwjgl3/1.14.0/122cf51d4a3bcd4e14e8fbd16ae2b65f27fe2d57/gdx-backend-lwjgl3-1.14.0.jar:/home/abdenours/.gradle/caches/modules-2/files-2.1/com.badlogicgames.gdx/gdx-lwjgl3-angle/1.14.0/f15d8d7ec09ef7486490f05f098ab57b4d318073/gdx-lwjgl3-angle-1.14.0.jar:/home/abdenours/.gradle/caches/modules-2/files-2.1/com.badlogicgames.gdx/gdx-platform/1.14.0/d0ecc53f2c20576f1ba4ac9ba157cf48f7bd9821/gdx-platform-1.14.0-natives-desktop.jar:/home/abdenours/Desktop/friend_graphics_test/core/build/libs/core-1.0.0.jar:/home/abdenours/.gradle/caches/modules-2/files-2.1/com.badlogicgames.gdx/gdx/1.14.0/8accfce8d9313d9ddd23a2c9e315179783085ef2/gdx-1.14.0.jar:/home/abdenours/.gradle/caches/modules-2/files-2.1/org.lwjgl/lwjgl-glfw/3.3.3/efa1eb78c5ccd840e9f329717109b5e892d72f8e/lwjgl-glfw-3.3.3.jar:/home/abdenours/.gradle/caches/modules-2/files-2.1/org.lwjgl/lwjgl-glfw/3.3.3/a03684c5e4b1b1dbbe0d29dbbdc27b985b6840f2/lwjgl-glfw-3.3.3-natives-linux.jar:/home/abdenours/.gradle/caches/modules-2/files-2.1/org.lwjgl/lwjgl-glfw/3.3.3/d9af485c32545b37dd5359b163161d42d7534dcf/lwjgl-glfw-3.3.3-natives-linux-arm32.jar:/home/abdenours/.gradle/caches/modules-2/files-2.1/org.lwjgl/lwjgl-glfw/3.3.3/492a0f11f85b85899a6568f07511160c1b87cd38/lwjgl-glfw-3.3.3-natives-linux-arm64.jar:/home/abdenours/.gradle/caches/modules-2/files-2.1/org.lwjgl/lwjgl-glfw/3.3.3/a1bf400f6bc64e6195596cb1430dafda46090751/lwjgl-glfw-3.3.3-natives-macos.jar:/home/abdenours/.gradle/caches/modules-2/files-2.1/org.lwjgl/lwjgl-glfw/3.3.3/ee8cc78d0a4a5b3b4600fade6d927c9fc320c858/lwjgl-glfw-3.3.3-natives-macos-arm64.jar:/home/abdenours/.gradle/caches/modules-2/files-2.1/org.lwjgl/lwjgl-glfw/3.3.3/e449e28b4891fc423c54c85fbc5bb0b9efece67a/lwjgl-glfw-3.3.3-natives-windows.jar:/home/abdenours/.gradle/caches/modules-2/files-2.1/org.lwjgl/lwjgl-glfw/3.3.3/32334f3fd5270a59bad9939a93115acb6de36dcf/lwjgl-glfw-3.3.3-natives-windows-x86.jar:/home/abdenours/.gradle/caches/modules-2/files-2.1/org.lwjgl/lwjgl-jemalloc/3.3.3/b543467b7ff3c6920539a88ee602d34098628be5/lwjgl-jemalloc-3.3.3.jar:/home/abdenours/.gradle/caches/modules-2/files-2.1/org.lwjgl/lwjgl-jemalloc/3.3.3/4f86728bf449b1dd61251c4e0ac01df1389cb51e/lwjgl-jemalloc-3.3.3-natives-linux.jar:/home/abdenours/.gradle/caches/modules-2/files-2.1/org.lwjgl/lwjgl-jemalloc/3.3.3/109b6931880d02d4e65ced38928a16e41d19873e/lwjgl-jemalloc-3.3.3-natives-linux-arm32.jar:/home/abdenours/.gradle/caches/modules-2/files-2.1/org.lwjgl/lwjgl-jemalloc/3.3.3/eff8b86798191192fe2cba2dc2776109f30c239d/lwjgl-jemalloc-3.3.3-natives-linux-arm64.jar:/home/abdenours/.gradle/caches/modules-2/files-2.1/org.lwjgl/lwjgl-jemalloc/3.3.3/2906637657a57579847238c9c72d2c4bde7083f8/lwjgl-jemalloc-3.3.3-natives-macos.jar:/home/abdenours/.gradle/caches/modules-2/files-2.1/org.lwjgl/lwjgl-jemalloc/3.3.3/e9412c3ff8cb3a3bad1d3f52909ad74d8a5bdad1/lwjgl-jemalloc-3.3.3-natives-macos-arm64.jar:/home/abdenours/.gradle/caches/modules-2/files-2.1/org.lwjgl/lwjgl-jemalloc/3.3.3/426222fc027602a5f21b9c0fe79cde6a4c7a011f/lwjgl-jemalloc-3.3.3-natives-windows.jar:/home/abdenours/.gradle/caches/modules-2/files-2.1/org.lwjgl/lwjgl-jemalloc/3.3.3/f6063b6e0f23be483c5c88d84ce51b39dc69126c/lwjgl-jemalloc-3.3.3-natives-windows-x86.jar:/home/abdenours/.gradle/caches/modules-2/files-2.1/org.lwjgl/lwjgl-openal/3.3.3/daada81ceb5fc0c291fbfdd4433cb8d9423577f2/lwjgl-openal-3.3.3.jar:/home/abdenours/.gradle/caches/modules-2/files-2.1/org.lwjgl/lwjgl-openal/3.3.3/3037360cc4595079bea240af250b6d1a527e0905/lwjgl-openal-3.3.3-natives-linux.jar:/home/abdenours/.gradle/caches/modules-2/files-2.1/org.lwjgl/lwjgl-openal/3.3.3/e1702aa09d20359d6cf5cb2999fa7685a785eca7/lwjgl-openal-3.3.3-natives-linux-arm32.jar:/home/abdenours/.gradle/caches/modules-2/files-2.1/org.lwjgl/lwjgl-openal/3.3.3/ad8f302118a65bb8d615f8a2a680db58fb8f835e/lwjgl-openal-3.3.3-natives-linux-arm64.jar:/home/abdenours/.gradle/caches/modules-2/files-2.1/org.lwjgl/lwjgl-openal/3.3.3/8df8338bfa77f2ebabef4e58964bd04d24805cbf/lwjgl-openal-3.3.3-natives-macos.jar:/home/abdenours/.gradle/caches/modules-2/files-2.1/org.lwjgl/lwjgl-openal/3.3.3/c78b078de2fb52f45aa55d04db889a560f3544f/lwjgl-openal-3.3.3-natives-macos-arm64.jar:/home/abdenours/.gradle/caches/modules-2/files-2.1/org.lwjgl/lwjgl-openal/3.3.3/cf83862ae95d98496b26915024c7e666d8ab1c8f/lwjgl-openal-3.3.3-natives-windows.jar:/home/abdenours/.gradle/caches/modules-2/files-2.1/org.lwjgl/lwjgl-openal/3.3.3/87b8d5050e3adb46bb58fe1cb2669a4a48fce10d/lwjgl-openal-3.3.3-natives-windows-x86.jar:/home/abdenours/.gradle/caches/modules-2/files-2.1/org.lwjgl/lwjgl-opengl/3.3.3/2f6b0147078396a58979125a4c947664e98293a/lwjgl-opengl-3.3.3.jar:/home/abdenours/.gradle/caches/modules-2/files-2.1/org.lwjgl/lwjgl-opengl/3.3.3/62c70a4b00ca5391882b0f4b787c1588d24f1c86/lwjgl-opengl-3.3.3-natives-linux.jar:/home/abdenours/.gradle/caches/modules-2/files-2.1/org.lwjgl/lwjgl-opengl/3.3.3/dbba17fc5ac0985d14a57c11f9537617d67b9952/lwjgl-opengl-3.3.3-natives-linux-arm32.jar:/home/abdenours/.gradle/caches/modules-2/files-2.1/org.lwjgl/lwjgl-opengl/3.3.3/2096f6b94b2d68745d858fbfe53aacf5f0c8074c/lwjgl-opengl-3.3.3-natives-linux-arm64.jar:/home/abdenours/.gradle/caches/modules-2/files-2.1/org.lwjgl/lwjgl-opengl/3.3.3/1bd45997551ae8a28469f3a2b678f4b7289e12c0/lwjgl-opengl-3.3.3-natives-macos.jar:/home/abdenours/.gradle/caches/modules-2/files-2.1/org.lwjgl/lwjgl-opengl/3.3.3/d213ddef27637b1af87961ffa94d6b27036becc8/lwjgl-opengl-3.3.3-natives-macos-arm64.jar:/home/abdenours/.gradle/caches/modules-2/files-2.1/org.lwjgl/lwjgl-opengl/3.3.3/e6c1eec8be8a71951b830a4d69efc01c6531900c/lwjgl-opengl-3.3.3-natives-windows.jar:/home/abdenours/.gradle/caches/modules-2/files-2.1/org.lwjgl/lwjgl-opengl/3.3.3/d32d833dcaa2f355a886eaf21f0408b5f03241d/lwjgl-opengl-3.3.3-natives-windows-x86.jar:/home/abdenours/.gradle/caches/modules-2/files-2.1/org.lwjgl/lwjgl-stb/3.3.3/25dd6161988d7e65f71d5065c99902402ee32746/lwjgl-stb-3.3.3.jar:/home/abdenours/.gradle/caches/modules-2/files-2.1/org.lwjgl/lwjgl-stb/3.3.3/fd1271ccd9d85eff2fa31f3fd543e02ccfaf5041/lwjgl-stb-3.3.3-natives-linux.jar:/home/abdenours/.gradle/caches/modules-2/files-2.1/org.lwjgl/lwjgl-stb/3.3.3/1ae28ff044699ff29b0e980ffabd73fba8a664b3/lwjgl-stb-3.3.3-natives-linux-arm32.jar:/home/abdenours/.gradle/caches/modules-2/files-2.1/org.lwjgl/lwjgl-stb/3.3.3/ddc177afc2be1ee8d93684b11363b80589a13fe1/lwjgl-stb-3.3.3-natives-linux-arm64.jar:/home/abdenours/.gradle/caches/modules-2/files-2.1/org.lwjgl/lwjgl-stb/3.3.3/472792c98fb2c1557c060cb9da5fca6a9773621f/lwjgl-stb-3.3.3-natives-macos.jar:/home/abdenours/.gradle/caches/modules-2/files-2.1/org.lwjgl/lwjgl-stb/3.3.3/51c6955571fbcdb7bb538c6aa589b953b584c6af/lwjgl-stb-3.3.3-natives-macos-arm64.jar:/home/abdenours/.gradle/caches/modules-2/files-2.1/org.lwjgl/lwjgl-stb/3.3.3/1d9facdf6541de114b0f963be33505b7679c78cb/lwjgl-stb-3.3.3-natives-windows.jar:/home/abdenours/.gradle/caches/modules-2/files-2.1/org.lwjgl/lwjgl-stb/3.3.3/b5c874687b9aac1a936501d4ed2c49567fd1b575/lwjgl-stb-3.3.3-natives-windows-x86.jar:/home/abdenours/.gradle/caches/modules-2/files-2.1/org.lwjgl/lwjgl-opengles/3.3.3/b3a29ff95bdb320122839741a3723338e6ecfa28/lwjgl-opengles-3.3.3.jar:/home/abdenours/.gradle/caches/modules-2/files-2.1/org.lwjgl/lwjgl-opengles/3.3.3/d59211c8746d50cfb610bd38f8d817a94fbdf013/lwjgl-opengles-3.3.3-natives-linux.jar:/home/abdenours/.gradle/caches/modules-2/files-2.1/org.lwjgl/lwjgl-opengles/3.3.3/8b0c02692d6f869dee1060f290fd157f05dfa999/lwjgl-opengles-3.3.3-natives-linux-arm32.jar:/home/abdenours/.gradle/caches/modules-2/files-2.1/org.lwjgl/lwjgl-opengles/3.3.3/af05595560d4ae6117242ca051e5ae4f27aea9e3/lwjgl-opengles-3.3.3-natives-linux-arm64.jar:/home/abdenours/.gradle/caches/modules-2/files-2.1/org.lwjgl/lwjgl-opengles/3.3.3/d6a20b1f204e48989d994923f4f5131c55424844/lwjgl-opengles-3.3.3-natives-macos.jar:/home/abdenours/.gradle/caches/modules-2/files-2.1/org.lwjgl/lwjgl-opengles/3.3.3/5aeb20635f6d20f2f7f69fe9c05cab831e574b8c/lwjgl-opengles-3.3.3-natives-macos-arm64.jar:/home/abdenours/.gradle/caches/modules-2/files-2.1/org.lwjgl/lwjgl-opengles/3.3.3/22939720fc2737b419dd52db84b8c56bcfab3aac/lwjgl-opengles-3.3.3-natives-windows.jar:/home/abdenours/.gradle/caches/modules-2/files-2.1/org.lwjgl/lwjgl-opengles/3.3.3/331b739ab66790449888e553052ecb051f37ad3f/lwjgl-opengles-3.3.3-natives-windows-x86.jar:/home/abdenours/.gradle/caches/modules-2/files-2.1/org.lwjgl/lwjgl-egl/3.3.3/2f0d613e3f769577548f08b11ae9b7571980aeb1/lwjgl-egl-3.3.3.jar:/home/abdenours/.gradle/caches/modules-2/files-2.1/org.lwjgl/lwjgl/3.3.3/29589b5f87ed335a6c7e7ee6a5775f81f97ecb84/lwjgl-3.3.3.jar:/home/abdenours/.gradle/caches/modules-2/files-2.1/org.lwjgl/lwjgl/3.3.3/1713758e3660ba66e1e954396fd18126038b33c0/lwjgl-3.3.3-natives-linux.jar:/home/abdenours/.gradle/caches/modules-2/files-2.1/org.lwjgl/lwjgl/3.3.3/2075c51a80f0ef0f22ba616ba54007ac2b0debd4/lwjgl-3.3.3-natives-linux-arm32.jar:/home/abdenours/.gradle/caches/modules-2/files-2.1/org.lwjgl/lwjgl/3.3.3/f35d8b6ffe1ac1e3a5eb1d4e33de80f044ad5fd8/lwjgl-3.3.3-natives-linux-arm64.jar:/home/abdenours/.gradle/caches/modules-2/files-2.1/org.lwjgl/lwjgl/3.3.3/33a6efa288390490ce6eb6c3df47ac21ecf648cf/lwjgl-3.3.3-natives-macos.jar:/home/abdenours/.gradle/caches/modules-2/files-2.1/org.lwjgl/lwjgl/3.3.3/226246e75f6bd8d4e1895bdce8638ef87808d114/lwjgl-3.3.3-natives-macos-arm64.jar:/home/abdenours/.gradle/caches/modules-2/files-2.1/org.lwjgl/lwjgl/3.3.3/a5ed18a2b82fc91b81f40d717cb1f64c9dcb0540/lwjgl-3.3.3-natives-windows.jar:/home/abdenours/.gradle/caches/modules-2/files-2.1/org.lwjgl/lwjgl/3.3.3/9e670718e050aeaeea0c2d5b907cffb142f2e58f/lwjgl-3.3.3-natives-windows-x86.jar:/home/abdenours/.gradle/caches/modules-2/files-2.1/com.badlogicgames.jlayer/jlayer/1.0.1-gdx/7cca83cec5c1b2f011362f4d85aabd71a73b049d/jlayer-1.0.1-gdx.jar:/home/abdenours/.gradle/caches/modules-2/files-2.1/org.jcraft/jorbis/0.0.17/8872d22b293e8f5d7d56ff92be966e6dc28ebdc6/jorbis-0.0.17.jar:/home/abdenours/.gradle/caches/modules-2/files-2.1/com.badlogicgames.gdx/gdx-jnigen-loader/2.5.2/f35e90affe07c46b4f5e5958a1a4c1820c4890e2/gdx-jnigen-loader-2.5.2.jar
Launcher Type: SUN_STANDARD

[Global flags]
     intx CICompilerCount                          = 4                                         {product} {ergonomic}
     uint ConcGCThreads                            = 2                                         {product} {ergonomic}
     uint G1ConcRefinementThreads                  = 8                                         {product} {ergonomic}
   size_t G1HeapRegionSize                         = 1048576                                   {product} {ergonomic}
   size_t InitialHeapSize                          = 127926272                                 {product} {ergonomic}
   size_t MarkStackSize                            = 4194304                                   {product} {ergonomic}
   size_t MarkStackSizeMax                         = 536870912                                 {product} {ergonomic}
   size_t MaxHeapSize                              = 2025848832                                {product} {ergonomic}
   size_t MaxNewSize                               = 1215299584                                {product} {ergonomic}
   size_t MinHeapDeltaBytes                        = 1048576                                   {product} {ergonomic}
   size_t MinHeapSize                              = 8388608                                   {product} {ergonomic}
    uintx NonNMethodCodeHeapSize                   = 5836800                                {pd product} {ergonomic}
    uintx NonProfiledCodeHeapSize                  = 122912768                              {pd product} {ergonomic}
    uintx ProfiledCodeHeapSize                     = 122908672                              {pd product} {ergonomic}
    uintx ReservedCodeCacheSize                    = 251658240                              {pd product} {ergonomic}
     bool SegmentedCodeCache                       = true                                      {product} {ergonomic}
   size_t SoftMaxHeapSize                          = 2025848832                             {manageable} {ergonomic}
     bool UseCompressedOops                        = true                           {product lp64_product} {ergonomic}
     bool UseG1GC                                  = true                                      {product} {ergonomic}

Logging:
Log output configuration:
 #0: 
[error occurred during error reporting (printing log configuration), id 0xb, SIGSEGV (0xb) at pc=0x0000798bd26bc576]
Release file:
IMPLEMENTOR="Oracle Corporation"
JAVA_RUNTIME_VERSION="25+37-LTS-3491"
JAVA_VERSION="25"
JAVA_VERSION_DATE="2025-09-16"
LIBC="gnu"
MODULES="java.base java.compiler java.datatransfer java.xml java.prefs java.desktop java.instrument java.logging java.management java.security.sasl java.naming java.rmi java.management.rmi java.net.http java.scripting java.security.jgss java.transaction.xa java.sql java.sql.rowset java.xml.crypto java.se java.smartcardio jdk.accessibility jdk.internal.jvmstat jdk.attach jdk.charsets jdk.internal.opt jdk.zipfs jdk.compiler jdk.crypto.cryptoki jdk.crypto.ec jdk.dynalink jdk.internal.ed jdk.editpad jdk.internal.vm.ci jdk.graal.compiler jdk.graal.compiler.management jdk.hotspot.agent jdk.httpserver jdk.incubator.vector jdk.internal.le jdk.internal.md jdk.jartool jdk.javadoc jdk.jcmd jdk.management jdk.management.agent jdk.jconsole jdk.jdeps jdk.jdwp.agent jdk.jdi jdk.jfr jdk.jlink jdk.jpackage jdk.jshell jdk.jsobject jdk.jstatd jdk.localedata jdk.management.jfr jdk.naming.dns jdk.naming.rmi jdk.net jdk.nio.mapmode jdk.sctp jdk.security.auth jdk.security.jgss jdk.unsupported jdk.unsupported.desktop jdk.xml.dom"
OS_ARCH="x86_64"
OS_NAME="Linux"
SOURCE=".:git:49d6a23b8806 open:git:6c48f4ed707b"

Environment Variables:
PATH=/usr/local/bin:/usr/bin:/bin:/usr/local/sbin:/usr/lib/jvm/default/bin:/usr/bin/site_perl:/usr/bin/vendor_perl:/usr/bin/core_perl
XDG_CACHE_HOME=/home/abdenours/.cache
XDG_CONFIG_HOME=/home/abdenours/.config
SHELL=/bin/bash
DISPLAY=:0.0
LANG=en_US.UTF-8
LC_NUMERIC=fr_FR.UTF-8
LC_TIME=fr_FR.UTF-8

Active Locale:
LC_ALL=LC_CTYPE=en_US.UTF-8;LC_NUMERIC=fr_FR.UTF-8;LC_TIME=fr_FR.UTF-8;LC_COLLATE=en_US.UTF-8;LC_MONETARY=fr_FR.UTF-8;LC_MESSAGES=en_US.UTF-8;LC_PAPER=fr_FR.UTF-8;LC_NAME=fr_FR.UTF-8;LC_ADDRESS=fr_FR.UTF-8;LC_TELEPHONE=fr_FR.UTF-8;LC_MEASUREMENT=fr_FR.UTF-8;LC_IDENTIFICATION=fr_FR.UTF-8
LC_COLLATE=en_US.UTF-8
LC_CTYPE=en_US.UTF-8
LC_MESSAGES=en_US.UTF-8
LC_MONETARY=fr_FR.UTF-8
LC_NUMERIC=fr_FR.UTF-8
LC_TIME=fr_FR.UTF-8

Signal Handlers:
   SIGSEGV: crash_handler in libjvm.so, mask=11100100010111111101111111111110, flags=SA_RESTART|SA_SIGINFO, unblocked
    SIGBUS: crash_handler in libjvm.so, mask=11100100010111111101111111111110, flags=SA_RESTART|SA_SIGINFO, unblocked
    SIGFPE: crash_handler in libjvm.so, mask=11100100010111111101111111111110, flags=SA_RESTART|SA_SIGINFO, unblocked
   SIGPIPE: javaSignalHandler in libjvm.so, mask=11100100010111111101111111111110, flags=SA_RESTART|SA_SIGINFO, blocked
   SIGXFSZ: javaSignalHandler in libjvm.so, mask=11100100010111111101111111111110, flags=SA_RESTART|SA_SIGINFO, blocked
    SIGILL: crash_handler in libjvm.so, mask=11100100010111111101111111111110, flags=SA_RESTART|SA_SIGINFO, unblocked
   SIGUSR2: SR_handler in libjvm.so, mask=00100000000000000000000000000000, flags=SA_RESTART|SA_SIGINFO, blocked
    SIGHUP: UserHandler in libjvm.so, mask=11100100010111111101111111111110, flags=SA_RESTART|SA_SIGINFO, blocked
    SIGINT: UserHandler in libjvm.so, mask=11100100010111111101111111111110, flags=SA_RESTART|SA_SIGINFO, blocked
   SIGTERM: UserHandler in libjvm.so, mask=11100100010111111101111111111110, flags=SA_RESTART|SA_SIGINFO, blocked
   SIGQUIT: UserHandler in libjvm.so, mask=11100100010111111101111111111110, flags=SA_RESTART|SA_SIGINFO, blocked
   SIGTRAP: crash_handler in libjvm.so, mask=11100100010111111101111111111110, flags=SA_RESTART|SA_SIGINFO, unblocked


Compilation memory statistics disabled.

Periodic native trim disabled

---------------  S Y S T E M  ---------------

OS:
DISTRIB_ID=Garuda
DISTRIB_RELEASE=Soaring
DISTRIB_DESCRIPTION="Garuda Linux Broadwing"
DISTRIB_CODENAME="Broadwing"
uname: Linux 6.12.63-1-lts #1 SMP PREEMPT_DYNAMIC Thu, 18 Dec 2025 14:48:15 +0000 x86_64
OS uptime: 0 days 2:50 hours
libc: glibc 2.42 NPTL 2.42 
rlimit (soft/hard): STACK 8192k/infinity , CORE infinity/infinity , NPROC 1048576/1048576 , NOFILE 1048576/1048576 , AS infinity/infinity , CPU infinity/infinity , DATA infinity/infinity , FSIZE infinity/infinity , MEMLOCK 8192k/8192k
load average: 3,75 2,76 1,96

/proc/meminfo:
MemTotal:        7908968 kB
MemFree:          124196 kB
MemAvailable:     635096 kB
Buffers:              12 kB
Cached:           936528 kB
SwapCached:         9364 kB
Active:          4418372 kB
Inactive:        2135088 kB
Active(anon):    3990772 kB
Inactive(anon):  1900748 kB
Active(file):     427600 kB
Inactive(file):   234340 kB
Unevictable:      131972 kB
Mlocked:             328 kB
SwapTotal:      15848440 kB
SwapFree:       14309516 kB
Zswap:                 0 kB
Zswapped:              0 kB
Dirty:              2128 kB
Writeback:             4 kB
AnonPages:       5744816 kB
Mapped:           322620 kB
Shmem:            274820 kB
KReclaimable:     182532 kB
Slab:             339672 kB
SReclaimable:     182532 kB
SUnreclaim:       157140 kB
KernelStack:       15088 kB
PageTables:        51096 kB
SecPageTables:      2056 kB
NFS_Unstable:          0 kB
Bounce:                0 kB
WritebackTmp:          0 kB
CommitLimit:    19802924 kB
Committed_AS:   17706448 kB
VmallocTotal:   34359738367 kB
VmallocUsed:      271544 kB
VmallocChunk:          0 kB
Percpu:             5120 kB
HardwareCorrupted:     0 kB
AnonHugePages:   1107968 kB
ShmemHugePages:   100352 kB
ShmemPmdMapped:        0 kB
FileHugePages:     43008 kB
FilePmdMapped:     43008 kB
CmaTotal:              0 kB
CmaFree:               0 kB
Unaccepted:            0 kB
HugePages_Total:       0
HugePages_Free:        0
HugePages_Rsvd:        0
HugePages_Surp:        0
Hugepagesize:       2048 kB
Hugetlb:               0 kB
DirectMap4k:      553104 kB
DirectMap2M:     7612416 kB
DirectMap1G:           0 kB

/sys/kernel/mm/transparent_hugepage/enabled: [always] madvise never
/sys/kernel/mm/transparent_hugepage/hpage_pmd_size: 2097152
/sys/kernel/mm/transparent_hugepage/shmem_enabled: always within_size advise [never] deny force
/sys/kernel/mm/transparent_hugepage/defrag (defrag/compaction efforts parameter): always defer defer+madvise [madvise] never

Process Memory:
Virtual Size: 6240032K (peak: 6306004K)
Resident Set Size: 209084K (peak: 279108K) (anon: 143192K, file: 62320K, shmem: 3572K)
Swapped out: 24748K
C-Heap outstanding allocations: 49705K, retained: 33614K
glibc malloc tunables: (default)

/proc/sys/kernel/threads-max (system-wide limit on the number of threads): 59823
/proc/sys/vm/max_map_count (maximum number of memory map areas a process may have): 1048576
/proc/sys/vm/swappiness (control to define how aggressively the kernel swaps out anonymous memory): 133
/proc/sys/kernel/pid_max (system-wide limit on number of process identifiers): 4194304

container information not found.
Steal ticks since vm start: 0
Steal ticks percentage since vm start:  0,000

CPU: total 8 (initial active 8) (4 cores per cpu, 2 threads per core) family 6 model 126 stepping 5 microcode 0xca, cx8, cmov, fxsr, ht, mmx, 3dnowpref, sse, sse2, sse3, ssse3, sse4.1, sse4.2, popcnt, lzcnt, tsc, tscinvbit, avx, avx2, aes, erms, clmul, bmi1, bmi2, adx, avx512f, avx512dq, avx512cd, avx512bw, avx512vl, sha, fma, vzeroupper, avx512_vpopcntdq, avx512_vpclmulqdq, avx512_vaes, avx512_vnni, clflush, clflushopt, avx512_vbmi2, avx512_vbmi, rdtscp, rdpid, fsrm, gfni, avx512_bitalg, f16c, pku, ospke, avx512_ifma
CPU Model and flags from /proc/cpuinfo:
model name	: Intel(R) Core(TM) i7-1065G7 CPU @ 1.30GHz
flags		: fpu vme de pse tsc msr pae mce cx8 apic sep mtrr pge mca cmov pat pse36 clflush dts acpi mmx fxsr sse sse2 ss ht tm pbe syscall nx pdpe1gb rdtscp lm constant_tsc art arch_perfmon pebs bts rep_good nopl xtopology nonstop_tsc cpuid aperfmperf tsc_known_freq pni pclmulqdq dtes64 monitor ds_cpl vmx est tm2 ssse3 sdbg fma cx16 xtpr pdcm pcid sse4_1 sse4_2 x2apic movbe popcnt tsc_deadline_timer aes xsave avx f16c rdrand lahf_lm abm 3dnowprefetch cpuid_fault epb ssbd ibrs ibpb stibp ibrs_enhanced tpr_shadow flexpriority ept vpid ept_ad fsgsbase tsc_adjust bmi1 avx2 smep bmi2 erms invpcid avx512f avx512dq rdseed adx smap avx512ifma clflushopt intel_pt avx512cd sha_ni avx512bw avx512vl xsaveopt xsavec xgetbv1 xsaves split_lock_detect dtherm ida arat pln pts hwp hwp_notify hwp_act_window hwp_epp hwp_pkg_req vnmi avx512vbmi umip pku ospke avx512_vbmi2 gfni vaes vpclmulqdq avx512_vnni avx512_bitalg avx512_vpopcntdq rdpid fsrm md_clear flush_l1d arch_capabilities

Online cpus: 0-7
Offline cpus: 
BIOS frequency limitation: <Not Available>
Frequency switch latency (ns): 0
Available cpu frequencies: <Not Available>
Current governor: powersave
Core performance/turbo boost: <Not Available>

Memory: 4k page, physical 7908968k(635096k free), swap 15848440k(14309260k free)
Page Sizes: 4k

vm_info: Java HotSpot(TM) 64-Bit Server VM (25+37-LTS-3491) for linux-amd64 JRE (25+37-LTS-3491), built on 2025-08-14T21:13:00Z with gcc 14.2.0

END.
