#
# A fatal error has been detected by the Java Runtime Environment:
#
#  SIGSEGV (0xb) at pc=0x000078709832d60e, pid=122467, tid=122504
#
# JRE version: Java(TM) SE Runtime Environment (25.0+37) (build 25+37-LTS-3491)
# Java VM: Java HotSpot(TM) 64-Bit Server VM (25+37-LTS-3491, mixed mode, sharing, tiered, compressed oops, compressed class ptrs, g1 gc, linux-amd64)
# Problematic frame:
# C  [libEGL_nvidia.so.0+0xb660e]
#
# Core dump will be written. Default location: Core dumps may be processed with "/usr/lib/systemd/systemd-coredump %P %u %g %s %t %c %h %d %F" (or dumping to /home/abdenours/Desktop/friend_graphics_test/core.122467)
#
# If you would like to submit a bug report, please visit:
#   https://bugreport.java.com/bugreport/crash.jsp
#

---------------  S U M M A R Y ------------

Command Line: -Dfile.encoding=UTF-8 -Duser.country=US -Duser.language=en -Duser.variant com.mygdx.game.lwjgl3.Lwjgl3Launcher

Host: Intel(R) Core(TM) i7-1065G7 CPU @ 1.30GHz, 8 cores, 7G, Garuda Linux Broadwing
Time: Fri Jan  2 20:41:53 2026 CET elapsed time: 334.517834 seconds (0d 0h 5m 34s)

---------------  T H R E A D  ---------------

Current thread is native thread

Stack: [0x000078708efff000,0x000078708f7ff000],  sp=0x000078708f7fde10,  free space=8187k
Native frames: (J=compiled Java code, j=interpreted, Vv=VM code, C=native code)
C  [libEGL_nvidia.so.0+0xb660e]

siginfo: si_signo: 11 (SIGSEGV), si_code: 1 (SEGV_MAPERR), si_addr: 0x0000000000000040

Registers:
RAX=0x0000000000000000, RBX=0x000078708d7f9f80, RCX=0x0000000000000001, RDX=0x0000787073f7d7dc
RSP=0x000078708f7fde10, RBP=0x000078708ced9040, RSI=0x0000787098320840, RDI=0x00007870983b94a8
R8 =0x0000000000000001, R9 =0x0000000001b20baa, R10=0x0000000000000000, R11=0x00007871003c7080
R12=0x0000787073f82a60, R13=0x000078708ced9040, R14=0x000078708d7fa380, R15=0x0000000000000000
RIP=0x000078709832d60e, EFLAGS=0x0000000000010206, CSGSFS=0x002b000000000033, ERR=0x0000000000000004
  TRAPNO=0x000000000000000e

XMM[0]=0x0000000000000000 0x000000004d9f37c3
XMM[1]=0x0000000000000000 0x0007000700070007
XMM[2]=0x0000787100210740 0x00007871001978e0
XMM[3]=0x0000787100196fe0 0x00007871001969e0
XMM[4]=0x0000000000000000 0x00007870f8000090
XMM[5]=0x0000000000000000 0x0000000000000000
XMM[6]=0x0000000000000000 0x0000000000000000
XMM[7]=0x0000000000000000 0x0000000000000000
XMM[8]=0x00007870724089f0 0x00007870724089e0
XMM[9]=0x0000000000000001 0x0000000000000001
XMM[10]=0x0000000000000002 0x0000000000000002
XMM[11]=0xffffffffffffffff 0xffffffffffffffff
XMM[12]=0x0000000000000001 0x0000000000000001
XMM[13]=0x0000000000000000 0x00007870f86780e0
XMM[14]=0x0000000000000000 0x00007870f86780d0
XMM[15]=0x0000000000000000 0x00007870f86780c0
  MXCSR=0x00001fa2


Top of Stack: (sp=0x000078708f7fde10)
0x000078708f7fde10:   0000787073f7f8c0 0000787072810fda   ...spx.....rpx..
0x000078708f7fde20:   0000787073f7f8c0 000078707263729f   ...spx...rcrpx..
0x000078708f7fde30:   00007870f89dfb00 0000787073f2bcc0   ....px.....spx..
0x000078708f7fde40:   000078708f7fe6c0 0001787000000000   ....px......px..
0x000078708f7fde50:   00007870f89de1a0 000078708d7fa380   ....px......px..
0x000078708f7fde60:   0000787072812480 000078708f7fe6c0   .$.rpx......px..
0x000078708f7fde70:   00007870ffffba00 000078708f7fece4   ....px......px..
0x000078708f7fde80:   00007870ffffbb07 000078707281345a   ....px..Z4.rpx..
0x000078708f7fde90:   000078708f7fe6c0 000078708f7fe6c0   ....px......px..
0x000078708f7fdea0:   000078708f7fdf70 000078710009698b   p...px...i..qx..
0x000078708f7fdeb0:   0000000000801000 000078708effe000   ............px..
0x000078708f7fdec0:   0000000000000000 0000008000000000   ................
0x000078708f7fded0:   ffffffffffffff40 0000000000000000   @...............
0x000078708f7fdee0:   0000000000000020 000078708f7fe6c0    ...........px..
0x000078708f7fdef0:   000078708f7fe6c0 c00606bc2f8686a2   ....px...../....
0x000078708f7fdf00:   000078708f7fe6c0 00007870ffffba00   ....px......px..
0x000078708f7fdf10:   0000000000000000 00007870ffffbb07   ............px..
0x000078708f7fdf20:   c00606bc2c0686a2 c00518515e5e86a2   ...,......^^Q...
0x000078708f7fdf30:   0000000000000000 0000000000000000   ................
0x000078708f7fdf40:   0000000000000000 0000000000000000   ................
0x000078708f7fdf50:   0000000000000000 8b80712b626a8300   ..........jb+q..
0x000078708f7fdf60:   00007871000966a0 0000000000000000   .f..qx..........
0x000078708f7fdf70:   0000000000000000 000078710011a9cc   ............qx..
0x000078708f7fdf80:   0000000000000000 0000000000000000   ................
0x000078708f7fdf90:   0000000000000000 0000000000000000   ................
0x000078708f7fdfa0:   0000000000000000 0000000000000000   ................
0x000078708f7fdfb0:   0000000000000000 0000000000000000   ................
0x000078708f7fdfc0:   0000000000000000 0000000000000000   ................
0x000078708f7fdfd0:   0000000000000000 0000000000000000   ................
0x000078708f7fdfe0:   0000000000000000 0000000000000000   ................
0x000078708f7fdff0:   0000000000000000 0000000000000000   ................
0x000078708f7fe000:   0000000000000000 0000000000000000   ................

Instructions: (pc=0x000078709832d60e)
  0x000078709832d50e:   4c 24 08 48 85 c0 48 89 c2 74 61 48 89 08 49 8b
  0x000078709832d51e:   44 24 40 48 83 c2 08 48 85 c0 74 41 41 8b 4c 24
  0x000078709832d52e:   34 31 c0 85 c9 74 19 49 8b 74 24 40 89 c1 83 c0
  0x000078709832d53e:   01 48 8b 34 ce 48 89 34 ca 41 39 44 24 34 77 e7
  0x000078709832d54e:   49 8b 44 24 40 48 85 c0 74 13 48 8d 78 f8 48 89
  0x000078709832d55e:   54 24 08 e8 1a a8 00 00 48 8b 54 24 08 45 89 7c
  0x000078709832d56e:   24 34 49 89 54 24 40 e9 9a fe ff ff 45 8b 74 24
  0x000078709832d57e:   34 e9 90 fe ff ff 66 2e 0f 1f 84 00 00 00 00 00
  0x000078709832d58e:   66 90 48 8b 07 48 39 f0 74 58 55 48 89 fd 53 48
  0x000078709832d59e:   89 f3 48 83 ec 08 48 85 c0 74 15 48 8d 78 08 ff
  0x000078709832d5ae:   50 18 85 c0 75 0a 48 8b 7d 00 48 8b 07 ff 50 08
  0x000078709832d5be:   48 89 5d 00 48 85 db 74 19 48 8b 43 10 48 83 c4
  0x000078709832d5ce:   08 48 8d 7b 08 5b 5d ff e0 66 0f 1f 84 00 00 00
  0x000078709832d5de:   00 00 48 83 c4 08 5b 5d c3 66 0f 1f 84 00 00 00
  0x000078709832d5ee:   00 00 c3 66 66 2e 0f 1f 84 00 00 00 00 00 0f 1f
  0x000078709832d5fe:   40 00 48 83 ec 08 bf 01 00 00 00 e8 62 4a ff ff
=>0x000078709832d60e:   8b 70 40 48 8d 78 30 48 83 c4 08 e9 62 68 f8 ff
  0x000078709832d61e:   66 90 48 83 ec 18 48 8b 87 b0 04 00 00 ba 04 00
  0x000078709832d62e:   00 00 be 01 00 00 00 48 8d 4c 24 0c bf 01 00 00
  0x000078709832d63e:   00 ff 90 d8 00 00 00 48 83 c4 18 c3 66 0f 1f 44
  0x000078709832d64e:   00 00 49 89 fa 41 89 d1 40 0f b6 fe 89 ca 49 8b
  0x000078709832d65e:   82 b0 04 00 00 4c 89 c1 44 89 ce 48 8b 80 d8 00
  0x000078709832d66e:   00 00 ff e0 66 66 2e 0f 1f 84 00 00 00 00 00 0f
  0x000078709832d67e:   1f 00 55 40 0f b6 f6 53 48 89 fb 48 83 ec 08 48
  0x000078709832d68e:   8b af b0 04 00 00 e8 b7 ff ff ff ff 95 00 01 00
  0x000078709832d69e:   00 8b 10 89 53 28 48 83 c4 08 5b 5d c3 0f 1f 44
  0x000078709832d6ae:   00 00 41 57 41 56 49 89 fe bf 01 00 00 00 41 55
  0x000078709832d6be:   49 89 f5 41 54 55 53 48 83 ec 58 48 89 14 24 e8
  0x000078709832d6ce:   9e 49 ff ff 48 c7 44 24 18 00 00 00 00 83 b8 a0
  0x000078709832d6de:   04 00 00 03 4c 8b b8 b0 04 00 00 48 89 c3 44 8b
  0x000078709832d6ee:   60 38 0f 84 02 01 00 00 48 8d 4c 24 20 48 8d 70
  0x000078709832d6fe:   30 ba 01 00 00 00 48 89 cf 48 89 4c 24 08 e8 7f



---------------  P R O C E S S  ---------------

VM state: at safepoint (shutting down)

VM Mutex/Monitor currently owned by a thread:  ([mutex/lock_event])
[0x00007870ffe370a8] Threads_lock - owner thread: 0x00007870f810e300
[0x00007870ffe36f28] Heap_lock - owner thread: 0x00007870ac0090a0

Heap address: 0x0000000087400000, size: 1932 MB, Compressed Oops mode: 32-bit

CDS archive(s) mapped at: [0x0000000006000000-0x0000000006d92000-0x0000000006d92000), size 14229504, SharedBaseAddress: 0x0000000006000000, ArchiveRelocationMode: 1.
Compressed class space mapped at: 0x0000000007000000-0x0000000047000000, reserved size: 1073741824
UseCompressedClassPointers 1, UseCompactObjectHeaders 0
Narrow klass pointer bits 32, Max shift 3
Narrow klass base: 0x0000000006000000, Narrow klass shift: 0
Encoding Range: [0x0000000006000000 - 0x0000000106000000), (4294967296 bytes)
Klass Range:    [0x0000000006001000 - 0x0000000047000000), (1090514944 bytes)
Klass ID Range:  [4096 - 1090519033) (1090514937)
Protection zone: [0x0000000006000000 - 0x0000000006001000), (4096 bytes)

GC Precious Log:
<Skipped>

Heap:
 garbage-first heap   total reserved 1978368K, committed 126976K, used 40071K [0x0000000087400000, 0x0000000100000000)
  region size 1024K, 39 young (39936K), 3 survivors (3072K)

Heap Regions: E=young(eden), S=young(survivor), O=old, HS=humongous(starts), HC=humongous(continues), CS=collection set, F=free, TAMS=top-at-mark-start, PB=parsable bottom
|   0|0x0000000087400000, 0x0000000087400000, 0x0000000087500000|  0%| F|  |TAMS 0x0000000087400000| PB 0x0000000087400000| Untracked |  0
|   1|0x0000000087500000, 0x0000000087500000, 0x0000000087600000|  0%| F|  |TAMS 0x0000000087500000| PB 0x0000000087500000| Untracked |  0
|   2|0x0000000087600000, 0x0000000087600000, 0x0000000087700000|  0%| F|  |TAMS 0x0000000087600000| PB 0x0000000087600000| Untracked |  0
|   3|0x0000000087700000, 0x0000000087700000, 0x0000000087800000|  0%| F|  |TAMS 0x0000000087700000| PB 0x0000000087700000| Untracked |  0
|   4|0x0000000087800000, 0x0000000087800000, 0x0000000087900000|  0%| F|  |TAMS 0x0000000087800000| PB 0x0000000087800000| Untracked |  0
|   5|0x0000000087900000, 0x0000000087900000, 0x0000000087a00000|  0%| F|  |TAMS 0x0000000087900000| PB 0x0000000087900000| Untracked |  0
|   6|0x0000000087a00000, 0x0000000087a00000, 0x0000000087b00000|  0%| F|  |TAMS 0x0000000087a00000| PB 0x0000000087a00000| Untracked |  0
|   7|0x0000000087b00000, 0x0000000087b00000, 0x0000000087c00000|  0%| F|  |TAMS 0x0000000087b00000| PB 0x0000000087b00000| Untracked |  0
|   8|0x0000000087c00000, 0x0000000087c00000, 0x0000000087d00000|  0%| F|  |TAMS 0x0000000087c00000| PB 0x0000000087c00000| Untracked |  0
|   9|0x0000000087d00000, 0x0000000087d00000, 0x0000000087e00000|  0%| F|  |TAMS 0x0000000087d00000| PB 0x0000000087d00000| Untracked |  0
|  10|0x0000000087e00000, 0x0000000087e00000, 0x0000000087f00000|  0%| F|  |TAMS 0x0000000087e00000| PB 0x0000000087e00000| Untracked |  0
|  11|0x0000000087f00000, 0x0000000087f00000, 0x0000000088000000|  0%| F|  |TAMS 0x0000000087f00000| PB 0x0000000087f00000| Untracked |  0
|  12|0x0000000088000000, 0x0000000088000000, 0x0000000088100000|  0%| F|  |TAMS 0x0000000088000000| PB 0x0000000088000000| Untracked |  0
|  13|0x0000000088100000, 0x0000000088100000, 0x0000000088200000|  0%| F|  |TAMS 0x0000000088100000| PB 0x0000000088100000| Untracked |  0
|  14|0x0000000088200000, 0x0000000088200000, 0x0000000088300000|  0%| F|  |TAMS 0x0000000088200000| PB 0x0000000088200000| Untracked |  0
|  15|0x0000000088300000, 0x0000000088300000, 0x0000000088400000|  0%| F|  |TAMS 0x0000000088300000| PB 0x0000000088300000| Untracked |  0
|  16|0x0000000088400000, 0x0000000088400000, 0x0000000088500000|  0%| F|  |TAMS 0x0000000088400000| PB 0x0000000088400000| Untracked |  0
|  17|0x0000000088500000, 0x0000000088500000, 0x0000000088600000|  0%| F|  |TAMS 0x0000000088500000| PB 0x0000000088500000| Untracked |  0
|  18|0x0000000088600000, 0x0000000088600000, 0x0000000088700000|  0%| F|  |TAMS 0x0000000088600000| PB 0x0000000088600000| Untracked |  0
|  19|0x0000000088700000, 0x0000000088700000, 0x0000000088800000|  0%| F|  |TAMS 0x0000000088700000| PB 0x0000000088700000| Untracked |  0
|  20|0x0000000088800000, 0x0000000088800000, 0x0000000088900000|  0%| F|  |TAMS 0x0000000088800000| PB 0x0000000088800000| Untracked |  0
|  21|0x0000000088900000, 0x0000000088900000, 0x0000000088a00000|  0%| F|  |TAMS 0x0000000088900000| PB 0x0000000088900000| Untracked |  0
|  22|0x0000000088a00000, 0x0000000088a00000, 0x0000000088b00000|  0%| F|  |TAMS 0x0000000088a00000| PB 0x0000000088a00000| Untracked |  0
|  23|0x0000000088b00000, 0x0000000088b00000, 0x0000000088c00000|  0%| F|  |TAMS 0x0000000088b00000| PB 0x0000000088b00000| Untracked |  0
|  24|0x0000000088c00000, 0x0000000088c00000, 0x0000000088d00000|  0%| F|  |TAMS 0x0000000088c00000| PB 0x0000000088c00000| Untracked |  0
|  25|0x0000000088d00000, 0x0000000088d00000, 0x0000000088e00000|  0%| F|  |TAMS 0x0000000088d00000| PB 0x0000000088d00000| Untracked |  0
|  26|0x0000000088e00000, 0x0000000088e00000, 0x0000000088f00000|  0%| F|  |TAMS 0x0000000088e00000| PB 0x0000000088e00000| Untracked |  0
|  27|0x0000000088f00000, 0x0000000088f00000, 0x0000000089000000|  0%| F|  |TAMS 0x0000000088f00000| PB 0x0000000088f00000| Untracked |  0
|  28|0x0000000089000000, 0x0000000089000000, 0x0000000089100000|  0%| F|  |TAMS 0x0000000089000000| PB 0x0000000089000000| Untracked |  0
|  29|0x0000000089100000, 0x0000000089100000, 0x0000000089200000|  0%| F|  |TAMS 0x0000000089100000| PB 0x0000000089100000| Untracked |  0
|  30|0x0000000089200000, 0x0000000089200000, 0x0000000089300000|  0%| F|  |TAMS 0x0000000089200000| PB 0x0000000089200000| Untracked |  0
|  31|0x0000000089300000, 0x0000000089300000, 0x0000000089400000|  0%| F|  |TAMS 0x0000000089300000| PB 0x0000000089300000| Untracked |  0
|  32|0x0000000089400000, 0x0000000089400000, 0x0000000089500000|  0%| F|  |TAMS 0x0000000089400000| PB 0x0000000089400000| Untracked |  0
|  33|0x0000000089500000, 0x0000000089500000, 0x0000000089600000|  0%| F|  |TAMS 0x0000000089500000| PB 0x0000000089500000| Untracked |  0
|  34|0x0000000089600000, 0x0000000089600000, 0x0000000089700000|  0%| F|  |TAMS 0x0000000089600000| PB 0x0000000089600000| Untracked |  0
|  35|0x0000000089700000, 0x0000000089700000, 0x0000000089800000|  0%| F|  |TAMS 0x0000000089700000| PB 0x0000000089700000| Untracked |  0
|  36|0x0000000089800000, 0x0000000089800000, 0x0000000089900000|  0%| F|  |TAMS 0x0000000089800000| PB 0x0000000089800000| Untracked |  0
|  37|0x0000000089900000, 0x0000000089900000, 0x0000000089a00000|  0%| F|  |TAMS 0x0000000089900000| PB 0x0000000089900000| Untracked |  0
|  38|0x0000000089a00000, 0x0000000089a00000, 0x0000000089b00000|  0%| F|  |TAMS 0x0000000089a00000| PB 0x0000000089a00000| Untracked |  0
|  39|0x0000000089b00000, 0x0000000089b00000, 0x0000000089c00000|  0%| F|  |TAMS 0x0000000089b00000| PB 0x0000000089b00000| Untracked |  0
|  40|0x0000000089c00000, 0x0000000089c00000, 0x0000000089d00000|  0%| F|  |TAMS 0x0000000089c00000| PB 0x0000000089c00000| Untracked |  0
|  41|0x0000000089d00000, 0x0000000089d00000, 0x0000000089e00000|  0%| F|  |TAMS 0x0000000089d00000| PB 0x0000000089d00000| Untracked |  0
|  42|0x0000000089e00000, 0x0000000089e00000, 0x0000000089f00000|  0%| F|  |TAMS 0x0000000089e00000| PB 0x0000000089e00000| Untracked |  0
|  43|0x0000000089f00000, 0x0000000089f00000, 0x000000008a000000|  0%| F|  |TAMS 0x0000000089f00000| PB 0x0000000089f00000| Untracked |  0
|  44|0x000000008a000000, 0x000000008a000000, 0x000000008a100000|  0%| F|  |TAMS 0x000000008a000000| PB 0x000000008a000000| Untracked |  0
|  45|0x000000008a100000, 0x000000008a100000, 0x000000008a200000|  0%| F|  |TAMS 0x000000008a100000| PB 0x000000008a100000| Untracked |  0
|  46|0x000000008a200000, 0x000000008a200000, 0x000000008a300000|  0%| F|  |TAMS 0x000000008a200000| PB 0x000000008a200000| Untracked |  0
|  47|0x000000008a300000, 0x000000008a300000, 0x000000008a400000|  0%| F|  |TAMS 0x000000008a300000| PB 0x000000008a300000| Untracked |  0
|  48|0x000000008a400000, 0x000000008a400000, 0x000000008a500000|  0%| F|  |TAMS 0x000000008a400000| PB 0x000000008a400000| Untracked |  0
|  49|0x000000008a500000, 0x000000008a500000, 0x000000008a600000|  0%| F|  |TAMS 0x000000008a500000| PB 0x000000008a500000| Untracked |  0
|  50|0x000000008a600000, 0x000000008a600000, 0x000000008a700000|  0%| F|  |TAMS 0x000000008a600000| PB 0x000000008a600000| Untracked |  0
|  51|0x000000008a700000, 0x000000008a700000, 0x000000008a800000|  0%| F|  |TAMS 0x000000008a700000| PB 0x000000008a700000| Untracked |  0
|  52|0x000000008a800000, 0x000000008a800000, 0x000000008a900000|  0%| F|  |TAMS 0x000000008a800000| PB 0x000000008a800000| Untracked |  0
|  53|0x000000008a900000, 0x000000008a900000, 0x000000008aa00000|  0%| F|  |TAMS 0x000000008a900000| PB 0x000000008a900000| Untracked |  0
|  54|0x000000008aa00000, 0x000000008aa00000, 0x000000008ab00000|  0%| F|  |TAMS 0x000000008aa00000| PB 0x000000008aa00000| Untracked |  0
|  55|0x000000008ab00000, 0x000000008ab00000, 0x000000008ac00000|  0%| F|  |TAMS 0x000000008ab00000| PB 0x000000008ab00000| Untracked |  0
|  56|0x000000008ac00000, 0x000000008ac00000, 0x000000008ad00000|  0%| F|  |TAMS 0x000000008ac00000| PB 0x000000008ac00000| Untracked |  0
|  57|0x000000008ad00000, 0x000000008ad00000, 0x000000008ae00000|  0%| F|  |TAMS 0x000000008ad00000| PB 0x000000008ad00000| Untracked |  0
|  58|0x000000008ae00000, 0x000000008ae00000, 0x000000008af00000|  0%| F|  |TAMS 0x000000008ae00000| PB 0x000000008ae00000| Untracked |  0
|  59|0x000000008af00000, 0x000000008af00000, 0x000000008b000000|  0%| F|  |TAMS 0x000000008af00000| PB 0x000000008af00000| Untracked |  0
|  60|0x000000008b000000, 0x000000008b000000, 0x000000008b100000|  0%| F|  |TAMS 0x000000008b000000| PB 0x000000008b000000| Untracked |  0
|  61|0x000000008b100000, 0x000000008b100000, 0x000000008b200000|  0%| F|  |TAMS 0x000000008b100000| PB 0x000000008b100000| Untracked |  0
|  62|0x000000008b200000, 0x000000008b300000, 0x000000008b300000|100%| S|CS|TAMS 0x000000008b200000| PB 0x000000008b200000| Complete |  0
|  63|0x000000008b300000, 0x000000008b400000, 0x000000008b400000|100%| S|CS|TAMS 0x000000008b300000| PB 0x000000008b300000| Complete |  0
|  64|0x000000008b400000, 0x000000008b500000, 0x000000008b500000|100%| S|CS|TAMS 0x000000008b400000| PB 0x000000008b400000| Complete |  0
|  65|0x000000008b500000, 0x000000008b500000, 0x000000008b600000|  0%| F|  |TAMS 0x000000008b500000| PB 0x000000008b500000| Untracked |  0
|  66|0x000000008b600000, 0x000000008b600000, 0x000000008b700000|  0%| F|  |TAMS 0x000000008b600000| PB 0x000000008b600000| Untracked |  0
|  67|0x000000008b700000, 0x000000008b700000, 0x000000008b800000|  0%| F|  |TAMS 0x000000008b700000| PB 0x000000008b700000| Untracked |  0
|  68|0x000000008b800000, 0x000000008b800000, 0x000000008b900000|  0%| F|  |TAMS 0x000000008b800000| PB 0x000000008b800000| Untracked |  0
|  69|0x000000008b900000, 0x000000008b900000, 0x000000008ba00000|  0%| F|  |TAMS 0x000000008b900000| PB 0x000000008b900000| Untracked |  0
|  70|0x000000008ba00000, 0x000000008ba00000, 0x000000008bb00000|  0%| F|  |TAMS 0x000000008ba00000| PB 0x000000008ba00000| Untracked |  0
|  71|0x000000008bb00000, 0x000000008bb00000, 0x000000008bc00000|  0%| F|  |TAMS 0x000000008bb00000| PB 0x000000008bb00000| Untracked |  0
|  72|0x000000008bc00000, 0x000000008bc00000, 0x000000008bd00000|  0%| F|  |TAMS 0x000000008bc00000| PB 0x000000008bc00000| Untracked |  0
|  73|0x000000008bd00000, 0x000000008bd00000, 0x000000008be00000|  0%| F|  |TAMS 0x000000008bd00000| PB 0x000000008bd00000| Untracked |  0
|  74|0x000000008be00000, 0x000000008be00000, 0x000000008bf00000|  0%| F|  |TAMS 0x000000008be00000| PB 0x000000008be00000| Untracked |  0
|  75|0x000000008bf00000, 0x000000008bf00000, 0x000000008c000000|  0%| F|  |TAMS 0x000000008bf00000| PB 0x000000008bf00000| Untracked |  0
|  76|0x000000008c000000, 0x000000008c000000, 0x000000008c100000|  0%| F|  |TAMS 0x000000008c000000| PB 0x000000008c000000| Untracked |  0
|  77|0x000000008c100000, 0x000000008c100000, 0x000000008c200000|  0%| F|  |TAMS 0x000000008c100000| PB 0x000000008c100000| Untracked |  0
|  78|0x000000008c200000, 0x000000008c200000, 0x000000008c300000|  0%| F|  |TAMS 0x000000008c200000| PB 0x000000008c200000| Untracked |  0
|  79|0x000000008c300000, 0x000000008c300000, 0x000000008c400000|  0%| F|  |TAMS 0x000000008c300000| PB 0x000000008c300000| Untracked |  0
|  80|0x000000008c400000, 0x000000008c400000, 0x000000008c500000|  0%| F|  |TAMS 0x000000008c400000| PB 0x000000008c400000| Untracked |  0
|  81|0x000000008c500000, 0x000000008c500000, 0x000000008c600000|  0%| F|  |TAMS 0x000000008c500000| PB 0x000000008c500000| Untracked |  0
|  82|0x000000008c600000, 0x000000008c600000, 0x000000008c700000|  0%| F|  |TAMS 0x000000008c600000| PB 0x000000008c600000| Untracked |  0
|  83|0x000000008c700000, 0x000000008c700000, 0x000000008c800000|  0%| F|  |TAMS 0x000000008c700000| PB 0x000000008c700000| Untracked |  0
|  84|0x000000008c800000, 0x000000008c800000, 0x000000008c900000|  0%| F|  |TAMS 0x000000008c800000| PB 0x000000008c800000| Untracked |  0
|  85|0x000000008c900000, 0x000000008c900000, 0x000000008ca00000|  0%| F|  |TAMS 0x000000008c900000| PB 0x000000008c900000| Untracked |  0
|  86|0x000000008ca00000, 0x000000008caeb870, 0x000000008cb00000| 92%| E|  |TAMS 0x000000008ca00000| PB 0x000000008ca00000| Complete |  0
|  87|0x000000008cb00000, 0x000000008cc00000, 0x000000008cc00000|100%| E|CS|TAMS 0x000000008cb00000| PB 0x000000008cb00000| Complete |  0
|  88|0x000000008cc00000, 0x000000008cd00000, 0x000000008cd00000|100%| E|CS|TAMS 0x000000008cc00000| PB 0x000000008cc00000| Complete |  0
|  89|0x000000008cd00000, 0x000000008ce00000, 0x000000008ce00000|100%| E|CS|TAMS 0x000000008cd00000| PB 0x000000008cd00000| Complete |  0
|  90|0x000000008ce00000, 0x000000008cf00000, 0x000000008cf00000|100%| E|CS|TAMS 0x000000008ce00000| PB 0x000000008ce00000| Complete |  0
|  91|0x000000008cf00000, 0x000000008d000000, 0x000000008d000000|100%| E|CS|TAMS 0x000000008cf00000| PB 0x000000008cf00000| Complete |  0
|  92|0x000000008d000000, 0x000000008d100000, 0x000000008d100000|100%| E|CS|TAMS 0x000000008d000000| PB 0x000000008d000000| Complete |  0
|  93|0x000000008d100000, 0x000000008d200000, 0x000000008d200000|100%| E|CS|TAMS 0x000000008d100000| PB 0x000000008d100000| Complete |  0
|  94|0x000000008d200000, 0x000000008d300000, 0x000000008d300000|100%| E|CS|TAMS 0x000000008d200000| PB 0x000000008d200000| Complete |  0
|  95|0x000000008d300000, 0x000000008d400000, 0x000000008d400000|100%| E|CS|TAMS 0x000000008d300000| PB 0x000000008d300000| Complete |  0
|  96|0x000000008d400000, 0x000000008d500000, 0x000000008d500000|100%| E|CS|TAMS 0x000000008d400000| PB 0x000000008d400000| Complete |  0
|  97|0x000000008d500000, 0x000000008d600000, 0x000000008d600000|100%| E|CS|TAMS 0x000000008d500000| PB 0x000000008d500000| Complete |  0
|  98|0x000000008d600000, 0x000000008d700000, 0x000000008d700000|100%| E|CS|TAMS 0x000000008d600000| PB 0x000000008d600000| Complete |  0
|  99|0x000000008d700000, 0x000000008d800000, 0x000000008d800000|100%| E|CS|TAMS 0x000000008d700000| PB 0x000000008d700000| Complete |  0
| 100|0x000000008d800000, 0x000000008d900000, 0x000000008d900000|100%| E|CS|TAMS 0x000000008d800000| PB 0x000000008d800000| Complete |  0
| 101|0x000000008d900000, 0x000000008da00000, 0x000000008da00000|100%| E|CS|TAMS 0x000000008d900000| PB 0x000000008d900000| Complete |  0
| 102|0x000000008da00000, 0x000000008db00000, 0x000000008db00000|100%| E|CS|TAMS 0x000000008da00000| PB 0x000000008da00000| Complete |  0
| 103|0x000000008db00000, 0x000000008dc00000, 0x000000008dc00000|100%| E|CS|TAMS 0x000000008db00000| PB 0x000000008db00000| Complete |  0
| 104|0x000000008dc00000, 0x000000008dd00000, 0x000000008dd00000|100%| E|CS|TAMS 0x000000008dc00000| PB 0x000000008dc00000| Complete |  0
| 105|0x000000008dd00000, 0x000000008de00000, 0x000000008de00000|100%| E|CS|TAMS 0x000000008dd00000| PB 0x000000008dd00000| Complete |  0
| 106|0x000000008de00000, 0x000000008df00000, 0x000000008df00000|100%| E|CS|TAMS 0x000000008de00000| PB 0x000000008de00000| Complete |  0
| 107|0x000000008df00000, 0x000000008e000000, 0x000000008e000000|100%| E|CS|TAMS 0x000000008df00000| PB 0x000000008df00000| Complete |  0
| 108|0x000000008e000000, 0x000000008e100000, 0x000000008e100000|100%| E|CS|TAMS 0x000000008e000000| PB 0x000000008e000000| Complete |  0
| 109|0x000000008e100000, 0x000000008e200000, 0x000000008e200000|100%| E|CS|TAMS 0x000000008e100000| PB 0x000000008e100000| Complete |  0
| 110|0x000000008e200000, 0x000000008e300000, 0x000000008e300000|100%| E|CS|TAMS 0x000000008e200000| PB 0x000000008e200000| Complete |  0
| 111|0x000000008e300000, 0x000000008e400000, 0x000000008e400000|100%| E|CS|TAMS 0x000000008e300000| PB 0x000000008e300000| Complete |  0
| 112|0x000000008e400000, 0x000000008e500000, 0x000000008e500000|100%| E|CS|TAMS 0x000000008e400000| PB 0x000000008e400000| Complete |  0
| 113|0x000000008e500000, 0x000000008e600000, 0x000000008e600000|100%| E|CS|TAMS 0x000000008e500000| PB 0x000000008e500000| Complete |  0
| 114|0x000000008e600000, 0x000000008e700000, 0x000000008e700000|100%| E|CS|TAMS 0x000000008e600000| PB 0x000000008e600000| Complete |  0
| 115|0x000000008e700000, 0x000000008e800000, 0x000000008e800000|100%| E|CS|TAMS 0x000000008e700000| PB 0x000000008e700000| Complete |  0
| 116|0x000000008e800000, 0x000000008e900000, 0x000000008e900000|100%| E|CS|TAMS 0x000000008e800000| PB 0x000000008e800000| Complete |  0
| 117|0x000000008e900000, 0x000000008ea00000, 0x000000008ea00000|100%| E|CS|TAMS 0x000000008e900000| PB 0x000000008e900000| Complete |  0
| 118|0x000000008ea00000, 0x000000008eb00000, 0x000000008eb00000|100%| E|CS|TAMS 0x000000008ea00000| PB 0x000000008ea00000| Complete |  0
| 119|0x000000008eb00000, 0x000000008ec00000, 0x000000008ec00000|100%| E|CS|TAMS 0x000000008eb00000| PB 0x000000008eb00000| Complete |  0
| 120|0x000000008ec00000, 0x000000008ed00000, 0x000000008ed00000|100%| E|CS|TAMS 0x000000008ec00000| PB 0x000000008ec00000| Complete |  0
| 121|0x000000008ed00000, 0x000000008ee00000, 0x000000008ee00000|100%| E|CS|TAMS 0x000000008ed00000| PB 0x000000008ed00000| Complete |  0
|1930|0x00000000ffe00000, 0x00000000fff00000, 0x00000000fff00000|100%| O|  |TAMS 0x00000000ffe00000| PB 0x00000000ffe00000| Untracked |  0
|1931|0x00000000fff00000, 0x00000000fff21de0, 0x0000000100000000| 13%| O|  |TAMS 0x00000000fff00000| PB 0x00000000fff00000| Untracked |  0

Card table byte_map: [0x00007870fd696000,0x00007870fda5c000] _byte_map_base: 0x00007870fd25c000

Marking Bits: (CMBitMap*) 0x00007870f8086e80
 Bits: [0x00007870de7d0000, 0x00007870e0600000)

Polling page: 0x000078710038d000

Metaspace:
Metaspace        used 7598K, committed 7808K, reserved 1114112K
 class space     used 519K, committed 640K, reserved 1048576K

Usage:
  Non-class:      6,91 MB used.
      Class:    519,37 KB used.
       Both:      7,42 MB used.

Virtual space:
  Non-class space:       64,00 MB reserved,       7,00 MB ( 11%) committed,  1 nodes.
      Class space:        1,00 GB reserved,     640,00 KB ( <1%) committed,  1 nodes.
             Both:        1,06 GB reserved,       7,62 MB ( <1%) committed. 

Chunk freelists:
   Non-Class:  8,56 MB
       Class:  15,43 MB
        Both:  23,99 MB

MaxMetaspaceSize: unlimited
CompressedClassSpaceSize: 1,00 GB
Initial GC threshold: 21,00 MB
Current GC threshold: 21,00 MB
CDS: on
 - commit_granule_bytes: 65536.
 - commit_granule_words: 8192.
 - virtual_space_node_default_size: 8388608.
 - enlarge_chunks_in_place: 1.
UseCompressedClassPointers 1, UseCompactObjectHeaders 0
Narrow klass pointer bits 32, Max shift 3
Narrow klass base: 0x0000000006000000, Narrow klass shift: 0
Encoding Range: [0x0000000006000000 - 0x0000000106000000), (4294967296 bytes)
Klass Range:    [0x0000000006001000 - 0x0000000047000000), (1090514944 bytes)
Klass ID Range:  [4096 - 1090519033) (1090514937)
Protection zone: [0x0000000006000000 - 0x0000000006001000), (4096 bytes)


Internal statistics:

num_allocs_failed_limit: 0.
num_arena_births: 174.
num_arena_deaths: 0.
num_vsnodes_births: 2.
num_vsnodes_deaths: 0.
num_space_committed: 122.
num_space_uncommitted: 0.
num_chunks_returned_to_freelist: 0.
num_chunks_taken_from_freelist: 372.
num_chunk_merges: 0.
num_chunk_splits: 247.
num_chunks_enlarged: 161.
num_inconsistent_stats: 0.

CodeHeap 'non-profiled nmethods': size=120032Kb used=713Kb max_used=713Kb free=119318Kb
 bounds [0x00007870e80c8000, 0x00007870e8338000, 0x00007870ef600000]
CodeHeap 'profiled nmethods': size=120028Kb used=2709Kb max_used=2709Kb free=117318Kb
 bounds [0x00007870e0600000, 0x00007870e08b0000, 0x00007870e7b37000]
CodeHeap 'non-nmethods': size=5700Kb used=2453Kb max_used=2544Kb free=3246Kb
 bounds [0x00007870e7b37000, 0x00007870e7dc7000, 0x00007870e80c8000]
CodeCache: size=245760Kb, used=5875Kb, max_used=5966Kb, free=239882Kb
 total_blobs=3172, nmethods=2022, adapters=1055, full_count=0
Compilation: enabled, stopped_count=0, restarted_count=0

Compilation events (20 events):
Event: 229,597 Thread 0x00007870f8122650 nmethod 2012 0x00007870e08a2008 code [0x00007870e08a2100, 0x00007870e08a2420]
Event: 229,597 Thread 0x00007870f8122650 2013       3       org.lwjgl.system.MemoryUtil::memSet (92 bytes)
Event: 229,598 Thread 0x00007870f8122650 nmethod 2013 0x00007870e08a2488 code [0x00007870e08a2580, 0x00007870e08a2768]
Event: 234,598 Thread 0x00007870f8122650 2014       3       org.lwjgl.openal.ALC10::nalcGetString (14 bytes)
Event: 234,599 Thread 0x00007870f8122650 nmethod 2014 0x00007870e08a2788 code [0x00007870e08a2880, 0x00007870e08a2d70]
Event: 254,602 Thread 0x00007870f8122650 2015       3       java.util.ArrayList::toArray (57 bytes)
Event: 254,603 Thread 0x00007870f8122650 nmethod 2015 0x00007870e08a2d88 code [0x00007870e08a2e80, 0x00007870e08a33f8]
Event: 255,602 Thread 0x00007870f8122650 2016   !   3       org.lwjgl.openal.ALC10::alcGetInteger (56 bytes)
Event: 255,605 Thread 0x00007870f8122650 nmethod 2016 0x00007870e08a3408 code [0x00007870e08a3500, 0x00007870e08a43d8]
Event: 255,605 Thread 0x00007870f8122650 2017       3       org.lwjgl.openal.ALC10::nalcGetIntegerv (19 bytes)
Event: 255,606 Thread 0x00007870f8122650 nmethod 2017 0x00007870e08a4408 code [0x00007870e08a4500, 0x00007870e08a4a18]
Event: 255,606 Thread 0x00007870f8122650 2018       3       com.badlogic.gdx.backends.lwjgl3.audio.OpenALLwjgl3Audio::getAvailableOutputDevices (31 bytes)
Event: 255,606 Thread 0x00007870f8122650 nmethod 2018 0x00007870e08a4a88 code [0x00007870e08a4b80, 0x00007870e08a4fc8]
Event: 333,757 Thread 0x00007870f8122650 2020       1       java.lang.Class::getModifiers (5 bytes)
Event: 333,757 Thread 0x00007870f8122650 nmethod 2020 0x00007870e817a008 code [0x00007870e817a100, 0x00007870e817a1c0]
Event: 333,766 Thread 0x00007870f8120c60 2021       4       java.util.concurrent.ConcurrentHashMap::spread (10 bytes)
Event: 333,768 Thread 0x00007870f8122650 2022  s    3       java.io.BufferedOutputStream::flush (12 bytes)
Event: 333,768 Thread 0x00007870f8120c60 nmethod 2021 0x00007870e817a308 code [0x00007870e817a400, 0x00007870e817a470]
Event: 333,769 Thread 0x00007870f8122650 nmethod 2022 0x00007870e08a5008 code [0x00007870e08a5100, 0x00007870e08a5578]
Event: 333,774 Thread 0x00007870f8122650 2023   !   3       java.io.PrintStream::println (44 bytes)

GC Heap Usage History (4 events):
Event: 75,880 {heap Before GC invocations=0 (full 0):
 garbage-first heap   total reserved 1978368K, committed 126976K, used 49287K [0x0000000087400000, 0x0000000100000000)
  region size 1024K, 47 young (48128K), 0 survivors (0K)
}
Event: 75,891 {heap After GC invocations=1 (full 0):
 garbage-first heap   total reserved 1978368K, committed 126976K, used 4231K [0x0000000087400000, 0x0000000100000000)
  region size 1024K, 3 young (3072K), 3 survivors (3072K)
}
Event: 233,791 {heap Before GC invocations=1 (full 0):
 garbage-first heap   total reserved 1978368K, committed 126976K, used 59527K [0x0000000087400000, 0x0000000100000000)
  region size 1024K, 57 young (58368K), 3 survivors (3072K)
}
Event: 233,799 {heap After GC invocations=2 (full 0):
 garbage-first heap   total reserved 1978368K, committed 126976K, used 4231K [0x0000000087400000, 0x0000000100000000)
  region size 1024K, 3 young (3072K), 3 survivors (3072K)
}

Metaspace Usage History (4 events):
Event: 75,880 {metaspace Before GC invocations=0 (full 0):
 Metaspace       used 7553K, committed 7808K, reserved 1114112K
  class space    used 515K, committed 640K, reserved 1048576K
}
Event: 75,891 {metaspace After GC invocations=1 (full 0):
 Metaspace       used 7553K, committed 7808K, reserved 1114112K
  class space    used 515K, committed 640K, reserved 1048576K
}
Event: 233,791 {metaspace Before GC invocations=1 (full 0):
 Metaspace       used 7562K, committed 7808K, reserved 1114112K
  class space    used 515K, committed 640K, reserved 1048576K
}
Event: 233,799 {metaspace After GC invocations=2 (full 0):
 Metaspace       used 7562K, committed 7808K, reserved 1114112K
  class space    used 515K, committed 640K, reserved 1048576K
}

Dll operation events (13 events):
Event: 0,003 Loaded shared library /opt/jdk-25/lib/libjava.so
Event: 0,041 Loaded shared library /opt/jdk-25/lib/libsimdsort.so
Event: 0,050 Loaded shared library /opt/jdk-25/lib/libnio.so
Event: 0,053 Loaded shared library /opt/jdk-25/lib/libzip.so
Event: 0,155 Loaded shared library /opt/jdk-25/lib/libjimage.so
Event: 0,168 Loaded shared library /tmp/libgdxabdenours/da3a4817/libgdx64.so
Event: 0,210 Loaded shared library /opt/jdk-25/lib/libnet.so
Event: 0,215 Loaded shared library /tmp/lwjgl_abdenours/3.3.3+5/x64/liblwjgl.so
Event: 0,443 Loaded shared library /tmp/libgdxabdenours/7f47ef07a3b30ad5/libEGL.so
Event: 0,446 Loaded shared library /tmp/libgdxabdenours/7f47ef07a3b30ad5/libGLESv2.so
Event: 0,652 Loaded shared library /tmp/lwjgl_abdenours/3.3.3+5/x64/liblwjgl_opengles.so
Event: 0,860 Loaded shared library /opt/jdk-25/lib/libawt.so
Event: 0,865 Loaded shared library /opt/jdk-25/lib/libawt_xawt.so

Deoptimization events (20 events):
Event: 75,891 Thread 0x00007870f802d9c0 Uncommon trap: trap_request=0xffffff45 fr.pc=0x00007870e813f800 relative=0x0000000000000100
Event: 75,891 Thread 0x00007870f802d9c0 Uncommon trap: reason=unstable_if action=reinterpret pc=0x00007870e813f800 method=java.lang.ref.SoftReference.get()Ljava/lang/Object; @ 17 c2
Event: 75,891 Thread 0x00007870f802d9c0 DEOPT PACKING pc=0x00007870e813f800 sp=0x00007870ffffe500
Event: 75,891 Thread 0x00007870f802d9c0 DEOPT UNPACKING pc=0x00007870e7c67ff9 sp=0x00007870ffffe450 mode 2
Event: 107,523 Thread 0x00007870f802d9c0 Uncommon trap: trap_request=0xffffff45 fr.pc=0x00007870e813ebac relative=0x00000000000000ac
Event: 107,523 Thread 0x00007870f802d9c0 Uncommon trap: reason=unstable_if action=reinterpret pc=0x00007870e813ebac method=java.lang.ref.SoftReference.get()Ljava/lang/Object; @ 17 c2
Event: 107,523 Thread 0x00007870f802d9c0 DEOPT PACKING pc=0x00007870e813ebac sp=0x00007870ffffbf50
Event: 107,523 Thread 0x00007870f802d9c0 DEOPT UNPACKING pc=0x00007870e7c67ff9 sp=0x00007870ffffbf00 mode 2
Event: 333,680 Thread 0x00007870f802d9c0 Uncommon trap: trap_request=0xffffff95 fr.pc=0x00007870e813b4e4 relative=0x0000000000000b64
Event: 333,680 Thread 0x00007870f802d9c0 Uncommon trap: reason=unreached action=reinterpret pc=0x00007870e813b4e4 method=java.lang.System$Out.write([BII)V @ 20 c2
Event: 333,680 Thread 0x00007870f802d9c0 DEOPT PACKING pc=0x00007870e813b4e4 sp=0x00007870ffffe5a0
Event: 333,716 Thread 0x00007870f802d9c0 DEOPT UNPACKING pc=0x00007870e7c67ff9 sp=0x00007870ffffe3a0 mode 2
Event: 333,729 Thread 0x00007870f802d9c0 Uncommon trap: trap_request=0xffffff95 fr.pc=0x00007870e813cca8 relative=0x00000000000014a8
Event: 333,729 Thread 0x00007870f802d9c0 Uncommon trap: reason=unreached action=reinterpret pc=0x00007870e813cca8 method=java.lang.System$Out.write([BII)V @ 20 c2
Event: 333,729 Thread 0x00007870f802d9c0 DEOPT PACKING pc=0x00007870e813cca8 sp=0x00007870ffffe620
Event: 333,729 Thread 0x00007870f802d9c0 DEOPT UNPACKING pc=0x00007870e7c67ff9 sp=0x00007870ffffe440 mode 2
Event: 333,730 Thread 0x00007870f802d9c0 Uncommon trap: trap_request=0xffffff95 fr.pc=0x00007870e8136730 relative=0x0000000000000330
Event: 333,730 Thread 0x00007870f802d9c0 Uncommon trap: reason=unreached action=reinterpret pc=0x00007870e8136730 method=java.lang.System$Out.write([BII)V @ 20 c2
Event: 333,730 Thread 0x00007870f802d9c0 DEOPT PACKING pc=0x00007870e8136730 sp=0x00007870ffffe360
Event: 333,730 Thread 0x00007870f802d9c0 DEOPT UNPACKING pc=0x00007870e7c67ff9 sp=0x00007870ffffe240 mode 2

Classes loaded (20 events):
Event: 0,954 Loading class sun/invoke/util/BytecodeDescriptor
Event: 0,955 Loading class sun/invoke/util/BytecodeDescriptor done
Event: 0,955 Loading class jdk/internal/classfile/impl/AbstractPoolEntry$IntegerEntryImpl
Event: 0,955 Loading class java/lang/classfile/constantpool/IntegerEntry
Event: 0,955 Loading class java/lang/classfile/constantpool/IntegerEntry done
Event: 0,955 Loading class jdk/internal/classfile/impl/AbstractPoolEntry$IntegerEntryImpl done
Event: 333,667 Loading class jdk/internal/misc/Signal$1
Event: 333,716 Loading class java/io/InterruptedIOException
Event: 333,729 Loading class java/io/InterruptedIOException done
Event: 333,729 Loading class jdk/internal/misc/Signal$1 done
Event: 333,749 Loading class jdk/internal/logger/SurrogateLogger
Event: 333,750 Loading class jdk/internal/logger/SimpleConsoleLogger
Event: 333,753 Loading class sun/util/logging/PlatformLogger$ConfigurableBridge$LoggerConfiguration
Event: 333,756 Loading class sun/util/logging/PlatformLogger$ConfigurableBridge$LoggerConfiguration done
Event: 333,756 Loading class jdk/internal/logger/SimpleConsoleLogger done
Event: 333,756 Loading class jdk/internal/logger/SurrogateLogger done
Event: 333,771 Loading class java/util/WeakHashMap$KeyIterator
Event: 333,773 Loading class java/util/WeakHashMap$HashIterator
Event: 333,774 Loading class java/util/WeakHashMap$HashIterator done
Event: 333,774 Loading class java/util/WeakHashMap$KeyIterator done

Classes unloaded (0 events):
No events

Classes redefined (0 events):
No events

Internal exceptions (20 events):
Event: 333,768 Thread 0x00007870f802d9c0 Exception <a 'java/io/IOException'{0x000000008cba9fc0}> (0x000000008cba9fc0) 
thrown [open/src/hotspot/share/prims/jni.cpp, line 516]
Event: 333,768 Thread 0x00007870f802d9c0 Exception <a 'java/io/IOException'{0x000000008cbaa2d0}> (0x000000008cbaa2d0) 
thrown [open/src/hotspot/share/prims/jni.cpp, line 516]
Event: 333,768 Thread 0x00007870f802d9c0 Exception <a 'java/io/IOException'{0x000000008cbaa7b8}> (0x000000008cbaa7b8) 
thrown [open/src/hotspot/share/prims/jni.cpp, line 516]
Event: 333,768 Thread 0x00007870f802d9c0 Exception <a 'java/io/IOException'{0x000000008cbaaac8}> (0x000000008cbaaac8) 
thrown [open/src/hotspot/share/prims/jni.cpp, line 516]
Event: 333,772 Thread 0x00007870f802d9c0 Exception <a 'java/io/IOException'{0x000000008cbaaf20}> (0x000000008cbaaf20) 
thrown [open/src/hotspot/share/prims/jni.cpp, line 516]
Event: 333,772 Thread 0x00007870f802d9c0 Exception <a 'java/io/IOException'{0x000000008cbab230}> (0x000000008cbab230) 
thrown [open/src/hotspot/share/prims/jni.cpp, line 516]
Event: 333,772 Thread 0x00007870f802d9c0 Exception <a 'java/io/IOException'{0x000000008cbab748}> (0x000000008cbab748) 
thrown [open/src/hotspot/share/prims/jni.cpp, line 516]
Event: 333,772 Thread 0x00007870f802d9c0 Exception <a 'java/io/IOException'{0x000000008cbaba58}> (0x000000008cbaba58) 
thrown [open/src/hotspot/share/prims/jni.cpp, line 516]
Event: 333,772 Thread 0x00007870f802d9c0 Exception <a 'java/io/IOException'{0x000000008cbabe88}> (0x000000008cbabe88) 
thrown [open/src/hotspot/share/prims/jni.cpp, line 516]
Event: 333,772 Thread 0x00007870f802d9c0 Exception <a 'java/io/IOException'{0x000000008cbac198}> (0x000000008cbac198) 
thrown [open/src/hotspot/share/prims/jni.cpp, line 516]
Event: 333,772 Thread 0x00007870f802d9c0 Exception <a 'java/io/IOException'{0x000000008cbac688}> (0x000000008cbac688) 
thrown [open/src/hotspot/share/prims/jni.cpp, line 516]
Event: 333,772 Thread 0x00007870f802d9c0 Exception <a 'java/io/IOException'{0x000000008cbac998}> (0x000000008cbac998) 
thrown [open/src/hotspot/share/prims/jni.cpp, line 516]
Event: 333,772 Thread 0x00007870f802d9c0 Exception <a 'java/io/IOException'{0x000000008cbacdc0}> (0x000000008cbacdc0) 
thrown [open/src/hotspot/share/prims/jni.cpp, line 516]
Event: 333,772 Thread 0x00007870f802d9c0 Exception <a 'java/io/IOException'{0x000000008cbad0d0}> (0x000000008cbad0d0) 
thrown [open/src/hotspot/share/prims/jni.cpp, line 516]
Event: 333,772 Thread 0x00007870f802d9c0 Exception <a 'java/io/IOException'{0x000000008cbad5b8}> (0x000000008cbad5b8) 
thrown [open/src/hotspot/share/prims/jni.cpp, line 516]
Event: 333,772 Thread 0x00007870f802d9c0 Exception <a 'java/io/IOException'{0x000000008cbad8c8}> (0x000000008cbad8c8) 
thrown [open/src/hotspot/share/prims/jni.cpp, line 516]
Event: 333,772 Thread 0x00007870f802d9c0 Exception <a 'java/io/IOException'{0x000000008cbadcf8}> (0x000000008cbadcf8) 
thrown [open/src/hotspot/share/prims/jni.cpp, line 516]
Event: 333,772 Thread 0x00007870f802d9c0 Exception <a 'java/io/IOException'{0x000000008cbae008}> (0x000000008cbae008) 
thrown [open/src/hotspot/share/prims/jni.cpp, line 516]
Event: 333,772 Thread 0x00007870f802d9c0 Exception <a 'java/io/IOException'{0x000000008cbae4f0}> (0x000000008cbae4f0) 
thrown [open/src/hotspot/share/prims/jni.cpp, line 516]
Event: 333,772 Thread 0x00007870f802d9c0 Exception <a 'java/io/IOException'{0x000000008cbae800}> (0x000000008cbae800) 
thrown [open/src/hotspot/share/prims/jni.cpp, line 516]

VM Operations (20 events):
Event: 75,891 Executing safepoint VM operation: G1CollectForAllocation (G1 Evacuation Pause) done
Event: 120,130 Executing non-safepoint VM operation: HandshakeAllThreads (HandshakeForDeflation)
Event: 120,130 Executing non-safepoint VM operation: HandshakeAllThreads (HandshakeForDeflation) done
Event: 120,130 Executing non-safepoint VM operation: RendezvousGCThreads
Event: 120,130 Executing non-safepoint VM operation: RendezvousGCThreads done
Event: 180,166 Executing non-safepoint VM operation: HandshakeAllThreads (HandshakeForDeflation)
Event: 180,166 Executing non-safepoint VM operation: HandshakeAllThreads (HandshakeForDeflation) done
Event: 180,166 Executing non-safepoint VM operation: RendezvousGCThreads
Event: 180,166 Executing non-safepoint VM operation: RendezvousGCThreads done
Event: 233,791 Executing safepoint VM operation: G1CollectForAllocation (G1 Evacuation Pause)
Event: 233,799 Executing safepoint VM operation: G1CollectForAllocation (G1 Evacuation Pause) done
Event: 240,191 Executing non-safepoint VM operation: HandshakeAllThreads (HandshakeForDeflation)
Event: 240,191 Executing non-safepoint VM operation: HandshakeAllThreads (HandshakeForDeflation) done
Event: 240,191 Executing non-safepoint VM operation: RendezvousGCThreads
Event: 240,191 Executing non-safepoint VM operation: RendezvousGCThreads done
Event: 300,236 Executing non-safepoint VM operation: HandshakeAllThreads (HandshakeForDeflation)
Event: 300,236 Executing non-safepoint VM operation: HandshakeAllThreads (HandshakeForDeflation) done
Event: 300,236 Executing non-safepoint VM operation: RendezvousGCThreads
Event: 300,236 Executing non-safepoint VM operation: RendezvousGCThreads done
Event: 333,774 Executing safepoint VM operation: Exit

Memory protections (15 events):
Event: 0,003 Protecting memory [0x00007870fff00000,0x00007870fff04000] with protection modes 0
Event: 0,034 Protecting memory [0x0000000006000000,0x0000000006001000] with protection modes 0
Event: 0,040 Protecting memory [0x00007870fc755000,0x00007870fc759000] with protection modes 0
Event: 0,040 Protecting memory [0x00007870fc100000,0x00007870fc104000] with protection modes 0
Event: 0,040 Protecting memory [0x00007870f7f00000,0x00007870f7f04000] with protection modes 0
Event: 0,040 Protecting memory [0x00007870de6d0000,0x00007870de6d4000] with protection modes 0
Event: 0,040 Protecting memory [0x00007870dc500000,0x00007870dc504000] with protection modes 0
Event: 0,040 Protecting memory [0x00007870dc3ff000,0x00007870dc403000] with protection modes 0
Event: 0,040 Protecting memory [0x00007870dc2fe000,0x00007870dc302000] with protection modes 0
Event: 0,046 Protecting memory [0x00007870dc1fd000,0x00007870dc201000] with protection modes 0
Event: 0,048 Protecting memory [0x00007870dc0fc000,0x00007870dc100000] with protection modes 0
Event: 0,518 Protecting memory [0x0000787098434000,0x0000787098438000] with protection modes 0
Event: 0,896 Protecting memory [0x000078706a900000,0x000078706a904000] with protection modes 0
Event: 333,738 Protecting memory [0x000078705cf7a000,0x000078705cf7e000] with protection modes 0
Event: 333,770 Protecting memory [0x000078705ce79000,0x000078705ce7d000] with protection modes 0

Nmethod flushes (0 events):
No events

Events (17 events):
Event: 0,034 Thread 0x00007870f802d9c0 Thread added: 0x00007870f802d9c0
Event: 0,040 Thread 0x00007870f802d9c0 Thread added: 0x00007870f8119080
Event: 0,040 Thread 0x00007870f802d9c0 Thread added: 0x00007870f811a270
Event: 0,040 Thread 0x00007870f802d9c0 Thread added: 0x00007870f811bcc0
Event: 0,040 Thread 0x00007870f802d9c0 Thread added: 0x00007870f811d5e0
Event: 0,040 Thread 0x00007870f802d9c0 Thread added: 0x00007870f811ee60
Event: 0,040 Thread 0x00007870f802d9c0 Thread added: 0x00007870f8120c60
Event: 0,040 Thread 0x00007870f802d9c0 Thread added: 0x00007870f8122650
Event: 0,046 Thread 0x00007870f802d9c0 Thread added: 0x00007870f812f5d0
Event: 0,048 Thread 0x00007870f802d9c0 Thread added: 0x00007870f8132150
Event: 0,518 Thread 0x00007870f802d9c0 Thread added: 0x00007870f89607c0
Event: 0,896 Thread 0x00007870f802d9c0 Thread added: 0x00007870f93feae0
Event: 333,738 Thread 0x00007870f811bcc0 Thread added: 0x00007870ac0090a0
Event: 333,770 Thread 0x00007870ac0090a0 Thread added: 0x0000787040001d40
Event: 333,774 Thread 0x0000787040001d40 Thread exited: 0x0000787040001d40
Event: 333,774 Thread 0x00007870ac0090a0 Before exit entered
Event: 333,774 Thread 0x00007870f811bcc0 Thread exited: 0x00007870f811bcc0


Dynamic libraries:
06000000-06001000 ---p 00000000 00:00 0 
06001000-06d92000 rw-p 00001000 00:21 4164603                            /opt/jdk-25/lib/server/classes.jsa
06d92000-07000000 ---p 00000000 00:00 0 
07000000-07040000 rw-p 00000000 00:00 0 
07040000-070a0000 rw-p 00000000 00:00 0 
070a0000-47000000 ---p 00000000 00:00 0 
87400000-8ee00000 rw-p 00000000 00:00 0 
8ee00000-ffe00000 ---p 00000000 00:00 0 
ffe00000-fff22000 rw-p 00dc5000 00:21 4164603                            /opt/jdk-25/lib/server/classes.jsa
fff22000-100000000 rw-p 00000000 00:00 0 
5b90075da000-5b90075db000 r-xp 00000000 00:21 4164165                    /opt/jdk-25/bin/java
5b90075dc000-5b90075dd000 r--p 00001000 00:21 4164165                    /opt/jdk-25/bin/java
5b90075dd000-5b90075de000 rw-p 00002000 00:21 4164165                    /opt/jdk-25/bin/java
5b900868d000-5b90086bb000 rw-p 00000000 00:00 0                          [heap]
787040000000-787040021000 rw-p 00000000 00:00 0 
787040021000-787044000000 ---p 00000000 00:00 0 
787044000000-787044021000 rw-p 00000000 00:00 0 
787044021000-787048000000 ---p 00000000 00:00 0 
787048000000-787048021000 rw-p 00000000 00:00 0 
787048021000-78704c000000 ---p 00000000 00:00 0 
78704c000000-78704c021000 rw-p 00000000 00:00 0 
78704c021000-787050000000 ---p 00000000 00:00 0 
787050000000-787050021000 rw-p 00000000 00:00 0 
787050021000-787054000000 ---p 00000000 00:00 0 
787054000000-787054021000 rw-p 00000000 00:00 0 
787054021000-787058000000 ---p 00000000 00:00 0 
787058000000-787058021000 rw-p 00000000 00:00 0 
787058021000-78705c000000 ---p 00000000 00:00 0 
78705ce78000-78705ce79000 ---p 00000000 00:00 0 
78705ce79000-78705ce7d000 ---p 00000000 00:00 0 
78705ce7d000-78705cf79000 rw-p 00000000 00:00 0 
78705cf79000-78705cf7a000 ---p 00000000 00:00 0 
78705cf7a000-78705cf7e000 ---p 00000000 00:00 0 
78705cf7e000-78705d07a000 rw-p 00000000 00:00 0 
78705d07a000-78705d0fa000 rw-s 10823c000 00:10 1078                      anon_inode:i915.gem
78705d0fa000-78705d2fa000 rw-s 104c04000 00:10 1078                      anon_inode:i915.gem
78705d2fa000-78705d4fa000 rw-s 1011f2000 00:10 1078                      anon_inode:i915.gem
78705d4fa000-78705d4fb000 ---p 00000000 00:00 0 
78705d4fb000-78705d5fb000 rw-p 00000000 00:00 0 
78705d5fb000-78705d5fc000 ---p 00000000 00:00 0 
78705d5fc000-78705d6fc000 rw-p 00000000 00:00 0 
78705d6fc000-78705d6fd000 ---p 00000000 00:00 0 
78705d6fd000-78705d7fd000 rw-p 00000000 00:00 0 
78705d7fd000-78705d9fd000 rw-s 103ebf000 00:10 1078                      anon_inode:i915.gem
78705d9fd000-78705d9fe000 ---p 00000000 00:00 0 
78705d9fe000-78705e1fe000 rw-p 00000000 00:00 0 
78705e1fe000-78705e1ff000 ---p 00000000 00:00 0 
78705e1ff000-78705e9ff000 rw-p 00000000 00:00 0 
78705e9ff000-78705ea00000 ---p 00000000 00:00 0 
78705ea00000-78705f200000 rw-p 00000000 00:00 0 
78705f200000-787061194000 r--p 00000000 00:21 4671479                    /usr/lib/libicudata.so.78.1
787061194000-787061195000 r--p 01f93000 00:21 4671479                    /usr/lib/libicudata.so.78.1
787061200000-78706173e000 r--p 00000000 00:21 4751803                    /usr/lib/libLLVM.so.21.1
78706173e000-787066f57000 r-xp 0053e000 00:21 4751803                    /usr/lib/libLLVM.so.21.1
787066f57000-78706a581000 r--p 05d57000 00:21 4751803                    /usr/lib/libLLVM.so.21.1
78706a581000-78706a78a000 r--p 09380000 00:21 4751803                    /usr/lib/libLLVM.so.21.1
78706a78a000-78706a7cf000 rw-p 09589000 00:21 4751803                    /usr/lib/libLLVM.so.21.1
78706a7cf000-78706a897000 rw-p 00000000 00:00 0 
78706a8ff000-78706a900000 ---p 00000000 00:00 0 
78706a900000-78706a904000 ---p 00000000 00:00 0 
78706a904000-78706aa00000 rw-p 00000000 00:00 0 
78706aa00000-78706aa19000 r--p 00000000 00:21 5574215                    /usr/lib/libgallium-25.3.2-arch1.1.so
78706aa19000-78706c4b2000 r-xp 00019000 00:21 5574215                    /usr/lib/libgallium-25.3.2-arch1.1.so
78706c4b2000-78706d4a9000 r--p 01ab2000 00:21 5574215                    /usr/lib/libgallium-25.3.2-arch1.1.so
78706d4a9000-78706d5c9000 r--p 02aa9000 00:21 5574215                    /usr/lib/libgallium-25.3.2-arch1.1.so
78706d5c9000-78706d5ea000 rw-p 02bc9000 00:21 5574215                    /usr/lib/libgallium-25.3.2-arch1.1.so
78706d5ea000-78706d7b5000 rw-p 00000000 00:00 0 
78706d800000-78706daab000 r--p 00000000 00:21 5740363                    /usr/lib/libnvidia-gpucomp.so.580.119.02
78706daab000-787070b98000 r-xp 002ab000 00:21 5740363                    /usr/lib/libnvidia-gpucomp.so.580.119.02
787070b98000-787071a08000 r--p 03398000 00:21 5740363                    /usr/lib/libnvidia-gpucomp.so.580.119.02
787071a08000-787071a09000 ---p 04208000 00:21 5740363                    /usr/lib/libnvidia-gpucomp.so.580.119.02
787071a09000-787071be0000 r--p 04208000 00:21 5740363                    /usr/lib/libnvidia-gpucomp.so.580.119.02
787071be0000-787071ceb000 rw-p 043df000 00:21 5740363                    /usr/lib/libnvidia-gpucomp.so.580.119.02
787071ceb000-787071d8b000 rw-p 00000000 00:00 0 
787071dc0000-787071e00000 rw-s 109bb4000 00:10 1078                      anon_inode:i915.gem
787071e00000-787072042000 r--p 00000000 00:21 5740349                    /usr/lib/libnvidia-eglcore.so.580.119.02
787072042000-787072d06000 r-xp 00242000 00:21 5740349                    /usr/lib/libnvidia-eglcore.so.580.119.02
787072d06000-787073da8000 r--p 00f06000 00:21 5740349                    /usr/lib/libnvidia-eglcore.so.580.119.02
787073da8000-787073f20000 r--p 01fa7000 00:21 5740349                    /usr/lib/libnvidia-eglcore.so.580.119.02
787073f20000-787073f74000 rw-p 0211f000 00:21 5740349                    /usr/lib/libnvidia-eglcore.so.580.119.02
787073f74000-787073f8a000 rw-p 00000000 00:00 0 
787073f94000-787073ffa000 r-xp 00000000 00:21 4164561                    /opt/jdk-25/lib/libawt_xawt.so
787073ffa000-787073ffc000 r--p 00065000 00:21 4164561                    /opt/jdk-25/lib/libawt_xawt.so
787073ffc000-787073ffe000 rw-p 00067000 00:21 4164561                    /opt/jdk-25/lib/libawt_xawt.so
787073ffe000-787074021000 rw-p 00000000 00:00 0 
787074021000-787078000000 ---p 00000000 00:00 0 
787078000000-787078083000 rw-p 00000000 00:00 0 
787078083000-78707c000000 ---p 00000000 00:00 0 
78707c000000-78707c08b000 rw-p 00000000 00:00 0 
78707c08b000-787080000000 ---p 00000000 00:00 0 
787080000000-78708008b000 rw-p 00000000 00:00 0 
78708008b000-787084000000 ---p 00000000 00:00 0 
787084000000-787084021000 rw-p 00000000 00:00 0 
787084021000-787088000000 ---p 00000000 00:00 0 
787088000000-787088022000 rw-p 00000000 00:00 0 
787088022000-78708c000000 ---p 00000000 00:00 0 
78708c02f000-78708c0f8000 r-xp 00000000 00:21 4164559                    /opt/jdk-25/lib/libawt.so
78708c0f8000-78708c0f9000 r--p 000c8000 00:21 4164559                    /opt/jdk-25/lib/libawt.so
78708c0f9000-78708c104000 rw-p 000c9000 00:21 4164559                    /opt/jdk-25/lib/libawt.so
78708c104000-78708c129000 rw-p 00000000 00:00 0 
78708c1a8000-78708c1a9000 ---p 00000000 00:00 0 
78708c1a9000-78708c2a9000 rw-p 00000000 00:00 0 
78708c329000-78708c369000 rw-s 10902f000 00:10 1078                      anon_inode:i915.gem
78708c369000-78708c36f000 r--p 00000000 00:21 1611714                    /usr/lib/libGLESv2.so.2.1.0
78708c36f000-78708c374000 r-xp 00006000 00:21 1611714                    /usr/lib/libGLESv2.so.2.1.0
78708c374000-78708c376000 r--p 0000b000 00:21 1611714                    /usr/lib/libGLESv2.so.2.1.0
78708c376000-78708c378000 r--p 0000d000 00:21 1611714                    /usr/lib/libGLESv2.so.2.1.0
78708c378000-78708c379000 rw-p 0000f000 00:21 1611714                    /usr/lib/libGLESv2.so.2.1.0
78708c3a8000-78708c3bd000 r--p 00000000 00:36 567                        /tmp/lwjgl_abdenours/3.3.3+5/x64/liblwjgl_opengles.so
78708c3bd000-78708c3c6000 r-xp 00015000 00:36 567                        /tmp/lwjgl_abdenours/3.3.3+5/x64/liblwjgl_opengles.so
78708c3c6000-78708c3cd000 r--p 0001e000 00:36 567                        /tmp/lwjgl_abdenours/3.3.3+5/x64/liblwjgl_opengles.so
78708c3cd000-78708c3ce000 r--p 00024000 00:36 567                        /tmp/lwjgl_abdenours/3.3.3+5/x64/liblwjgl_opengles.so
78708c3ce000-78708c3cf000 rw-p 00025000 00:36 567                        /tmp/lwjgl_abdenours/3.3.3+5/x64/liblwjgl_opengles.so
78708c3cf000-78708c3ef000 rw-s 10dfa4000 00:10 1078                      anon_inode:i915.gem
78708c3ef000-78708c3f1000 r--p 00000000 00:21 1009608                    /usr/lib/libXtst.so.6.1.0
78708c3f1000-78708c3f4000 r-xp 00002000 00:21 1009608                    /usr/lib/libXtst.so.6.1.0
78708c3f4000-78708c3f5000 r--p 00005000 00:21 1009608                    /usr/lib/libXtst.so.6.1.0
78708c3f5000-78708c3f6000 r--p 00005000 00:21 1009608                    /usr/lib/libXtst.so.6.1.0
78708c3f6000-78708c3f7000 rw-p 00006000 00:21 1009608                    /usr/lib/libXtst.so.6.1.0
78708c3ff000-78708c40f000 rw-s 10151c000 00:10 1078                      anon_inode:i915.gem
78708c40f000-78708c41f000 rw-s 103e1f000 00:10 1078                      anon_inode:i915.gem
78708c41f000-78708c61f000 rw-s 103765000 00:10 1078                      anon_inode:i915.gem
78708c66f000-78708c68f000 rw-s 1068d5000 00:10 1078                      anon_inode:i915.gem
78708c68f000-78708c69f000 rw-s 10471d000 00:10 1078                      anon_inode:i915.gem
78708c69f000-78708c6af000 rw-s 104fa7000 00:10 1078                      anon_inode:i915.gem
78708c6af000-78708c6bf000 rw-s 101e45000 00:10 1078                      anon_inode:i915.gem
78708c6bf000-78708c800000 rw-s 00000000 00:21 2875055                    /home/abdenours/.cache/mesa_shader_cache/index
78708c800000-78708c848000 r--p 00000000 00:21 4671494                    /usr/lib/libicuuc.so.78.1
78708c848000-78708c965000 r-xp 00048000 00:21 4671494                    /usr/lib/libicuuc.so.78.1
78708c965000-78708c9f8000 r--p 00165000 00:21 4671494                    /usr/lib/libicuuc.so.78.1
78708c9f8000-78708ca0b000 r--p 001f8000 00:21 4671494                    /usr/lib/libicuuc.so.78.1
78708ca0b000-78708ca0c000 rw-p 0020b000 00:21 4671494                    /usr/lib/libicuuc.so.78.1
78708ca0c000-78708ca0e000 rw-p 00000000 00:00 0 
78708ca1b000-78708ca3b000 rw-s 1048ff000 00:10 1078                      anon_inode:i915.gem
78708ca3b000-78708ca7b000 rw-s 10dee4000 00:10 1078                      anon_inode:i915.gem
78708ca7b000-78708ca87000 r--p 00000000 00:21 1004347                    /usr/lib/libxcb-glx.so.0.0.0
78708ca87000-78708ca90000 r-xp 0000c000 00:21 1004347                    /usr/lib/libxcb-glx.so.0.0.0
78708ca90000-78708ca95000 r--p 00015000 00:21 1004347                    /usr/lib/libxcb-glx.so.0.0.0
78708ca95000-78708ca97000 r--p 0001a000 00:21 1004347                    /usr/lib/libxcb-glx.so.0.0.0
78708ca97000-78708ca98000 rw-p 0001c000 00:21 1004347                    /usr/lib/libxcb-glx.so.0.0.0
78708ca98000-78708caa5000 r--p 00000000 00:21 1348711                    /usr/lib/libncursesw.so.6.5
78708caa5000-78708caec000 r-xp 0000d000 00:21 1348711                    /usr/lib/libncursesw.so.6.5
78708caec000-78708cb02000 r--p 00054000 00:21 1348711                    /usr/lib/libncursesw.so.6.5
78708cb02000-78708cb06000 r--p 0006a000 00:21 1348711                    /usr/lib/libncursesw.so.6.5
78708cb06000-78708cb07000 rw-p 0006e000 00:21 1348711                    /usr/lib/libncursesw.so.6.5
78708cb07000-78708cb09000 r--p 00000000 00:21 1022793                    /usr/lib/libpciaccess.so.0.11.1
78708cb09000-78708cb0e000 r-xp 00002000 00:21 1022793                    /usr/lib/libpciaccess.so.0.11.1
78708cb0e000-78708cb10000 r--p 00007000 00:21 1022793                    /usr/lib/libpciaccess.so.0.11.1
78708cb10000-78708cb11000 r--p 00008000 00:21 1022793                    /usr/lib/libpciaccess.so.0.11.1
78708cb11000-78708cb12000 rw-p 00009000 00:21 1022793                    /usr/lib/libpciaccess.so.0.11.1
78708cb12000-78708cb2c000 r--p 00000000 00:21 4751781                    /usr/lib/libxml2.so.16.1.1
78708cb2c000-78708cbff000 r-xp 0001a000 00:21 4751781                    /usr/lib/libxml2.so.16.1.1
78708cbff000-78708cc3c000 r--p 000ed000 00:21 4751781                    /usr/lib/libxml2.so.16.1.1
78708cc3c000-78708cc45000 r--p 0012a000 00:21 4751781                    /usr/lib/libxml2.so.16.1.1
78708cc45000-78708cc46000 rw-p 00133000 00:21 4751781                    /usr/lib/libxml2.so.16.1.1
78708cc46000-78708cc47000 rw-p 00000000 00:00 0 
78708cc47000-78708cc5c000 r--p 00000000 00:21 5484775                    /usr/lib/libSPIRV-Tools.so
78708cc5c000-78708cd77000 r-xp 00015000 00:21 5484775                    /usr/lib/libSPIRV-Tools.so
78708cd77000-78708cdf0000 r--p 00130000 00:21 5484775                    /usr/lib/libSPIRV-Tools.so
78708cdf0000-78708cdf3000 r--p 001a8000 00:21 5484775                    /usr/lib/libSPIRV-Tools.so
78708cdf3000-78708cdf4000 rw-p 001ab000 00:21 5484775                    /usr/lib/libSPIRV-Tools.so
78708cdf4000-78708ce00000 r--p 00000000 00:21 1002974                    /usr/lib/libzstd.so.1.5.7
78708ce00000-78708cec6000 r-xp 0000c000 00:21 1002974                    /usr/lib/libzstd.so.1.5.7
78708cec6000-78708ced7000 r--p 000d2000 00:21 1002974                    /usr/lib/libzstd.so.1.5.7
78708ced7000-78708ced8000 r--p 000e3000 00:21 1002974                    /usr/lib/libzstd.so.1.5.7
78708ced8000-78708ced9000 rw-p 000e4000 00:21 1002974                    /usr/lib/libzstd.so.1.5.7
78708ced9000-78708d7fb000 rw-p 00000000 00:00 0 
78708d7fb000-78708d7fc000 ---p 00000000 00:00 0 
78708d7fc000-78708dffc000 rw-p 00000000 00:00 0 
78708dffc000-78708dffd000 ---p 00000000 00:00 0 
78708dffd000-78708e7fd000 rw-p 00000000 00:00 0 
78708e7fd000-78708e7fe000 ---p 00000000 00:00 0 
78708e7fe000-78708effe000 rw-p 00000000 00:00 0 
78708effe000-78708efff000 ---p 00000000 00:00 0 
78708efff000-78708f7ff000 rw-p 00000000 00:00 0 
78708f7ff000-78708f800000 ---p 00000000 00:00 0 
78708f800000-787090000000 rw-p 00000000 00:00 0 
787090000000-787090021000 rw-p 00000000 00:00 0 
787090021000-787094000000 ---p 00000000 00:00 0 
787094000000-787094021000 rw-p 00000000 00:00 0 
787094021000-787098000000 ---p 00000000 00:00 0 
787098004000-787098006000 rw-s 108221000 00:10 1078                      anon_inode:i915.gem
787098006000-78709800c000 r--p 00000000 00:21 1022928                    /usr/lib/libedit.so.0.0.75
78709800c000-78709802d000 r-xp 00006000 00:21 1022928                    /usr/lib/libedit.so.0.0.75
78709802d000-78709803a000 r--p 00027000 00:21 1022928                    /usr/lib/libedit.so.0.0.75
78709803a000-78709803c000 r--p 00034000 00:21 1022928                    /usr/lib/libedit.so.0.0.75
78709803c000-78709803d000 rw-p 00036000 00:21 1022928                    /usr/lib/libedit.so.0.0.75
78709803d000-787098040000 rw-p 00000000 00:00 0 
787098040000-787098043000 r--p 00000000 00:21 5479047                    /usr/lib/libdrm_intel.so.1.131.0
787098043000-78709805a000 r-xp 00003000 00:21 5479047                    /usr/lib/libdrm_intel.so.1.131.0
78709805a000-787098063000 r--p 0001a000 00:21 5479047                    /usr/lib/libdrm_intel.so.1.131.0
787098063000-787098064000 r--p 00023000 00:21 5479047                    /usr/lib/libdrm_intel.so.1.131.0
787098064000-787098065000 rw-p 00024000 00:21 5479047                    /usr/lib/libdrm_intel.so.1.131.0
787098065000-787098068000 r--p 00000000 00:21 4223473                    /usr/lib/libelf-0.194.so
787098068000-78709807b000 r-xp 00003000 00:21 4223473                    /usr/lib/libelf-0.194.so
78709807b000-78709807f000 r--p 00016000 00:21 4223473                    /usr/lib/libelf-0.194.so
78709807f000-787098080000 r--p 0001a000 00:21 4223473                    /usr/lib/libelf-0.194.so
787098080000-787098081000 rw-p 0001b000 00:21 4223473                    /usr/lib/libelf-0.194.so
787098081000-787098084000 r--p 00000000 00:21 5479044                    /usr/lib/libdrm_amdgpu.so.1.131.0
787098084000-78709808a000 r-xp 00003000 00:21 5479044                    /usr/lib/libdrm_amdgpu.so.1.131.0
78709808a000-78709808c000 r--p 00009000 00:21 5479044                    /usr/lib/libdrm_amdgpu.so.1.131.0
78709808c000-78709808d000 r--p 0000a000 00:21 5479044                    /usr/lib/libdrm_amdgpu.so.1.131.0
78709808d000-78709808e000 rw-p 0000b000 00:21 5479044                    /usr/lib/libdrm_amdgpu.so.1.131.0
78709808e000-78709808f000 r--p 00000000 00:21 1022884                    /usr/lib/libxshmfence.so.1.0.0
78709808f000-787098090000 r-xp 00001000 00:21 1022884                    /usr/lib/libxshmfence.so.1.0.0
787098090000-787098091000 r--p 00002000 00:21 1022884                    /usr/lib/libxshmfence.so.1.0.0
787098091000-787098092000 r--p 00002000 00:21 1022884                    /usr/lib/libxshmfence.so.1.0.0
787098092000-787098093000 rw-p 00003000 00:21 1022884                    /usr/lib/libxshmfence.so.1.0.0
787098093000-787098096000 r--p 00000000 00:21 1004374                    /usr/lib/libxcb-sync.so.1.0.0
787098096000-787098099000 r-xp 00003000 00:21 1004374                    /usr/lib/libxcb-sync.so.1.0.0
787098099000-78709809a000 r--p 00006000 00:21 1004374                    /usr/lib/libxcb-sync.so.1.0.0
78709809a000-78709809b000 r--p 00007000 00:21 1004374                    /usr/lib/libxcb-sync.so.1.0.0
78709809b000-78709809c000 rw-p 00008000 00:21 1004374                    /usr/lib/libxcb-sync.so.1.0.0
78709809c000-78709809e000 r--p 00000000 00:21 1358871                    /usr/lib/libsensors.so.5.0.0
78709809e000-7870980a6000 r-xp 00002000 00:21 1358871                    /usr/lib/libsensors.so.5.0.0
7870980a6000-7870980aa000 r--p 0000a000 00:21 1358871                    /usr/lib/libsensors.so.5.0.0
7870980aa000-7870980ab000 r--p 0000e000 00:21 1358871                    /usr/lib/libsensors.so.5.0.0
7870980ab000-7870980ac000 rw-p 0000f000 00:21 1358871                    /usr/lib/libsensors.so.5.0.0
7870980ac000-7870980ad000 r--p 00000000 00:21 1004371                    /usr/lib/libxcb-shm.so.0.0.0
7870980ad000-7870980ae000 r-xp 00001000 00:21 1004371                    /usr/lib/libxcb-shm.so.0.0.0
7870980ae000-7870980af000 r--p 00002000 00:21 1004371                    /usr/lib/libxcb-shm.so.0.0.0
7870980af000-7870980b0000 r--p 00002000 00:21 1004371                    /usr/lib/libxcb-shm.so.0.0.0
7870980b0000-7870980b1000 rw-p 00003000 00:21 1004371                    /usr/lib/libxcb-shm.so.0.0.0
7870980b1000-7870980b4000 r--p 00000000 00:21 1004380                    /usr/lib/libxcb-xfixes.so.0.0.0
7870980b4000-7870980b7000 r-xp 00003000 00:21 1004380                    /usr/lib/libxcb-xfixes.so.0.0.0
7870980b7000-7870980b8000 r--p 00006000 00:21 1004380                    /usr/lib/libxcb-xfixes.so.0.0.0
7870980b8000-7870980b9000 r--p 00007000 00:21 1004380                    /usr/lib/libxcb-xfixes.so.0.0.0
7870980b9000-7870980ba000 rw-p 00008000 00:21 1004380                    /usr/lib/libxcb-xfixes.so.0.0.0
7870980ba000-7870980c1000 r--p 00000000 00:21 1004353                    /usr/lib/libxcb-randr.so.0.1.0
7870980c1000-7870980c7000 r-xp 00007000 00:21 1004353                    /usr/lib/libxcb-randr.so.0.1.0
7870980c7000-7870980ca000 r--p 0000d000 00:21 1004353                    /usr/lib/libxcb-randr.so.0.1.0
7870980ca000-7870980cb000 r--p 00010000 00:21 1004353                    /usr/lib/libxcb-randr.so.0.1.0
7870980cb000-7870980cc000 rw-p 00011000 00:21 1004353                    /usr/lib/libxcb-randr.so.0.1.0
7870980cc000-7870980d2000 r--p 00000000 00:21 5574210                    /usr/lib/libEGL_mesa.so.0.0.0
7870980d2000-7870980fd000 r-xp 00006000 00:21 5574210                    /usr/lib/libEGL_mesa.so.0.0.0
7870980fd000-787098111000 r--p 00031000 00:21 5574210                    /usr/lib/libEGL_mesa.so.0.0.0
787098111000-78709811d000 r--p 00045000 00:21 5574210                    /usr/lib/libEGL_mesa.so.0.0.0
78709811d000-78709811e000 rw-p 00051000 00:21 5574210                    /usr/lib/libEGL_mesa.so.0.0.0
787098132000-787098134000 r--p 00000000 00:21 1004344                    /usr/lib/libxcb-dri3.so.0.1.0
787098134000-787098136000 r-xp 00002000 00:21 1004344                    /usr/lib/libxcb-dri3.so.0.1.0
787098136000-787098137000 r--p 00004000 00:21 1004344                    /usr/lib/libxcb-dri3.so.0.1.0
787098137000-787098138000 r--p 00004000 00:21 1004344                    /usr/lib/libxcb-dri3.so.0.1.0
787098138000-787098139000 rw-p 00005000 00:21 1004344                    /usr/lib/libxcb-dri3.so.0.1.0
78709817d000-78709817f000 r--p 00000000 00:21 3544466                    /usr/lib/libffi.so.8.2.0
78709817f000-787098186000 r-xp 00002000 00:21 3544466                    /usr/lib/libffi.so.8.2.0
787098186000-787098187000 r--p 00009000 00:21 3544466                    /usr/lib/libffi.so.8.2.0
787098187000-787098188000 r--p 0000a000 00:21 3544466                    /usr/lib/libffi.so.8.2.0
787098188000-787098189000 rw-p 0000b000 00:21 3544466                    /usr/lib/libffi.so.8.2.0
787098189000-78709818b000 r--p 00000000 00:21 4047303                    /usr/lib/libexpat.so.1.11.1
78709818b000-7870981a9000 r-xp 00002000 00:21 4047303                    /usr/lib/libexpat.so.1.11.1
7870981a9000-7870981b1000 r--p 00020000 00:21 4047303                    /usr/lib/libexpat.so.1.11.1
7870981b1000-7870981b3000 r--p 00028000 00:21 4047303                    /usr/lib/libexpat.so.1.11.1
7870981b3000-7870981b4000 rw-p 0002a000 00:21 4047303                    /usr/lib/libexpat.so.1.11.1
7870981b4000-7870981b7000 r--p 00000000 00:21 2532346                    /usr/lib/libwayland-client.so.0.24.0
7870981b7000-7870981be000 r-xp 00003000 00:21 2532346                    /usr/lib/libwayland-client.so.0.24.0
7870981be000-7870981c1000 r--p 0000a000 00:21 2532346                    /usr/lib/libwayland-client.so.0.24.0
7870981c1000-7870981c3000 r--p 0000c000 00:21 2532346                    /usr/lib/libwayland-client.so.0.24.0
7870981c3000-7870981c4000 rw-p 0000e000 00:21 2532346                    /usr/lib/libwayland-client.so.0.24.0
7870981c4000-7870981c9000 r--p 00000000 00:21 5479041                    /usr/lib/libdrm.so.2.131.0
7870981c9000-7870981d5000 r-xp 00005000 00:21 5479041                    /usr/lib/libdrm.so.2.131.0
7870981d5000-7870981d9000 r--p 00011000 00:21 5479041                    /usr/lib/libdrm.so.2.131.0
7870981d9000-7870981da000 r--p 00015000 00:21 5479041                    /usr/lib/libdrm.so.2.131.0
7870981da000-7870981db000 rw-p 00016000 00:21 5479041                    /usr/lib/libdrm.so.2.131.0
7870981db000-7870981eb000 r--p 00000000 00:21 5740359                    /usr/lib/libnvidia-glsi.so.580.119.02
7870981eb000-78709824b000 r-xp 00010000 00:21 5740359                    /usr/lib/libnvidia-glsi.so.580.119.02
78709824b000-787098268000 r--p 00070000 00:21 5740359                    /usr/lib/libnvidia-glsi.so.580.119.02
787098268000-78709826e000 r--p 0008c000 00:21 5740359                    /usr/lib/libnvidia-glsi.so.580.119.02
78709826e000-78709826f000 rw-p 00092000 00:21 5740359                    /usr/lib/libnvidia-glsi.so.580.119.02
78709826f000-787098277000 rw-p 00000000 00:00 0 
787098277000-7870982ab000 r--p 00000000 00:21 5740321                    /usr/lib/libEGL_nvidia.so.580.119.02
7870982ab000-787098342000 r-xp 00034000 00:21 5740321                    /usr/lib/libEGL_nvidia.so.580.119.02
787098342000-787098396000 r--p 000cb000 00:21 5740321                    /usr/lib/libEGL_nvidia.so.580.119.02
787098396000-787098397000 ---p 0011f000 00:21 5740321                    /usr/lib/libEGL_nvidia.so.580.119.02
787098397000-78709839f000 r--p 0011f000 00:21 5740321                    /usr/lib/libEGL_nvidia.so.580.119.02
78709839f000-7870983b5000 rw-p 00127000 00:21 5740321                    /usr/lib/libEGL_nvidia.so.580.119.02
7870983b5000-7870983ba000 rw-p 00000000 00:00 0 
7870983ba000-7870983bc000 r--p 00000000 00:21 1611720                    /usr/lib/libGLdispatch.so.0.0.0
7870983bc000-7870983fb000 r-xp 00002000 00:21 1611720                    /usr/lib/libGLdispatch.so.0.0.0
7870983fb000-78709840e000 r--p 00041000 00:21 1611720                    /usr/lib/libGLdispatch.so.0.0.0
78709840e000-78709842a000 r--p 00054000 00:21 1611720                    /usr/lib/libGLdispatch.so.0.0.0
78709842a000-78709842b000 rw-p 00070000 00:21 1611720                    /usr/lib/libGLdispatch.so.0.0.0
78709842b000-787098433000 rw-p 00000000 00:00 0 
787098433000-787098434000 ---p 00000000 00:00 0 
787098434000-787098438000 ---p 00000000 00:00 0 
787098438000-787098534000 rw-p 00000000 00:00 0 
787098534000-787098536000 r--p 00000000 00:21 5211370                    /usr/lib/spa-0.2/audioconvert/libspa-audioconvert.so
787098536000-78709858c000 r-xp 00002000 00:21 5211370                    /usr/lib/spa-0.2/audioconvert/libspa-audioconvert.so
78709858c000-7870985f3000 r--p 00058000 00:21 5211370                    /usr/lib/spa-0.2/audioconvert/libspa-audioconvert.so
7870985f3000-7870985fa000 r--p 000bf000 00:21 5211370                    /usr/lib/spa-0.2/audioconvert/libspa-audioconvert.so
7870985fa000-7870985fd000 rw-p 000c6000 00:21 5211370                    /usr/lib/spa-0.2/audioconvert/libspa-audioconvert.so
7870985fd000-7870985fe000 ---p 00000000 00:00 0 
7870985fe000-787098dfe000 rw-p 00000000 00:00 0 
787098dfe000-787098dff000 ---p 00000000 00:00 0 
787098dff000-7870995ff000 rw-p 00000000 00:00 0 
7870995ff000-787099600000 ---p 00000000 00:00 0 
787099600000-787099e00000 rw-p 00000000 00:00 0 
787099e00000-787099e97000 r--p 00000000 00:21 4749907                    /usr/lib/libstdc++.so.6.0.34
787099e97000-787099fec000 r-xp 00097000 00:21 4749907                    /usr/lib/libstdc++.so.6.0.34
787099fec000-78709a07e000 r--p 001ec000 00:21 4749907                    /usr/lib/libstdc++.so.6.0.34
78709a07e000-78709a08f000 r--p 0027e000 00:21 4749907                    /usr/lib/libstdc++.so.6.0.34
78709a08f000-78709a090000 rw-p 0028f000 00:21 4749907                    /usr/lib/libstdc++.so.6.0.34
78709a090000-78709a094000 rw-p 00000000 00:00 0 
78709a0a9000-78709a0ab000 r--p 00000000 00:21 1611708                    /usr/lib/libEGL.so.1.1.0
78709a0ab000-78709a0b5000 r-xp 00002000 00:21 1611708                    /usr/lib/libEGL.so.1.1.0
78709a0b5000-78709a0b9000 r--p 0000c000 00:21 1611708                    /usr/lib/libEGL.so.1.1.0
78709a0b9000-78709a0ba000 r--p 0000f000 00:21 1611708                    /usr/lib/libEGL.so.1.1.0
78709a0ba000-78709a0bb000 rw-p 00010000 00:21 1611708                    /usr/lib/libEGL.so.1.1.0
78709a0ca000-78709a0da000 rw-s 10491f000 00:10 1078                      anon_inode:i915.gem
78709a0da000-78709a0ea000 rw-s 103ca5000 00:10 1078                      anon_inode:i915.gem
78709a0ea000-78709a0f3000 rw-s 00008000 00:01 28674                      /memfd:pipewire-memfd:flags=0x0000000f,type=2,size=65664 (deleted)
78709a0f3000-78709a0fc000 rw-s 00000000 00:01 28674                      /memfd:pipewire-memfd:flags=0x0000000f,type=2,size=65664 (deleted)
78709a0fc000-78709a105000 rw-s 00008000 00:01 28673                      /memfd:pipewire-memfd:flags=0x0000000f,type=2,size=65664 (deleted)
78709a105000-78709a118000 r--p 00000000 00:36 566                        /tmp/lwjgl_abdenours/3.3.3+5/x64/libopenal.so
78709a118000-78709a1b8000 r-xp 00013000 00:36 566                        /tmp/lwjgl_abdenours/3.3.3+5/x64/libopenal.so
78709a1b8000-78709a21a000 r--p 000b3000 00:36 566                        /tmp/lwjgl_abdenours/3.3.3+5/x64/libopenal.so
78709a21a000-78709a21b000 ---p 00115000 00:36 566                        /tmp/lwjgl_abdenours/3.3.3+5/x64/libopenal.so
78709a21b000-78709a220000 r--p 00115000 00:36 566                        /tmp/lwjgl_abdenours/3.3.3+5/x64/libopenal.so
78709a220000-78709a221000 rw-p 0011a000 00:36 566                        /tmp/lwjgl_abdenours/3.3.3+5/x64/libopenal.so
78709a221000-78709a29c000 rw-p 00000000 00:00 0 
78709a29c000-78709a4d4000 r--p 00000000 00:36 565                        /tmp/libgdxabdenours/7f47ef07a3b30ad5/libGLESv2.so
78709a4d4000-78709a96f000 r-xp 00237000 00:36 565                        /tmp/libgdxabdenours/7f47ef07a3b30ad5/libGLESv2.so
78709a96f000-78709a9b0000 r--p 006d1000 00:36 565                        /tmp/libgdxabdenours/7f47ef07a3b30ad5/libGLESv2.so
78709a9b0000-78709a9ea000 rw-p 00711000 00:36 565                        /tmp/libgdxabdenours/7f47ef07a3b30ad5/libGLESv2.so
78709a9ea000-78709b000000 rw-p 00000000 00:00 0 
78709b000000-78709b800000 rw-p 00000000 00:00 0 
78709b801000-78709b80a000 rw-s 00000000 00:01 28673                      /memfd:pipewire-memfd:flags=0x0000000f,type=2,size=65664 (deleted)
78709b80a000-78709b80c000 r--p 00000000 00:21 5211165                    /usr/lib/pipewire-0.3/libpipewire-module-session-manager.so
78709b80c000-78709b829000 r-xp 00002000 00:21 5211165                    /usr/lib/pipewire-0.3/libpipewire-module-session-manager.so
78709b829000-78709b82e000 r--p 0001f000 00:21 5211165                    /usr/lib/pipewire-0.3/libpipewire-module-session-manager.so
78709b82e000-78709b830000 r--p 00023000 00:21 5211165                    /usr/lib/pipewire-0.3/libpipewire-module-session-manager.so
78709b830000-78709b831000 rw-p 00025000 00:21 5211165                    /usr/lib/pipewire-0.3/libpipewire-module-session-manager.so
78709b831000-78709b833000 r--p 00000000 00:21 5211159                    /usr/lib/pipewire-0.3/libpipewire-module-metadata.so
78709b833000-78709b83c000 r-xp 00002000 00:21 5211159                    /usr/lib/pipewire-0.3/libpipewire-module-metadata.so
78709b83c000-78709b83e000 r--p 0000b000 00:21 5211159                    /usr/lib/pipewire-0.3/libpipewire-module-metadata.so
78709b83e000-78709b83f000 r--p 0000c000 00:21 5211159                    /usr/lib/pipewire-0.3/libpipewire-module-metadata.so
78709b83f000-78709b840000 rw-p 0000d000 00:21 5211159                    /usr/lib/pipewire-0.3/libpipewire-module-metadata.so
78709b840000-78709b842000 r--p 00000000 00:21 5211154                    /usr/lib/pipewire-0.3/libpipewire-module-adapter.so
78709b842000-78709b846000 r-xp 00002000 00:21 5211154                    /usr/lib/pipewire-0.3/libpipewire-module-adapter.so
78709b846000-78709b848000 r--p 00006000 00:21 5211154                    /usr/lib/pipewire-0.3/libpipewire-module-adapter.so
78709b848000-78709b849000 r--p 00007000 00:21 5211154                    /usr/lib/pipewire-0.3/libpipewire-module-adapter.so
78709b849000-78709b84a000 rw-p 00008000 00:21 5211154                    /usr/lib/pipewire-0.3/libpipewire-module-adapter.so
78709b84a000-78709b84c000 r--p 00000000 00:21 5211155                    /usr/lib/pipewire-0.3/libpipewire-module-client-device.so
78709b84c000-78709b857000 r-xp 00002000 00:21 5211155                    /usr/lib/pipewire-0.3/libpipewire-module-client-device.so
78709b857000-78709b858000 r--p 0000d000 00:21 5211155                    /usr/lib/pipewire-0.3/libpipewire-module-client-device.so
78709b858000-78709b859000 r--p 0000e000 00:21 5211155                    /usr/lib/pipewire-0.3/libpipewire-module-client-device.so
78709b859000-78709b85a000 rw-p 0000f000 00:21 5211155                    /usr/lib/pipewire-0.3/libpipewire-module-client-device.so
78709b85a000-78709b86f000 r--p 00000000 00:21 5573291                    /usr/lib/libsystemd.so.0.42.0
78709b86f000-78709b933000 r-xp 00015000 00:21 5573291                    /usr/lib/libsystemd.so.0.42.0
78709b933000-78709b976000 r--p 000d9000 00:21 5573291                    /usr/lib/libsystemd.so.0.42.0
78709b976000-78709b97f000 r--p 0011c000 00:21 5573291                    /usr/lib/libsystemd.so.0.42.0
78709b97f000-78709b980000 rw-p 00125000 00:21 5573291                    /usr/lib/libsystemd.so.0.42.0
78709b980000-78709b981000 rw-p 00000000 00:00 0 
78709b981000-78709b989000 r--p 00000000 00:36 559                        /tmp/lwjgl_abdenours/3.3.3+5/x64/libjemalloc.so
78709b989000-78709b9de000 r-xp 00008000 00:36 559                        /tmp/lwjgl_abdenours/3.3.3+5/x64/libjemalloc.so
78709b9de000-78709b9ee000 r--p 0005d000 00:36 559                        /tmp/lwjgl_abdenours/3.3.3+5/x64/libjemalloc.so
78709b9ee000-78709b9ef000 ---p 0006d000 00:36 559                        /tmp/lwjgl_abdenours/3.3.3+5/x64/libjemalloc.so
78709b9ef000-78709b9f5000 r--p 0006d000 00:36 559                        /tmp/lwjgl_abdenours/3.3.3+5/x64/libjemalloc.so
78709b9f5000-78709b9f6000 rw-p 00073000 00:36 559                        /tmp/lwjgl_abdenours/3.3.3+5/x64/libjemalloc.so
78709b9f6000-78709bc00000 rw-p 00000000 00:00 0 
78709bc00000-78709bc20000 r-xp 00000000 00:36 553                        /tmp/libgdxabdenours/da3a4817/libgdx64.so
78709bc20000-78709be20000 ---p 00020000 00:36 553                        /tmp/libgdxabdenours/da3a4817/libgdx64.so
78709be20000-78709be21000 r--p 00020000 00:36 553                        /tmp/libgdxabdenours/da3a4817/libgdx64.so
78709be21000-78709be22000 rw-p 00021000 00:36 553                        /tmp/libgdxabdenours/da3a4817/libgdx64.so
78709be23000-78709be25000 r--p 00000000 00:21 5574218                    /usr/lib/libgbm.so.1.0.0
78709be25000-78709be26000 r-xp 00002000 00:21 5574218                    /usr/lib/libgbm.so.1.0.0
78709be26000-78709be27000 r--p 00003000 00:21 5574218                    /usr/lib/libgbm.so.1.0.0
78709be27000-78709be28000 r--p 00003000 00:21 5574218                    /usr/lib/libgbm.so.1.0.0
78709be28000-78709be29000 rw-p 00004000 00:21 5574218                    /usr/lib/libgbm.so.1.0.0
78709be29000-78709be2c000 r--p 00000000 00:21 5211162                    /usr/lib/pipewire-0.3/libpipewire-module-protocol-native.so
78709be2c000-78709be4e000 r-xp 00003000 00:21 5211162                    /usr/lib/pipewire-0.3/libpipewire-module-protocol-native.so
78709be4e000-78709be5a000 r--p 00025000 00:21 5211162                    /usr/lib/pipewire-0.3/libpipewire-module-protocol-native.so
78709be5a000-78709be6a000 r--p 00030000 00:21 5211162                    /usr/lib/pipewire-0.3/libpipewire-module-protocol-native.so
78709be6a000-78709be6b000 rw-p 00040000 00:21 5211162                    /usr/lib/pipewire-0.3/libpipewire-module-protocol-native.so
78709be6b000-78709be79000 r--p 00000000 00:21 1308389                    /usr/lib/libdbus-1.so.3.38.3
78709be79000-78709beaa000 r-xp 0000e000 00:21 1308389                    /usr/lib/libdbus-1.so.3.38.3
78709beaa000-78709bebb000 r--p 0003f000 00:21 1308389                    /usr/lib/libdbus-1.so.3.38.3
78709bebb000-78709bebd000 r--p 0004f000 00:21 1308389                    /usr/lib/libdbus-1.so.3.38.3
78709bebd000-78709bebe000 rw-p 00051000 00:21 1308389                    /usr/lib/libdbus-1.so.3.38.3
78709bebe000-78709bed5000 r--p 00000000 00:21 5782363                    /usr/lib/libX11.so.6.4.0
78709bed5000-78709bf6a000 r-xp 00017000 00:21 5782363                    /usr/lib/libX11.so.6.4.0
78709bf6a000-78709bff9000 r--p 000ac000 00:21 5782363                    /usr/lib/libX11.so.6.4.0
78709bff9000-78709bffc000 r--p 0013a000 00:21 5782363                    /usr/lib/libX11.so.6.4.0
78709bffc000-78709c000000 rw-p 0013d000 00:21 5782363                    /usr/lib/libX11.so.6.4.0
78709c000000-78709c5c2000 rw-p 00000000 00:00 0 
78709c5c2000-7870a0000000 ---p 00000000 00:00 0 
7870a0000000-7870a0021000 rw-p 00000000 00:00 0 
7870a0021000-7870a4000000 ---p 00000000 00:00 0 
7870a4000000-7870a4021000 rw-p 00000000 00:00 0 
7870a4021000-7870a8000000 ---p 00000000 00:00 0 
7870a8000000-7870a9e64000 rw-p 00000000 00:00 0 
7870a9e64000-7870ac000000 ---p 00000000 00:00 0 
7870ac000000-7870ac021000 rw-p 00000000 00:00 0 
7870ac021000-7870b0000000 ---p 00000000 00:00 0 
7870b0000000-7870b0021000 rw-p 00000000 00:00 0 
7870b0021000-7870b4000000 ---p 00000000 00:00 0 
7870b4000000-7870b4390000 rw-p 00000000 00:00 0 
7870b4390000-7870b4400000 ---p 00000000 00:00 0 
7870b4400000-7870b4770000 rw-p 00000000 00:00 0 
7870b4770000-7870b8000000 ---p 00000000 00:00 0 
7870b8000000-7870b8021000 rw-p 00000000 00:00 0 
7870b8021000-7870bc000000 ---p 00000000 00:00 0 
7870bc000000-7870bc021000 rw-p 00000000 00:00 0 
7870bc021000-7870c0000000 ---p 00000000 00:00 0 
7870c0000000-7870c0021000 rw-p 00000000 00:00 0 
7870c0021000-7870c4000000 ---p 00000000 00:00 0 
7870c4000000-7870c4021000 rw-p 00000000 00:00 0 
7870c4021000-7870c8000000 ---p 00000000 00:00 0 
7870c8000000-7870c8021000 rw-p 00000000 00:00 0 
7870c8021000-7870cc000000 ---p 00000000 00:00 0 
7870cc000000-7870cc021000 rw-p 00000000 00:00 0 
7870cc021000-7870d0000000 ---p 00000000 00:00 0 
7870d0000000-7870d0021000 rw-p 00000000 00:00 0 
7870d0021000-7870d4000000 ---p 00000000 00:00 0 
7870d4000000-7870d4021000 rw-p 00000000 00:00 0 
7870d4021000-7870d8000000 ---p 00000000 00:00 0 
7870d8000000-7870d8021000 rw-p 00000000 00:00 0 
7870d8021000-7870dc000000 ---p 00000000 00:00 0 
7870dc000000-7870dc003000 r--p 00000000 00:21 5211156                    /usr/lib/pipewire-0.3/libpipewire-module-client-node.so
7870dc003000-7870dc026000 r-xp 00003000 00:21 5211156                    /usr/lib/pipewire-0.3/libpipewire-module-client-node.so
7870dc026000-7870dc02c000 r--p 00026000 00:21 5211156                    /usr/lib/pipewire-0.3/libpipewire-module-client-node.so
7870dc02c000-7870dc02e000 r--p 0002c000 00:21 5211156                    /usr/lib/pipewire-0.3/libpipewire-module-client-node.so
7870dc02e000-7870dc02f000 rw-p 0002e000 00:21 5211156                    /usr/lib/pipewire-0.3/libpipewire-module-client-node.so
7870dc02f000-7870dc031000 r--p 00000000 00:21 5211163                    /usr/lib/pipewire-0.3/libpipewire-module-rt.so
7870dc031000-7870dc035000 r-xp 00002000 00:21 5211163                    /usr/lib/pipewire-0.3/libpipewire-module-rt.so
7870dc035000-7870dc037000 r--p 00006000 00:21 5211163                    /usr/lib/pipewire-0.3/libpipewire-module-rt.so
7870dc037000-7870dc038000 r--p 00007000 00:21 5211163                    /usr/lib/pipewire-0.3/libpipewire-module-rt.so
7870dc038000-7870dc039000 rw-p 00008000 00:21 5211163                    /usr/lib/pipewire-0.3/libpipewire-module-rt.so
7870dc039000-7870dc046000 r--p 00000000 00:21 5211128                    /usr/lib/libpipewire-0.3.so.0.1409.0
7870dc046000-7870dc0c0000 r-xp 0000d000 00:21 5211128                    /usr/lib/libpipewire-0.3.so.0.1409.0
7870dc0c0000-7870dc0dc000 r--p 00087000 00:21 5211128                    /usr/lib/libpipewire-0.3.so.0.1409.0
7870dc0dc000-7870dc0f9000 r--p 000a2000 00:21 5211128                    /usr/lib/libpipewire-0.3.so.0.1409.0
7870dc0f9000-7870dc0fa000 rw-p 000bf000 00:21 5211128                    /usr/lib/libpipewire-0.3.so.0.1409.0
7870dc0fa000-7870dc0fb000 rw-p 00000000 00:00 0 
7870dc0fb000-7870dc0fc000 ---p 00000000 00:00 0 
7870dc0fc000-7870dc100000 ---p 00000000 00:00 0 
7870dc100000-7870dc1fc000 rw-p 00000000 00:00 0 
7870dc1fc000-7870dc1fd000 ---p 00000000 00:00 0 
7870dc1fd000-7870dc201000 ---p 00000000 00:00 0 
7870dc201000-7870dc2fd000 rw-p 00000000 00:00 0 
7870dc2fd000-7870dc2fe000 ---p 00000000 00:00 0 
7870dc2fe000-7870dc302000 ---p 00000000 00:00 0 
7870dc302000-7870dc3fe000 rw-p 00000000 00:00 0 
7870dc3fe000-7870dc3ff000 ---p 00000000 00:00 0 
7870dc3ff000-7870dc403000 ---p 00000000 00:00 0 
7870dc403000-7870dc4ff000 rw-p 00000000 00:00 0 
7870dc4ff000-7870dc500000 ---p 00000000 00:00 0 
7870dc500000-7870dc504000 ---p 00000000 00:00 0 
7870dc504000-7870dc600000 rw-p 00000000 00:00 0 
7870dc600000-7870de600000 rw-p 00000000 00:00 0 
7870de600000-7870de602000 rw-s 10166b000 00:10 1078                      anon_inode:i915.gem
7870de602000-7870de616000 r--p 00000000 00:36 564                        /tmp/libgdxabdenours/7f47ef07a3b30ad5/libEGL.so
7870de616000-7870de63f000 r-xp 00013000 00:36 564                        /tmp/libgdxabdenours/7f47ef07a3b30ad5/libEGL.so
7870de63f000-7870de642000 r--p 0003b000 00:36 564                        /tmp/libgdxabdenours/7f47ef07a3b30ad5/libEGL.so
7870de642000-7870de643000 rw-p 0003d000 00:36 564                        /tmp/libgdxabdenours/7f47ef07a3b30ad5/libEGL.so
7870de643000-7870de645000 rw-p 00000000 00:00 0 
7870de645000-7870de653000 r--p 00000000 00:36 560                        /tmp/lwjgl_abdenours/3.3.3+5/x64/libglfw.so
7870de653000-7870de672000 r-xp 0000e000 00:36 560                        /tmp/lwjgl_abdenours/3.3.3+5/x64/libglfw.so
7870de672000-7870de6a5000 r--p 0002d000 00:36 560                        /tmp/lwjgl_abdenours/3.3.3+5/x64/libglfw.so
7870de6a5000-7870de6a6000 ---p 00060000 00:36 560                        /tmp/lwjgl_abdenours/3.3.3+5/x64/libglfw.so
7870de6a6000-7870de6a9000 r--p 00060000 00:36 560                        /tmp/lwjgl_abdenours/3.3.3+5/x64/libglfw.so
7870de6a9000-7870de6ac000 rw-p 00063000 00:36 560                        /tmp/lwjgl_abdenours/3.3.3+5/x64/libglfw.so
7870de6ac000-7870de6cf000 rw-p 00000000 00:00 0 
7870de6cf000-7870de6d0000 ---p 00000000 00:00 0 
7870de6d0000-7870de6d4000 ---p 00000000 00:00 0 
7870de6d4000-7870de7d0000 rw-p 00000000 00:00 0 
7870de7d0000-7870de9b8000 rw-p 00000000 00:00 0 
7870de9b8000-7870e05f8000 ---p 00000000 00:00 0 
7870e05f8000-7870e0600000 rw-p 00000000 00:00 0 
7870e0600000-7870e08b0000 rwxp 00000000 00:00 0 
7870e08b0000-7870e7b37000 ---p 00000000 00:00 0 
7870e7b37000-7870e7dc7000 rwxp 00000000 00:00 0 
7870e7dc7000-7870e80c8000 ---p 00000000 00:00 0 
7870e80c8000-7870e8338000 rwxp 00000000 00:00 0 
7870e8338000-7870ef600000 ---p 00000000 00:00 0 
7870ef600000-7870f7ea3000 r--s 00000000 00:21 4164595                    /opt/jdk-25/lib/modules
7870f7ea3000-7870f7ea4000 rw-s 00000000 00:01 27706                      /memfd:xshmfence (deleted)
7870f7ea4000-7870f7ea5000 rw-s 00000000 00:01 25696                      /memfd:xshmfence (deleted)
7870f7ea5000-7870f7ea6000 rw-s 1050a8000 00:10 1078                      anon_inode:i915.gem
7870f7ea6000-7870f7ead000 r--s 00000000 00:21 4749867                    /usr/lib/gconv/gconv-modules.cache
7870f7ead000-7870f7eae000 r--p 00000000 00:21 5211171                    /usr/lib/spa-0.2/support/libspa-dbus.so
7870f7eae000-7870f7eb1000 r-xp 00001000 00:21 5211171                    /usr/lib/spa-0.2/support/libspa-dbus.so
7870f7eb1000-7870f7eb2000 r--p 00004000 00:21 5211171                    /usr/lib/spa-0.2/support/libspa-dbus.so
7870f7eb2000-7870f7eb3000 r--p 00004000 00:21 5211171                    /usr/lib/spa-0.2/support/libspa-dbus.so
7870f7eb3000-7870f7eb4000 rw-p 00005000 00:21 5211171                    /usr/lib/spa-0.2/support/libspa-dbus.so
7870f7eb4000-7870f7eb8000 r--p 00000000 00:21 4749877                    /usr/lib/libgcc_s.so.1
7870f7eb8000-7870f7edb000 r-xp 00004000 00:21 4749877                    /usr/lib/libgcc_s.so.1
7870f7edb000-7870f7edf000 r--p 00027000 00:21 4749877                    /usr/lib/libgcc_s.so.1
7870f7edf000-7870f7ee0000 r--p 0002a000 00:21 4749877                    /usr/lib/libgcc_s.so.1
7870f7ee0000-7870f7ee1000 rw-p 0002b000 00:21 4749877                    /usr/lib/libgcc_s.so.1
7870f7ee1000-7870f7ee2000 r--p 00000000 00:21 5782360                    /usr/lib/libX11-xcb.so.1.0.0
7870f7ee2000-7870f7ee3000 r-xp 00001000 00:21 5782360                    /usr/lib/libX11-xcb.so.1.0.0
7870f7ee3000-7870f7ee4000 r--p 00002000 00:21 5782360                    /usr/lib/libX11-xcb.so.1.0.0
7870f7ee4000-7870f7ee5000 r--p 00002000 00:21 5782360                    /usr/lib/libX11-xcb.so.1.0.0
7870f7ee5000-7870f7ee6000 rw-p 00003000 00:21 5782360                    /usr/lib/libX11-xcb.so.1.0.0
7870f7ee6000-7870f7ee9000 r--p 00000000 00:21 1023920                    /usr/lib/libXcursor.so.1.0.2
7870f7ee9000-7870f7eef000 r-xp 00003000 00:21 1023920                    /usr/lib/libXcursor.so.1.0.2
7870f7eef000-7870f7ef1000 r--p 00009000 00:21 1023920                    /usr/lib/libXcursor.so.1.0.2
7870f7ef1000-7870f7ef2000 r--p 0000a000 00:21 1023920                    /usr/lib/libXcursor.so.1.0.2
7870f7ef2000-7870f7ef3000 rw-p 0000b000 00:21 1023920                    /usr/lib/libXcursor.so.1.0.2
7870f7ef3000-7870f7ef5000 r--p 00000000 00:21 1010367                    /usr/lib/libXrender.so.1.3.0
7870f7ef5000-7870f7efc000 r-xp 00002000 00:21 1010367                    /usr/lib/libXrender.so.1.3.0
7870f7efc000-7870f7efd000 r--p 00009000 00:21 1010367                    /usr/lib/libXrender.so.1.3.0
7870f7efd000-7870f7efe000 r--p 00009000 00:21 1010367                    /usr/lib/libXrender.so.1.3.0
7870f7efe000-7870f7eff000 rw-p 0000a000 00:21 1010367                    /usr/lib/libXrender.so.1.3.0
7870f7eff000-7870f7f00000 ---p 00000000 00:00 0 
7870f7f00000-7870f7f04000 ---p 00000000 00:00 0 
7870f7f04000-7870f8000000 rw-p 00000000 00:00 0 
7870f8000000-7870f9533000 rw-p 00000000 00:00 0 
7870f9533000-7870fc000000 ---p 00000000 00:00 0 
7870fc000000-7870fc001000 rw-s 1050a7000 00:10 1078                      anon_inode:i915.gem
7870fc001000-7870fc002000 rw-s 1050a6000 00:10 1078                      anon_inode:i915.gem
7870fc002000-7870fc003000 r--p 00000000 00:21 1024001                    /usr/lib/libXinerama.so.1.0.0
7870fc003000-7870fc004000 r-xp 00001000 00:21 1024001                    /usr/lib/libXinerama.so.1.0.0
7870fc004000-7870fc005000 r--p 00002000 00:21 1024001                    /usr/lib/libXinerama.so.1.0.0
7870fc005000-7870fc006000 r--p 00002000 00:21 1024001                    /usr/lib/libXinerama.so.1.0.0
7870fc006000-7870fc007000 rw-p 00003000 00:21 1024001                    /usr/lib/libXinerama.so.1.0.0
7870fc007000-7870fc00a000 r--p 00000000 00:21 1009520                    /usr/lib/libXi.so.6.1.0
7870fc00a000-7870fc016000 r-xp 00003000 00:21 1009520                    /usr/lib/libXi.so.6.1.0
7870fc016000-7870fc018000 r--p 0000f000 00:21 1009520                    /usr/lib/libXi.so.6.1.0
7870fc018000-7870fc019000 r--p 00011000 00:21 1009520                    /usr/lib/libXi.so.6.1.0
7870fc019000-7870fc01a000 rw-p 00012000 00:21 1009520                    /usr/lib/libXi.so.6.1.0
7870fc01a000-7870fc01e000 r--p 00000000 00:21 1009432                    /usr/lib/libXext.so.6.4.0
7870fc01e000-7870fc029000 r-xp 00004000 00:21 1009432                    /usr/lib/libXext.so.6.4.0
7870fc029000-7870fc02d000 r--p 0000f000 00:21 1009432                    /usr/lib/libXext.so.6.4.0
7870fc02d000-7870fc02e000 r--p 00012000 00:21 1009432                    /usr/lib/libXext.so.6.4.0
7870fc02e000-7870fc02f000 rw-p 00013000 00:21 1009432                    /usr/lib/libXext.so.6.4.0
7870fc02f000-7870fc03b000 r--p 00000000 00:21 1004401                    /usr/lib/libxcb.so.1.1.0
7870fc03b000-7870fc04f000 r-xp 0000c000 00:21 1004401                    /usr/lib/libxcb.so.1.1.0
7870fc04f000-7870fc058000 r--p 00020000 00:21 1004401                    /usr/lib/libxcb.so.1.1.0
7870fc058000-7870fc059000 r--p 00028000 00:21 1004401                    /usr/lib/libxcb.so.1.1.0
7870fc059000-7870fc05a000 rw-p 00029000 00:21 1004401                    /usr/lib/libxcb.so.1.1.0
7870fc05a000-7870fc05b000 r--p 00000000 00:21 1004350                    /usr/lib/libxcb-present.so.0.0.0
7870fc05b000-7870fc05c000 r-xp 00001000 00:21 1004350                    /usr/lib/libxcb-present.so.0.0.0
7870fc05c000-7870fc05d000 r--p 00002000 00:21 1004350                    /usr/lib/libxcb-present.so.0.0.0
7870fc05d000-7870fc05e000 r--p 00002000 00:21 1004350                    /usr/lib/libxcb-present.so.0.0.0
7870fc05e000-7870fc05f000 rw-p 00003000 00:21 1004350                    /usr/lib/libxcb-present.so.0.0.0
7870fc05f000-7870fc060000 rw-s 00000000 00:01 3104                       /memfd:pipewire-memfd:flags=0x0000000f,type=2,size=2312 (deleted)
7870fc060000-7870fc061000 r--p 00000000 00:21 5211172                    /usr/lib/spa-0.2/support/libspa-journal.so
7870fc061000-7870fc063000 r-xp 00001000 00:21 5211172                    /usr/lib/spa-0.2/support/libspa-journal.so
7870fc063000-7870fc064000 r--p 00003000 00:21 5211172                    /usr/lib/spa-0.2/support/libspa-journal.so
7870fc064000-7870fc065000 r--p 00003000 00:21 5211172                    /usr/lib/spa-0.2/support/libspa-journal.so
7870fc065000-7870fc066000 rw-p 00004000 00:21 5211172                    /usr/lib/spa-0.2/support/libspa-journal.so
7870fc066000-7870fc068000 r--p 00000000 00:21 5211173                    /usr/lib/spa-0.2/support/libspa-support.so
7870fc068000-7870fc081000 r-xp 00002000 00:21 5211173                    /usr/lib/spa-0.2/support/libspa-support.so
7870fc081000-7870fc086000 r--p 0001b000 00:21 5211173                    /usr/lib/spa-0.2/support/libspa-support.so
7870fc086000-7870fc088000 r--p 00020000 00:21 5211173                    /usr/lib/spa-0.2/support/libspa-support.so
7870fc088000-7870fc089000 rw-p 00022000 00:21 5211173                    /usr/lib/spa-0.2/support/libspa-support.so
7870fc089000-7870fc0b2000 r--p 00000000 00:36 558                        /tmp/lwjgl_abdenours/3.3.3+5/x64/liblwjgl.so
7870fc0b2000-7870fc0e4000 r-xp 00029000 00:36 558                        /tmp/lwjgl_abdenours/3.3.3+5/x64/liblwjgl.so
7870fc0e4000-7870fc0fd000 r--p 0005b000 00:36 558                        /tmp/lwjgl_abdenours/3.3.3+5/x64/liblwjgl.so
7870fc0fd000-7870fc0fe000 r--p 00073000 00:36 558                        /tmp/lwjgl_abdenours/3.3.3+5/x64/liblwjgl.so
7870fc0fe000-7870fc0ff000 rw-p 00074000 00:36 558                        /tmp/lwjgl_abdenours/3.3.3+5/x64/liblwjgl.so
7870fc0ff000-7870fc100000 ---p 00000000 00:00 0 
7870fc100000-7870fc104000 ---p 00000000 00:00 0 
7870fc104000-7870fc200000 rw-p 00000000 00:00 0 
7870fc200000-7870fc4ed000 r--p 00000000 00:21 4749865                    /usr/lib/locale/locale-archive
7870fc4ed000-7870fc4ef000 r--p 00000000 00:21 3383373                    /usr/lib/libXfixes.so.3.1.0
7870fc4ef000-7870fc4f2000 r-xp 00002000 00:21 3383373                    /usr/lib/libXfixes.so.3.1.0
7870fc4f2000-7870fc4f3000 r--p 00005000 00:21 3383373                    /usr/lib/libXfixes.so.3.1.0
7870fc4f3000-7870fc4f4000 r--p 00005000 00:21 3383373                    /usr/lib/libXfixes.so.3.1.0
7870fc4f4000-7870fc4f5000 rw-p 00006000 00:21 3383373                    /usr/lib/libXfixes.so.3.1.0
7870fc4f5000-7870fc533000 r-xp 00000000 00:21 4164590                    /opt/jdk-25/lib/libsimdsort.so
7870fc533000-7870fc534000 ---p 0003e000 00:21 4164590                    /opt/jdk-25/lib/libsimdsort.so
7870fc534000-7870fc535000 r--p 0003e000 00:21 4164590                    /opt/jdk-25/lib/libsimdsort.so
7870fc535000-7870fc536000 rw-p 0003f000 00:21 4164590                    /opt/jdk-25/lib/libsimdsort.so
7870fc536000-7870fc653000 rw-p 00000000 00:00 0 
7870fc653000-7870fc654000 ---p 00000000 00:00 0 
7870fc654000-7870fc754000 rw-p 00000000 00:00 0 
7870fc754000-7870fc755000 ---p 00000000 00:00 0 
7870fc755000-7870fc759000 ---p 00000000 00:00 0 
7870fc759000-7870fc855000 rw-p 00000000 00:00 0 
7870fc855000-7870fc856000 ---p 00000000 00:00 0 
7870fc856000-7870fc956000 rw-p 00000000 00:00 0 
7870fc956000-7870fc957000 rw-s 00000000 00:01 27705                      /memfd:pipewire-memfd:flags=0x0000000f,type=2,size=4096 (deleted)
7870fc957000-7870fc958000 rw-s 00000000 00:01 27704                      /memfd:pipewire-memfd:flags=0x0000000f,type=2,size=2312 (deleted)
7870fc958000-7870fc959000 rw-s 00000000 00:01 28672                      /memfd:pipewire-memfd:flags=0x0000000f,type=2,size=2312 (deleted)
7870fc959000-7870fc95a000 rw-p 00000000 00:00 0 
7870fc95a000-7870fc95c000 r--p 00000000 00:21 1024400                    /usr/lib/libXrandr.so.2.2.0
7870fc95c000-7870fc963000 r-xp 00002000 00:21 1024400                    /usr/lib/libXrandr.so.2.2.0
7870fc963000-7870fc965000 r--p 00009000 00:21 1024400                    /usr/lib/libXrandr.so.2.2.0
7870fc965000-7870fc966000 r--p 0000a000 00:21 1024400                    /usr/lib/libXrandr.so.2.2.0
7870fc966000-7870fc967000 rw-p 0000b000 00:21 1024400                    /usr/lib/libXrandr.so.2.2.0
7870fc967000-7870fc968000 r--p 00000000 00:21 1022894                    /usr/lib/libXxf86vm.so.1.0.0
7870fc968000-7870fc96b000 r-xp 00001000 00:21 1022894                    /usr/lib/libXxf86vm.so.1.0.0
7870fc96b000-7870fc96c000 r--p 00004000 00:21 1022894                    /usr/lib/libXxf86vm.so.1.0.0
7870fc96c000-7870fc96d000 r--p 00004000 00:21 1022894                    /usr/lib/libXxf86vm.so.1.0.0
7870fc96d000-7870fc96e000 rw-p 00005000 00:21 1022894                    /usr/lib/libXxf86vm.so.1.0.0
7870fc96e000-7870fc970000 r--p 00000000 00:21 1004267                    /usr/lib/libXdmcp.so.6.0.0
7870fc970000-7870fc972000 r-xp 00002000 00:21 1004267                    /usr/lib/libXdmcp.so.6.0.0
7870fc972000-7870fc974000 r--p 00004000 00:21 1004267                    /usr/lib/libXdmcp.so.6.0.0
7870fc974000-7870fc975000 r--p 00005000 00:21 1004267                    /usr/lib/libXdmcp.so.6.0.0
7870fc975000-7870fc976000 rw-p 00006000 00:21 1004267                    /usr/lib/libXdmcp.so.6.0.0
7870fc976000-7870fc977000 r--p 00000000 00:21 1004278                    /usr/lib/libXau.so.6.0.0
7870fc977000-7870fc978000 r-xp 00001000 00:21 1004278                    /usr/lib/libXau.so.6.0.0
7870fc978000-7870fc979000 r--p 00002000 00:21 1004278                    /usr/lib/libXau.so.6.0.0
7870fc979000-7870fc97a000 r--p 00002000 00:21 1004278                    /usr/lib/libXau.so.6.0.0
7870fc97a000-7870fc97b000 rw-p 00003000 00:21 1004278                    /usr/lib/libXau.so.6.0.0
7870fc97b000-7870fc987000 r-xp 00000000 00:21 4164584                    /opt/jdk-25/lib/libnet.so
7870fc987000-7870fc988000 r--p 0000b000 00:21 4164584                    /opt/jdk-25/lib/libnet.so
7870fc988000-7870fc989000 rw-p 0000c000 00:21 4164584                    /opt/jdk-25/lib/libnet.so
7870fc989000-7870fc98a000 ---p 00000000 00:00 0 
7870fc98a000-7870fca8a000 rw-p 00000000 00:00 0 
7870fca8a000-7870fca8b000 ---p 00000000 00:00 0 
7870fca8b000-7870fcb8b000 rw-p 00000000 00:00 0 
7870fcb8b000-7870fd393000 rw-p 00000000 00:00 0 
7870fd393000-7870fd394000 ---p 00000000 00:00 0 
7870fd394000-7870fd494000 rw-p 00000000 00:00 0 
7870fd494000-7870fd495000 ---p 00000000 00:00 0 
7870fd495000-7870fd595000 rw-p 00000000 00:00 0 
7870fd595000-7870fd596000 ---p 00000000 00:00 0 
7870fd596000-7870fd696000 rw-p 00000000 00:00 0 
7870fd696000-7870fd6d3000 rw-p 00000000 00:00 0 
7870fd6d3000-7870fda5b000 ---p 00000000 00:00 0 
7870fda5b000-7870fda99000 rw-p 00000000 00:00 0 
7870fda99000-7870fde21000 ---p 00000000 00:00 0 
7870fde21000-7870fe62f000 rw-p 00000000 00:00 0 
7870fe62f000-7870fe715000 ---p 00000000 00:00 0 
7870fe715000-7870fe71b000 rw-p 00000000 00:00 0 
7870fe71b000-7870fe800000 ---p 00000000 00:00 0 
7870fe800000-7870ffcdd000 r-xp 00000000 00:21 4164608                    /opt/jdk-25/lib/server/libjvm.so
7870ffcdd000-7870ffcde000 ---p 014dd000 00:21 4164608                    /opt/jdk-25/lib/server/libjvm.so
7870ffcde000-7870ffdc4000 r--p 014dd000 00:21 4164608                    /opt/jdk-25/lib/server/libjvm.so
7870ffdc4000-7870ffded000 rw-p 015c3000 00:21 4164608                    /opt/jdk-25/lib/server/libjvm.so
7870ffded000-7870ffe69000 rw-p 00000000 00:00 0 
7870ffe69000-7870ffe6a000 rw-p 00000000 00:00 0 
7870ffe6a000-7870ffe6b000 rw-p 00000000 00:00 0 
7870ffe6b000-7870ffe6c000 r-xp 00059000 00:36 558                        /tmp/lwjgl_abdenours/3.3.3+5/x64/liblwjgl.so
7870ffe6c000-7870ffe6d000 rw-p 00000000 00:00 0 
7870ffe6d000-7870ffe81000 r-xp 00000000 00:21 4164585                    /opt/jdk-25/lib/libnio.so
7870ffe81000-7870ffe82000 r--p 00013000 00:21 4164585                    /opt/jdk-25/lib/libnio.so
7870ffe82000-7870ffe83000 rw-p 00014000 00:21 4164585                    /opt/jdk-25/lib/libnio.so
7870ffe83000-7870fff00000 rw-p 00000000 00:00 0 
7870fff00000-7870fff04000 ---p 00000000 00:00 0 
7870fff04000-787100000000 rw-p 00000000 00:00 0 
787100000000-787100024000 r--p 00000000 00:21 4749148                    /usr/lib/libc.so.6
787100024000-787100195000 r-xp 00024000 00:21 4749148                    /usr/lib/libc.so.6
787100195000-787100204000 r--p 00195000 00:21 4749148                    /usr/lib/libc.so.6
787100204000-787100208000 r--p 00203000 00:21 4749148                    /usr/lib/libc.so.6
787100208000-78710020a000 rw-p 00207000 00:21 4749148                    /usr/lib/libc.so.6
78710020a000-787100212000 rw-p 00000000 00:00 0 
787100212000-787100219000 r-xp 00000000 00:21 4164594                    /opt/jdk-25/lib/libzip.so
787100219000-78710021a000 ---p 00007000 00:21 4164594                    /opt/jdk-25/lib/libzip.so
78710021a000-78710021b000 r--p 00007000 00:21 4164594                    /opt/jdk-25/lib/libzip.so
78710021b000-78710021c000 rw-p 00008000 00:21 4164594                    /opt/jdk-25/lib/libzip.so
78710021c000-787100222000 rw-p 00000000 00:00 0 
787100222000-787100228000 ---p 00000000 00:00 0 
787100228000-787100248000 r-xp 00000000 00:21 4164570                    /opt/jdk-25/lib/libjava.so
787100248000-787100249000 r--p 0001f000 00:21 4164570                    /opt/jdk-25/lib/libjava.so
787100249000-78710024a000 rw-p 00020000 00:21 4164570                    /opt/jdk-25/lib/libjava.so
78710024a000-78710024b000 rw-p 00000000 00:00 0 
78710024b000-78710025a000 r--p 00000000 00:21 4749158                    /usr/lib/libm.so.6
78710025a000-7871002e5000 r-xp 0000f000 00:21 4749158                    /usr/lib/libm.so.6
7871002e5000-787100357000 r--p 0009a000 00:21 4749158                    /usr/lib/libm.so.6
787100357000-787100358000 r--p 0010b000 00:21 4749158                    /usr/lib/libm.so.6
787100358000-787100359000 rw-p 0010c000 00:21 4749158                    /usr/lib/libm.so.6
787100359000-78710035a000 r--p 00000000 00:21 4749180                    /usr/lib/librt.so.1
78710035a000-78710035b000 r-xp 00001000 00:21 4749180                    /usr/lib/librt.so.1
78710035b000-78710035c000 r--p 00002000 00:21 4749180                    /usr/lib/librt.so.1
78710035c000-78710035d000 r--p 00002000 00:21 4749180                    /usr/lib/librt.so.1
78710035d000-78710035e000 rw-p 00003000 00:21 4749180                    /usr/lib/librt.so.1
78710035e000-787100362000 rw-p 00000000 00:00 0 
787100362000-787100363000 r--p 00000000 00:21 4749175                    /usr/lib/libpthread.so.0
787100363000-787100364000 r-xp 00001000 00:21 4749175                    /usr/lib/libpthread.so.0
787100364000-787100365000 r--p 00002000 00:21 4749175                    /usr/lib/libpthread.so.0
787100365000-787100366000 r--p 00002000 00:21 4749175                    /usr/lib/libpthread.so.0
787100366000-787100367000 rw-p 00003000 00:21 4749175                    /usr/lib/libpthread.so.0
787100367000-787100368000 r--p 00000000 00:21 4749153                    /usr/lib/libdl.so.2
787100368000-787100369000 r-xp 00001000 00:21 4749153                    /usr/lib/libdl.so.2
787100369000-78710036a000 r--p 00002000 00:21 4749153                    /usr/lib/libdl.so.2
78710036a000-78710036b000 r--p 00002000 00:21 4749153                    /usr/lib/libdl.so.2
78710036b000-78710036c000 rw-p 00003000 00:21 4749153                    /usr/lib/libdl.so.2
78710036c000-78710036f000 r--p 00000000 00:21 994070                     /usr/lib/libz.so.1.3.1
78710036f000-78710037d000 r-xp 00003000 00:21 994070                     /usr/lib/libz.so.1.3.1
78710037d000-787100383000 r--p 00011000 00:21 994070                     /usr/lib/libz.so.1.3.1
787100383000-787100384000 r--p 00017000 00:21 994070                     /usr/lib/libz.so.1.3.1
787100384000-787100385000 rw-p 00018000 00:21 994070                     /usr/lib/libz.so.1.3.1
787100385000-78710038d000 rw-s 00000000 00:36 22705                      /tmp/hsperfdata_abdenours/122467 (deleted)
78710038d000-78710038e000 ---p 00000000 00:00 0 
78710038e000-78710038f000 r--p 00000000 00:00 0 
78710038f000-787100390000 ---p 00000000 00:00 0 
787100390000-7871003b0000 r-xp 00000000 00:21 4164574                    /opt/jdk-25/lib/libjimage.so
7871003b0000-7871003b1000 ---p 00020000 00:21 4164574                    /opt/jdk-25/lib/libjimage.so
7871003b1000-7871003b3000 r--p 00020000 00:21 4164574                    /opt/jdk-25/lib/libjimage.so
7871003b3000-7871003b4000 rw-p 00022000 00:21 4164574                    /opt/jdk-25/lib/libjimage.so
7871003b4000-7871003c3000 r-xp 00000000 00:21 4164575                    /opt/jdk-25/lib/libjli.so
7871003c3000-7871003c4000 r--p 0000e000 00:21 4164575                    /opt/jdk-25/lib/libjli.so
7871003c4000-7871003c5000 rw-p 0000f000 00:21 4164575                    /opt/jdk-25/lib/libjli.so
7871003c5000-7871003c7000 rw-p 00000000 00:00 0 
7871003c7000-7871003cb000 r--p 00000000 00:00 0                          [vvar]
7871003cb000-7871003cd000 r-xp 00000000 00:00 0                          [vdso]
7871003cd000-7871003ce000 r--p 00000000 00:21 4749139                    /usr/lib/ld-linux-x86-64.so.2
7871003ce000-7871003f8000 r-xp 00001000 00:21 4749139                    /usr/lib/ld-linux-x86-64.so.2
7871003f8000-787100406000 r--p 0002b000 00:21 4749139                    /usr/lib/ld-linux-x86-64.so.2
787100406000-787100408000 r--p 00039000 00:21 4749139                    /usr/lib/ld-linux-x86-64.so.2
787100408000-787100409000 rw-p 0003b000 00:21 4749139                    /usr/lib/ld-linux-x86-64.so.2
787100409000-78710040a000 rw-p 00000000 00:00 0 
7ffe4593b000-7ffe4595e000 rw-p 00000000 00:00 0                          [stack]
ffffffffff600000-ffffffffff601000 --xp 00000000 00:00 0                  [vsyscall]
Total number of mappings: 698

JVMTI agents: none


VM Arguments:
jvm_args: -Dfile.encoding=UTF-8 -Duser.country=US -Duser.language=en -Duser.variant 
java_command: com.mygdx.game.lwjgl3.Lwjgl3Launcher
java_class_path (initial): /home/abdenours/Desktop/friend_graphics_test/lwjgl3/build/classes/java/main:/home/abdenours/Desktop/friend_graphics_test/lwjgl3/build/resources/main:/home/abdenours/.gradle/caches/modules-2/files-2.1/com.badlogicgames.gdx/gdx-backend-lwjgl3/1.14.0/122cf51d4a3bcd4e14e8fbd16ae2b65f27fe2d57/gdx-backend-lwjgl3-1.14.0.jar:/home/abdenours/.gradle/caches/modules-2/files-2.1/com.badlogicgames.gdx/gdx-lwjgl3-angle/1.14.0/f15d8d7ec09ef7486490f05f098ab57b4d318073/gdx-lwjgl3-angle-1.14.0.jar:/home/abdenours/.gradle/caches/modules-2/files-2.1/com.badlogicgames.gdx/gdx-platform/1.14.0/d0ecc53f2c20576f1ba4ac9ba157cf48f7bd9821/gdx-platform-1.14.0-natives-desktop.jar:/home/abdenours/Desktop/friend_graphics_test/core/build/libs/core-1.0.0.jar:/home/abdenours/.gradle/caches/modules-2/files-2.1/com.badlogicgames.gdx/gdx/1.14.0/8accfce8d9313d9ddd23a2c9e315179783085ef2/gdx-1.14.0.jar:/home/abdenours/.gradle/caches/modules-2/files-2.1/org.lwjgl/lwjgl-glfw/3.3.3/efa1eb78c5ccd840e9f329717109b5e892d72f8e/lwjgl-glfw-3.3.3.jar:/home/abdenours/.gradle/caches/modules-2/files-2.1/org.lwjgl/lwjgl-glfw/3.3.3/a03684c5e4b1b1dbbe0d29dbbdc27b985b6840f2/lwjgl-glfw-3.3.3-natives-linux.jar:/home/abdenours/.gradle/caches/modules-2/files-2.1/org.lwjgl/lwjgl-glfw/3.3.3/d9af485c32545b37dd5359b163161d42d7534dcf/lwjgl-glfw-3.3.3-natives-linux-arm32.jar:/home/abdenours/.gradle/caches/modules-2/files-2.1/org.lwjgl/lwjgl-glfw/3.3.3/492a0f11f85b85899a6568f07511160c1b87cd38/lwjgl-glfw-3.3.3-natives-linux-arm64.jar:/home/abdenours/.gradle/caches/modules-2/files-2.1/org.lwjgl/lwjgl-glfw/3.3.3/a1bf400f6bc64e6195596cb1430dafda46090751/lwjgl-glfw-3.3.3-natives-macos.jar:/home/abdenours/.gradle/caches/modules-2/files-2.1/org.lwjgl/lwjgl-glfw/3.3.3/ee8cc78d0a4a5b3b4600fade6d927c9fc320c858/lwjgl-glfw-3.3.3-natives-macos-arm64.jar:/home/abdenours/.gradle/caches/modules-2/files-2.1/org.lwjgl/lwjgl-glfw/3.3.3/e449e28b4891fc423c54c85fbc5bb0b9efece67a/lwjgl-glfw-3.3.3-natives-windows.jar:/home/abdenours/.gradle/caches/modules-2/files-2.1/org.lwjgl/lwjgl-glfw/3.3.3/32334f3fd5270a59bad9939a93115acb6de36dcf/lwjgl-glfw-3.3.3-natives-windows-x86.jar:/home/abdenours/.gradle/caches/modules-2/files-2.1/org.lwjgl/lwjgl-jemalloc/3.3.3/b543467b7ff3c6920539a88ee602d34098628be5/lwjgl-jemalloc-3.3.3.jar:/home/abdenours/.gradle/caches/modules-2/files-2.1/org.lwjgl/lwjgl-jemalloc/3.3.3/4f86728bf449b1dd61251c4e0ac01df1389cb51e/lwjgl-jemalloc-3.3.3-natives-linux.jar:/home/abdenours/.gradle/caches/modules-2/files-2.1/org.lwjgl/lwjgl-jemalloc/3.3.3/109b6931880d02d4e65ced38928a16e41d19873e/lwjgl-jemalloc-3.3.3-natives-linux-arm32.jar:/home/abdenours/.gradle/caches/modules-2/files-2.1/org.lwjgl/lwjgl-jemalloc/3.3.3/eff8b86798191192fe2cba2dc2776109f30c239d/lwjgl-jemalloc-3.3.3-natives-linux-arm64.jar:/home/abdenours/.gradle/caches/modules-2/files-2.1/org.lwjgl/lwjgl-jemalloc/3.3.3/2906637657a57579847238c9c72d2c4bde7083f8/lwjgl-jemalloc-3.3.3-natives-macos.jar:/home/abdenours/.gradle/caches/modules-2/files-2.1/org.lwjgl/lwjgl-jemalloc/3.3.3/e9412c3ff8cb3a3bad1d3f52909ad74d8a5bdad1/lwjgl-jemalloc-3.3.3-natives-macos-arm64.jar:/home/abdenours/.gradle/caches/modules-2/files-2.1/org.lwjgl/lwjgl-jemalloc/3.3.3/426222fc027602a5f21b9c0fe79cde6a4c7a011f/lwjgl-jemalloc-3.3.3-natives-windows.jar:/home/abdenours/.gradle/caches/modules-2/files-2.1/org.lwjgl/lwjgl-jemalloc/3.3.3/f6063b6e0f23be483c5c88d84ce51b39dc69126c/lwjgl-jemalloc-3.3.3-natives-windows-x86.jar:/home/abdenours/.gradle/caches/modules-2/files-2.1/org.lwjgl/lwjgl-openal/3.3.3/daada81ceb5fc0c291fbfdd4433cb8d9423577f2/lwjgl-openal-3.3.3.jar:/home/abdenours/.gradle/caches/modules-2/files-2.1/org.lwjgl/lwjgl-openal/3.3.3/3037360cc4595079bea240af250b6d1a527e0905/lwjgl-openal-3.3.3-natives-linux.jar:/home/abdenours/.gradle/caches/modules-2/files-2.1/org.lwjgl/lwjgl-openal/3.3.3/e1702aa09d20359d6cf5cb2999fa7685a785eca7/lwjgl-openal-3.3.3-natives-linux-arm32.jar:/home/abdenours/.gradle/caches/modules-2/files-2.1/org.lwjgl/lwjgl-openal/3.3.3/ad8f302118a65bb8d615f8a2a680db58fb8f835e/lwjgl-openal-3.3.3-natives-linux-arm64.jar:/home/abdenours/.gradle/caches/modules-2/files-2.1/org.lwjgl/lwjgl-openal/3.3.3/8df8338bfa77f2ebabef4e58964bd04d24805cbf/lwjgl-openal-3.3.3-natives-macos.jar:/home/abdenours/.gradle/caches/modules-2/files-2.1/org.lwjgl/lwjgl-openal/3.3.3/c78b078de2fb52f45aa55d04db889a560f3544f/lwjgl-openal-3.3.3-natives-macos-arm64.jar:/home/abdenours/.gradle/caches/modules-2/files-2.1/org.lwjgl/lwjgl-openal/3.3.3/cf83862ae95d98496b26915024c7e666d8ab1c8f/lwjgl-openal-3.3.3-natives-windows.jar:/home/abdenours/.gradle/caches/modules-2/files-2.1/org.lwjgl/lwjgl-openal/3.3.3/87b8d5050e3adb46bb58fe1cb2669a4a48fce10d/lwjgl-openal-3.3.3-natives-windows-x86.jar:/home/abdenours/.gradle/caches/modules-2/files-2.1/org.lwjgl/lwjgl-opengl/3.3.3/2f6b0147078396a58979125a4c947664e98293a/lwjgl-opengl-3.3.3.jar:/home/abdenours/.gradle/caches/modules-2/files-2.1/org.lwjgl/lwjgl-opengl/3.3.3/62c70a4b00ca5391882b0f4b787c1588d24f1c86/lwjgl-opengl-3.3.3-natives-linux.jar:/home/abdenours/.gradle/caches/modules-2/files-2.1/org.lwjgl/lwjgl-opengl/3.3.3/dbba17fc5ac0985d14a57c11f9537617d67b9952/lwjgl-opengl-3.3.3-natives-linux-arm32.jar:/home/abdenours/.gradle/caches/modules-2/files-2.1/org.lwjgl/lwjgl-opengl/3.3.3/2096f6b94b2d68745d858fbfe53aacf5f0c8074c/lwjgl-opengl-3.3.3-natives-linux-arm64.jar:/home/abdenours/.gradle/caches/modules-2/files-2.1/org.lwjgl/lwjgl-opengl/3.3.3/1bd45997551ae8a28469f3a2b678f4b7289e12c0/lwjgl-opengl-3.3.3-natives-macos.jar:/home/abdenours/.gradle/caches/modules-2/files-2.1/org.lwjgl/lwjgl-opengl/3.3.3/d213ddef27637b1af87961ffa94d6b27036becc8/lwjgl-opengl-3.3.3-natives-macos-arm64.jar:/home/abdenours/.gradle/caches/modules-2/files-2.1/org.lwjgl/lwjgl-opengl/3.3.3/e6c1eec8be8a71951b830a4d69efc01c6531900c/lwjgl-opengl-3.3.3-natives-windows.jar:/home/abdenours/.gradle/caches/modules-2/files-2.1/org.lwjgl/lwjgl-opengl/3.3.3/d32d833dcaa2f355a886eaf21f0408b5f03241d/lwjgl-opengl-3.3.3-natives-windows-x86.jar:/home/abdenours/.gradle/caches/modules-2/files-2.1/org.lwjgl/lwjgl-stb/3.3.3/25dd6161988d7e65f71d5065c99902402ee32746/lwjgl-stb-3.3.3.jar:/home/abdenours/.gradle/caches/modules-2/files-2.1/org.lwjgl/lwjgl-stb/3.3.3/fd1271ccd9d85eff2fa31f3fd543e02ccfaf5041/lwjgl-stb-3.3.3-natives-linux.jar:/home/abdenours/.gradle/caches/modules-2/files-2.1/org.lwjgl/lwjgl-stb/3.3.3/1ae28ff044699ff29b0e980ffabd73fba8a664b3/lwjgl-stb-3.3.3-natives-linux-arm32.jar:/home/abdenours/.gradle/caches/modules-2/files-2.1/org.lwjgl/lwjgl-stb/3.3.3/ddc177afc2be1ee8d93684b11363b80589a13fe1/lwjgl-stb-3.3.3-natives-linux-arm64.jar:/home/abdenours/.gradle/caches/modules-2/files-2.1/org.lwjgl/lwjgl-stb/3.3.3/472792c98fb2c1557c060cb9da5fca6a9773621f/lwjgl-stb-3.3.3-natives-macos.jar:/home/abdenours/.gradle/caches/modules-2/files-2.1/org.lwjgl/lwjgl-stb/3.3.3/51c6955571fbcdb7bb538c6aa589b953b584c6af/lwjgl-stb-3.3.3-natives-macos-arm64.jar:/home/abdenours/.gradle/caches/modules-2/files-2.1/org.lwjgl/lwjgl-stb/3.3.3/1d9facdf6541de114b0f963be33505b7679c78cb/lwjgl-stb-3.3.3-natives-windows.jar:/home/abdenours/.gradle/caches/modules-2/files-2.1/org.lwjgl/lwjgl-stb/3.3.3/b5c874687b9aac1a936501d4ed2c49567fd1b575/lwjgl-stb-3.3.3-natives-windows-x86.jar:/home/abdenours/.gradle/caches/modules-2/files-2.1/org.lwjgl/lwjgl-opengles/3.3.3/b3a29ff95bdb320122839741a3723338e6ecfa28/lwjgl-opengles-3.3.3.jar:/home/abdenours/.gradle/caches/modules-2/files-2.1/org.lwjgl/lwjgl-opengles/3.3.3/d59211c8746d50cfb610bd38f8d817a94fbdf013/lwjgl-opengles-3.3.3-natives-linux.jar:/home/abdenours/.gradle/caches/modules-2/files-2.1/org.lwjgl/lwjgl-opengles/3.3.3/8b0c02692d6f869dee1060f290fd157f05dfa999/lwjgl-opengles-3.3.3-natives-linux-arm32.jar:/home/abdenours/.gradle/caches/modules-2/files-2.1/org.lwjgl/lwjgl-opengles/3.3.3/af05595560d4ae6117242ca051e5ae4f27aea9e3/lwjgl-opengles-3.3.3-natives-linux-arm64.jar:/home/abdenours/.gradle/caches/modules-2/files-2.1/org.lwjgl/lwjgl-opengles/3.3.3/d6a20b1f204e48989d994923f4f5131c55424844/lwjgl-opengles-3.3.3-natives-macos.jar:/home/abdenours/.gradle/caches/modules-2/files-2.1/org.lwjgl/lwjgl-opengles/3.3.3/5aeb20635f6d20f2f7f69fe9c05cab831e574b8c/lwjgl-opengles-3.3.3-natives-macos-arm64.jar:/home/abdenours/.gradle/caches/modules-2/files-2.1/org.lwjgl/lwjgl-opengles/3.3.3/22939720fc2737b419dd52db84b8c56bcfab3aac/lwjgl-opengles-3.3.3-natives-windows.jar:/home/abdenours/.gradle/caches/modules-2/files-2.1/org.lwjgl/lwjgl-opengles/3.3.3/331b739ab66790449888e553052ecb051f37ad3f/lwjgl-opengles-3.3.3-natives-windows-x86.jar:/home/abdenours/.gradle/caches/modules-2/files-2.1/org.lwjgl/lwjgl-egl/3.3.3/2f0d613e3f769577548f08b11ae9b7571980aeb1/lwjgl-egl-3.3.3.jar:/home/abdenours/.gradle/caches/modules-2/files-2.1/org.lwjgl/lwjgl/3.3.3/29589b5f87ed335a6c7e7ee6a5775f81f97ecb84/lwjgl-3.3.3.jar:/home/abdenours/.gradle/caches/modules-2/files-2.1/org.lwjgl/lwjgl/3.3.3/1713758e3660ba66e1e954396fd18126038b33c0/lwjgl-3.3.3-natives-linux.jar:/home/abdenours/.gradle/caches/modules-2/files-2.1/org.lwjgl/lwjgl/3.3.3/2075c51a80f0ef0f22ba616ba54007ac2b0debd4/lwjgl-3.3.3-natives-linux-arm32.jar:/home/abdenours/.gradle/caches/modules-2/files-2.1/org.lwjgl/lwjgl/3.3.3/f35d8b6ffe1ac1e3a5eb1d4e33de80f044ad5fd8/lwjgl-3.3.3-natives-linux-arm64.jar:/home/abdenours/.gradle/caches/modules-2/files-2.1/org.lwjgl/lwjgl/3.3.3/33a6efa288390490ce6eb6c3df47ac21ecf648cf/lwjgl-3.3.3-natives-macos.jar:/home/abdenours/.gradle/caches/modules-2/files-2.1/org.lwjgl/lwjgl/3.3.3/226246e75f6bd8d4e1895bdce8638ef87808d114/lwjgl-3.3.3-natives-macos-arm64.jar:/home/abdenours/.gradle/caches/modules-2/files-2.1/org.lwjgl/lwjgl/3.3.3/a5ed18a2b82fc91b81f40d717cb1f64c9dcb0540/lwjgl-3.3.3-natives-windows.jar:/home/abdenours/.gradle/caches/modules-2/files-2.1/org.lwjgl/lwjgl/3.3.3/9e670718e050aeaeea0c2d5b907cffb142f2e58f/lwjgl-3.3.3-natives-windows-x86.jar:/home/abdenours/.gradle/caches/modules-2/files-2.1/com.badlogicgames.jlayer/jlayer/1.0.1-gdx/7cca83cec5c1b2f011362f4d85aabd71a73b049d/jlayer-1.0.1-gdx.jar:/home/abdenours/.gradle/caches/modules-2/files-2.1/org.jcraft/jorbis/0.0.17/8872d22b293e8f5d7d56ff92be966e6dc28ebdc6/jorbis-0.0.17.jar:/home/abdenours/.gradle/caches/modules-2/files-2.1/com.badlogicgames.gdx/gdx-jnigen-loader/2.5.2/f35e90affe07c46b4f5e5958a1a4c1820c4890e2/gdx-jnigen-loader-2.5.2.jar
Launcher Type: SUN_STANDARD

[Global flags]
     intx CICompilerCount                          = 4                                         {product} {ergonomic}
     uint ConcGCThreads                            = 2                                         {product} {ergonomic}
     uint G1ConcRefinementThreads                  = 8                                         {product} {ergonomic}
   size_t G1HeapRegionSize                         = 1048576                                   {product} {ergonomic}
   size_t InitialHeapSize                          = 127926272                                 {product} {ergonomic}
   size_t MarkStackSize                            = 4194304                                   {product} {ergonomic}
   size_t MarkStackSizeMax                         = 536870912                                 {product} {ergonomic}
   size_t MaxHeapSize                              = 2025848832                                {product} {ergonomic}
   size_t MaxNewSize                               = 1215299584                                {product} {ergonomic}
   size_t MinHeapDeltaBytes                        = 1048576                                   {product} {ergonomic}
   size_t MinHeapSize                              = 8388608                                   {product} {ergonomic}
    uintx NonNMethodCodeHeapSize                   = 5836800                                {pd product} {ergonomic}
    uintx NonProfiledCodeHeapSize                  = 122912768                              {pd product} {ergonomic}
    uintx ProfiledCodeHeapSize                     = 122908672                              {pd product} {ergonomic}
    uintx ReservedCodeCacheSize                    = 251658240                              {pd product} {ergonomic}
     bool SegmentedCodeCache                       = true                                      {product} {ergonomic}
   size_t SoftMaxHeapSize                          = 2025848832                             {manageable} {ergonomic}
     bool UseCompressedOops                        = true                           {product lp64_product} {ergonomic}
     bool UseG1GC                                  = true                                      {product} {ergonomic}

Logging:
Log output configuration:
 #0: 
[error occurred during error reporting (printing log configuration), id 0xb, SIGSEGV (0xb) at pc=0x00007870ff4bc576]
Release file:
IMPLEMENTOR="Oracle Corporation"
JAVA_RUNTIME_VERSION="25+37-LTS-3491"
JAVA_VERSION="25"
JAVA_VERSION_DATE="2025-09-16"
LIBC="gnu"
MODULES="java.base java.compiler java.datatransfer java.xml java.prefs java.desktop java.instrument java.logging java.management java.security.sasl java.naming java.rmi java.management.rmi java.net.http java.scripting java.security.jgss java.transaction.xa java.sql java.sql.rowset java.xml.crypto java.se java.smartcardio jdk.accessibility jdk.internal.jvmstat jdk.attach jdk.charsets jdk.internal.opt jdk.zipfs jdk.compiler jdk.crypto.cryptoki jdk.crypto.ec jdk.dynalink jdk.internal.ed jdk.editpad jdk.internal.vm.ci jdk.graal.compiler jdk.graal.compiler.management jdk.hotspot.agent jdk.httpserver jdk.incubator.vector jdk.internal.le jdk.internal.md jdk.jartool jdk.javadoc jdk.jcmd jdk.management jdk.management.agent jdk.jconsole jdk.jdeps jdk.jdwp.agent jdk.jdi jdk.jfr jdk.jlink jdk.jpackage jdk.jshell jdk.jsobject jdk.jstatd jdk.localedata jdk.management.jfr jdk.naming.dns jdk.naming.rmi jdk.net jdk.nio.mapmode jdk.sctp jdk.security.auth jdk.security.jgss jdk.unsupported jdk.unsupported.desktop jdk.xml.dom"
OS_ARCH="x86_64"
OS_NAME="Linux"
SOURCE=".:git:49d6a23b8806 open:git:6c48f4ed707b"

Environment Variables:
PATH=/usr/local/bin:/usr/bin:/bin:/usr/local/sbin:/usr/lib/jvm/default/bin:/usr/bin/site_perl:/usr/bin/vendor_perl:/usr/bin/core_perl
XDG_CACHE_HOME=/home/abdenours/.cache
XDG_CONFIG_HOME=/home/abdenours/.config
SHELL=/bin/bash
DISPLAY=:0.0
LANG=en_US.UTF-8
LC_NUMERIC=fr_FR.UTF-8
LC_TIME=fr_FR.UTF-8

Active Locale:
LC_ALL=LC_CTYPE=en_US.UTF-8;LC_NUMERIC=fr_FR.UTF-8;LC_TIME=fr_FR.UTF-8;LC_COLLATE=en_US.UTF-8;LC_MONETARY=fr_FR.UTF-8;LC_MESSAGES=en_US.UTF-8;LC_PAPER=fr_FR.UTF-8;LC_NAME=fr_FR.UTF-8;LC_ADDRESS=fr_FR.UTF-8;LC_TELEPHONE=fr_FR.UTF-8;LC_MEASUREMENT=fr_FR.UTF-8;LC_IDENTIFICATION=fr_FR.UTF-8
LC_COLLATE=en_US.UTF-8
LC_CTYPE=en_US.UTF-8
LC_MESSAGES=en_US.UTF-8
LC_MONETARY=fr_FR.UTF-8
LC_NUMERIC=fr_FR.UTF-8
LC_TIME=fr_FR.UTF-8

Signal Handlers:
   SIGSEGV: crash_handler in libjvm.so, mask=11100100010111111101111111111110, flags=SA_RESTART|SA_SIGINFO, unblocked
    SIGBUS: crash_handler in libjvm.so, mask=11100100010111111101111111111110, flags=SA_RESTART|SA_SIGINFO, unblocked
    SIGFPE: crash_handler in libjvm.so, mask=11100100010111111101111111111110, flags=SA_RESTART|SA_SIGINFO, unblocked
   SIGPIPE: javaSignalHandler in libjvm.so, mask=11100100010111111101111111111110, flags=SA_RESTART|SA_SIGINFO, blocked
   SIGXFSZ: javaSignalHandler in libjvm.so, mask=11100100010111111101111111111110, flags=SA_RESTART|SA_SIGINFO, blocked
    SIGILL: crash_handler in libjvm.so, mask=11100100010111111101111111111110, flags=SA_RESTART|SA_SIGINFO, unblocked
   SIGUSR2: SR_handler in libjvm.so, mask=00100000000000000000000000000000, flags=SA_RESTART|SA_SIGINFO, blocked
    SIGHUP: UserHandler in libjvm.so, mask=11100100010111111101111111111110, flags=SA_RESTART|SA_SIGINFO, blocked
    SIGINT: UserHandler in libjvm.so, mask=11100100010111111101111111111110, flags=SA_RESTART|SA_SIGINFO, blocked
   SIGTERM: UserHandler in libjvm.so, mask=11100100010111111101111111111110, flags=SA_RESTART|SA_SIGINFO, blocked
   SIGQUIT: UserHandler in libjvm.so, mask=11100100010111111101111111111110, flags=SA_RESTART|SA_SIGINFO, blocked
   SIGTRAP: crash_handler in libjvm.so, mask=11100100010111111101111111111110, flags=SA_RESTART|SA_SIGINFO, unblocked


Compilation memory statistics disabled.

Periodic native trim disabled

---------------  S Y S T E M  ---------------

OS:
DISTRIB_ID=Garuda
DISTRIB_RELEASE=Soaring
DISTRIB_DESCRIPTION="Garuda Linux Broadwing"
DISTRIB_CODENAME="Broadwing"
uname: Linux 6.12.63-1-lts #1 SMP PREEMPT_DYNAMIC Thu, 18 Dec 2025 14:48:15 +0000 x86_64
OS uptime: 1 days 2:26 hours
libc: glibc 2.42 NPTL 2.42 
rlimit (soft/hard): STACK 8192k/infinity , CORE infinity/infinity , NPROC 1048576/1048576 , NOFILE 1048576/1048576 , AS infinity/infinity , CPU infinity/infinity , DATA infinity/infinity , FSIZE infinity/infinity , MEMLOCK 8192k/8192k
load average: 3,87 3,00 2,44

/proc/meminfo:
MemTotal:        7908968 kB
MemFree:          114832 kB
MemAvailable:     521488 kB
Buffers:               8 kB
Cached:           878720 kB
SwapCached:        16340 kB
Active:          4987124 kB
Inactive:        1509160 kB
Active(anon):    4534796 kB
Inactive(anon):  1356896 kB
Active(file):     452328 kB
Inactive(file):   152264 kB
Unevictable:      138996 kB
Mlocked:             264 kB
SwapTotal:      15848440 kB
SwapFree:       13808200 kB
Zswap:                 0 kB
Zswapped:              0 kB
Dirty:              3344 kB
Writeback:             0 kB
AnonPages:       5754548 kB
Mapped:           361044 kB
Shmem:            274028 kB
KReclaimable:      68260 kB
Slab:             233680 kB
SReclaimable:      68260 kB
SUnreclaim:       165420 kB
KernelStack:       16000 kB
PageTables:        61236 kB
SecPageTables:      2056 kB
NFS_Unstable:          0 kB
Bounce:                0 kB
WritebackTmp:          0 kB
CommitLimit:    19802924 kB
Committed_AS:   21248544 kB
VmallocTotal:   34359738367 kB
VmallocUsed:      269348 kB
VmallocChunk:          0 kB
Percpu:             5152 kB
HardwareCorrupted:     0 kB
AnonHugePages:   1247232 kB
ShmemHugePages:    34816 kB
ShmemPmdMapped:        0 kB
FileHugePages:     75776 kB
FilePmdMapped:     75776 kB
CmaTotal:              0 kB
CmaFree:               0 kB
Unaccepted:            0 kB
HugePages_Total:       0
HugePages_Free:        0
HugePages_Rsvd:        0
HugePages_Surp:        0
Hugepagesize:       2048 kB
Hugetlb:               0 kB
DirectMap4k:      538768 kB
DirectMap2M:     5529600 kB
DirectMap1G:     2097152 kB

/sys/kernel/mm/transparent_hugepage/enabled: [always] madvise never
/sys/kernel/mm/transparent_hugepage/hpage_pmd_size: 2097152
/sys/kernel/mm/transparent_hugepage/shmem_enabled: always within_size advise [never] deny force
/sys/kernel/mm/transparent_hugepage/defrag (defrag/compaction efforts parameter): always defer defer+madvise [madvise] never

Process Memory:
Virtual Size: 6174996K (peak: 6175432K)
Resident Set Size: 143624K (peak: 277924K) (anon: 80824K, file: 62468K, shmem: 332K)
Swapped out: 88756K
C-Heap outstanding allocations: 49077K, retained: 46174K
glibc malloc tunables: (default)

/proc/sys/kernel/threads-max (system-wide limit on the number of threads): 59859
/proc/sys/vm/max_map_count (maximum number of memory map areas a process may have): 1048576
/proc/sys/vm/swappiness (control to define how aggressively the kernel swaps out anonymous memory): 133
/proc/sys/kernel/pid_max (system-wide limit on number of process identifiers): 4194304

container information not found.
Steal ticks since vm start: 0
Steal ticks percentage since vm start:  0,000

CPU: total 8 (initial active 8) (4 cores per cpu, 2 threads per core) family 6 model 126 stepping 5 microcode 0xca, cx8, cmov, fxsr, ht, mmx, 3dnowpref, sse, sse2, sse3, ssse3, sse4.1, sse4.2, popcnt, lzcnt, tsc, tscinvbit, avx, avx2, aes, erms, clmul, bmi1, bmi2, adx, avx512f, avx512dq, avx512cd, avx512bw, avx512vl, sha, fma, vzeroupper, avx512_vpopcntdq, avx512_vpclmulqdq, avx512_vaes, avx512_vnni, clflush, clflushopt, avx512_vbmi2, avx512_vbmi, rdtscp, rdpid, fsrm, gfni, avx512_bitalg, f16c, pku, ospke, avx512_ifma
CPU Model and flags from /proc/cpuinfo:
model name	: Intel(R) Core(TM) i7-1065G7 CPU @ 1.30GHz
flags		: fpu vme de pse tsc msr pae mce cx8 apic sep mtrr pge mca cmov pat pse36 clflush dts acpi mmx fxsr sse sse2 ss ht tm pbe syscall nx pdpe1gb rdtscp lm constant_tsc art arch_perfmon pebs bts rep_good nopl xtopology nonstop_tsc cpuid aperfmperf tsc_known_freq pni pclmulqdq dtes64 monitor ds_cpl vmx est tm2 ssse3 sdbg fma cx16 xtpr pdcm pcid sse4_1 sse4_2 x2apic movbe popcnt tsc_deadline_timer aes xsave avx f16c rdrand lahf_lm abm 3dnowprefetch cpuid_fault epb ssbd ibrs ibpb stibp ibrs_enhanced tpr_shadow flexpriority ept vpid ept_ad fsgsbase tsc_adjust bmi1 avx2 smep bmi2 erms invpcid avx512f avx512dq rdseed adx smap avx512ifma clflushopt intel_pt avx512cd sha_ni avx512bw avx512vl xsaveopt xsavec xgetbv1 xsaves split_lock_detect dtherm ida arat pln pts hwp hwp_notify hwp_act_window hwp_epp hwp_pkg_req vnmi avx512vbmi umip pku ospke avx512_vbmi2 gfni vaes vpclmulqdq avx512_vnni avx512_bitalg avx512_vpopcntdq rdpid fsrm md_clear flush_l1d arch_capabilities

Online cpus: 0-7
Offline cpus: 
BIOS frequency limitation: <Not Available>
Frequency switch latency (ns): 0
Available cpu frequencies: <Not Available>
Current governor: powersave
Core performance/turbo boost: <Not Available>

Memory: 4k page, physical 7908968k(522592k free), swap 15848440k(13807432k free)
Page Sizes: 4k

vm_info: Java HotSpot(TM) 64-Bit Server VM (25+37-LTS-3491) for linux-amd64 JRE (25+37-LTS-3491), built on 2025-08-14T21:13:00Z with gcc 14.2.0

END.
