#
# A fatal error has been detected by the Java Runtime Environment:
#
#  SIGSEGV (0xb) at pc=0x00007a50c43a160e, pid=93998, tid=94043
#
# JRE version: Java(TM) SE Runtime Environment (25.0+37) (build 25+37-LTS-3491)
# Java VM: Java HotSpot(TM) 64-Bit Server VM (25+37-LTS-3491, mixed mode, sharing, tiered, compressed oops, compressed class ptrs, g1 gc, linux-amd64)
# Problematic frame:
# C  [libEGL_nvidia.so.0+0xb660e]
#
# Core dump will be written. Default location: Core dumps may be processed with "/usr/lib/systemd/systemd-coredump %P %u %g %s %t %c %h %d %F" (or dumping to /home/abdenours/Desktop/friend_graphics_test/core.93998)
#
# If you would like to submit a bug report, please visit:
#   https://bugreport.java.com/bugreport/crash.jsp
#

---------------  S U M M A R Y ------------

Command Line: -Ddebugger.agent.enable.coroutines=true -Ddebugger.async.stack.trace.for.all.threads=true -Dkotlinx.coroutines.debug.enable.creation.stack.trace=false -Dkotlinx.coroutines.debug.enable.flows.stack.trace=true -Dkotlinx.coroutines.debug.enable.mutable.state.flows.stack.trace=true -agentlib:jdwp=transport=dt_socket,server=n,suspend=y,address=127.0.0.1:36097 -javaagent:/opt/idea-IC/plugins/java/lib/rt/debugger-agent.jar=file:///tmp/capture15704307479293203819.props -Dfile.encoding=UTF-8 -Duser.country=US -Duser.language=en -Duser.variant com.mygdx.game.lwjgl3.Lwjgl3Launcher

Host: Intel(R) Core(TM) i7-1065G7 CPU @ 1.30GHz, 8 cores, 7G, Garuda Linux Broadwing
Time: Tue Jan  6 00:15:50 2026 CET elapsed time: 1.208826 seconds (0d 0h 0m 1s)

---------------  T H R E A D  ---------------

Current thread is native thread

Stack: [0x00007a50797fc000,0x00007a5079ffc000],  sp=0x00007a5079ffae10,  free space=8187k
Native frames: (J=compiled Java code, j=interpreted, Vv=VM code, C=native code)
C  [libEGL_nvidia.so.0+0xb660e]

siginfo: si_signo: 11 (SIGSEGV), si_code: 1 (SEGV_MAPERR), si_addr: 0x0000000000000040

Registers:
RAX=0x0000000000000000, RBX=0x00007a50615fef80, RCX=0x0000000000000001, RDX=0x00007a506377d7dc
RSP=0x00007a5079ffae10, RBP=0x00007a5060cde040, RSI=0x00007a50c4394840, RDI=0x00007a50c442d4a8
R8 =0x0000000000000001, R9 =0x0000000001810c78, R10=0x0000000000000000, R11=0x00007a50f708f080
R12=0x00007a5063782a60, R13=0x00007a5060cde040, R14=0x00007a50615ff380, R15=0x00007a50f55fbb07
RIP=0x00007a50c43a160e, EFLAGS=0x0000000000010206, CSGSFS=0x002b000000000033, ERR=0x0000000000000004
  TRAPNO=0x000000000000000e

XMM[0]=0x0000000000000000 0x0000000048018440
XMM[1]=0x0000000000000000 0x0000000000000000
XMM[2]=0x00007a50f7010740 0x00007a50f6f978e0
XMM[3]=0x00007a50f6f96fe0 0x00007a50f6f969e0
XMM[4]=0x0000000000000000 0x00007a5084000090
XMM[5]=0x0000000000000000 0x0000000000000000
XMM[6]=0x0000000000000000 0x0000000000000000
XMM[7]=0x0000000000000000 0x0000000000000000
XMM[8]=0x00007a5061c089f0 0x00007a5061c089e0
XMM[9]=0x0000000000000001 0x0000000000000001
XMM[10]=0x0000000000000002 0x0000000000000002
XMM[11]=0xffffffffffffffff 0xffffffffffffffff
XMM[12]=0x0000000000000001 0x0000000000000001
XMM[13]=0x0000000000000000 0x00007a50f0b25e90
XMM[14]=0x0000000000000000 0x00007a50f0b25e80
XMM[15]=0x0000000000000000 0x00007a50f0b25e70
  MXCSR=0x00001fa2


Top of Stack: (sp=0x00007a5079ffae10)
0x00007a5079ffae10:   00007a506377f8c0 00007a5062010fda   ..wcPz.....bPz..
0x00007a5079ffae20:   00007a506377f8c0 00007a5061e3729f   ..wcPz...r.aPz..
0x00007a5079ffae30:   00007a50f0edf780 00007a506372bcc0   ....Pz....rcPz..
0x00007a5079ffae40:   00007a5079ffb6c0 00007a5000000062   ...yPz..b...Pz..
0x00007a5079ffae50:   00007a50f0edde30 00007a50615ff380   0...Pz...._aPz..
0x00007a5079ffae60:   00007a5062012480 00007a5079ffb6c0   .$.bPz.....yPz..
0x00007a5079ffae70:   00007a50f55fba00 00007a5079ffbce4   .._.Pz.....yPz..
0x00007a5079ffae80:   00007a50f55fbb07 00007a506201345a   .._.Pz..Z4.bPz..
0x00007a5079ffae90:   00007a5079ffb6c0 00007a5079ffb6c0   ...yPz.....yPz..
0x00007a5079ffaea0:   00007a5079ffaf70 00007a50f6e9698b   p..yPz...i..Pz..
0x00007a5079ffaeb0:   0000000000801000 00007a50797fb000   ...........yPz..
0x00007a5079ffaec0:   0000000000000000 0000008000000000   ................
0x00007a5079ffaed0:   ffffffffffffff40 0000000000000000   @...............
0x00007a5079ffaee0:   0000000000000020 00007a5079ffb6c0    ..........yPz..
0x00007a5079ffaef0:   00007a5079ffb6c0 7ece6287b2f4bc0d   ...yPz.......b.~
0x00007a5079ffaf00:   00007a5079ffb6c0 00007a50f55fba00   ...yPz...._.Pz..
0x00007a5079ffaf10:   0000000000000000 00007a50f55fbb07   .........._.Pz..
0x00007a5079ffaf20:   7ece6287b174bc0d 7ecf7caa232cbc0d   ..t..b.~..,#.|.~
0x00007a5079ffaf30:   0000000000000000 0000000000000000   ................
0x00007a5079ffaf40:   0000000000000000 0000000000000000   ................
0x00007a5079ffaf50:   0000000000000000 9f264a4a3582d900   ...........5JJ&.
0x00007a5079ffaf60:   00007a50f6e966a0 0000000000000000   .f..Pz..........
0x00007a5079ffaf70:   0000000000000000 00007a50f6f1a9cc   ............Pz..
0x00007a5079ffaf80:   0000000000000000 0000000000000000   ................
0x00007a5079ffaf90:   0000000000000000 0000000000000000   ................
0x00007a5079ffafa0:   0000000000000000 0000000000000000   ................
0x00007a5079ffafb0:   0000000000000000 0000000000000000   ................
0x00007a5079ffafc0:   0000000000000000 0000000000000000   ................
0x00007a5079ffafd0:   0000000000000000 0000000000000000   ................
0x00007a5079ffafe0:   0000000000000000 0000000000000000   ................
0x00007a5079ffaff0:   0000000000000000 0000000000000000   ................
0x00007a5079ffb000:   0000000000000000 0000000000000000   ................

Instructions: (pc=0x00007a50c43a160e)
  0x00007a50c43a150e:   4c 24 08 48 85 c0 48 89 c2 74 61 48 89 08 49 8b
  0x00007a50c43a151e:   44 24 40 48 83 c2 08 48 85 c0 74 41 41 8b 4c 24
  0x00007a50c43a152e:   34 31 c0 85 c9 74 19 49 8b 74 24 40 89 c1 83 c0
  0x00007a50c43a153e:   01 48 8b 34 ce 48 89 34 ca 41 39 44 24 34 77 e7
  0x00007a50c43a154e:   49 8b 44 24 40 48 85 c0 74 13 48 8d 78 f8 48 89
  0x00007a50c43a155e:   54 24 08 e8 1a a8 00 00 48 8b 54 24 08 45 89 7c
  0x00007a50c43a156e:   24 34 49 89 54 24 40 e9 9a fe ff ff 45 8b 74 24
  0x00007a50c43a157e:   34 e9 90 fe ff ff 66 2e 0f 1f 84 00 00 00 00 00
  0x00007a50c43a158e:   66 90 48 8b 07 48 39 f0 74 58 55 48 89 fd 53 48
  0x00007a50c43a159e:   89 f3 48 83 ec 08 48 85 c0 74 15 48 8d 78 08 ff
  0x00007a50c43a15ae:   50 18 85 c0 75 0a 48 8b 7d 00 48 8b 07 ff 50 08
  0x00007a50c43a15be:   48 89 5d 00 48 85 db 74 19 48 8b 43 10 48 83 c4
  0x00007a50c43a15ce:   08 48 8d 7b 08 5b 5d ff e0 66 0f 1f 84 00 00 00
  0x00007a50c43a15de:   00 00 48 83 c4 08 5b 5d c3 66 0f 1f 84 00 00 00
  0x00007a50c43a15ee:   00 00 c3 66 66 2e 0f 1f 84 00 00 00 00 00 0f 1f
  0x00007a50c43a15fe:   40 00 48 83 ec 08 bf 01 00 00 00 e8 62 4a ff ff
=>0x00007a50c43a160e:   8b 70 40 48 8d 78 30 48 83 c4 08 e9 62 68 f8 ff
  0x00007a50c43a161e:   66 90 48 83 ec 18 48 8b 87 b0 04 00 00 ba 04 00
  0x00007a50c43a162e:   00 00 be 01 00 00 00 48 8d 4c 24 0c bf 01 00 00
  0x00007a50c43a163e:   00 ff 90 d8 00 00 00 48 83 c4 18 c3 66 0f 1f 44
  0x00007a50c43a164e:   00 00 49 89 fa 41 89 d1 40 0f b6 fe 89 ca 49 8b
  0x00007a50c43a165e:   82 b0 04 00 00 4c 89 c1 44 89 ce 48 8b 80 d8 00
  0x00007a50c43a166e:   00 00 ff e0 66 66 2e 0f 1f 84 00 00 00 00 00 0f
  0x00007a50c43a167e:   1f 00 55 40 0f b6 f6 53 48 89 fb 48 83 ec 08 48
  0x00007a50c43a168e:   8b af b0 04 00 00 e8 b7 ff ff ff ff 95 00 01 00
  0x00007a50c43a169e:   00 8b 10 89 53 28 48 83 c4 08 5b 5d c3 0f 1f 44
  0x00007a50c43a16ae:   00 00 41 57 41 56 49 89 fe bf 01 00 00 00 41 55
  0x00007a50c43a16be:   49 89 f5 41 54 55 53 48 83 ec 58 48 89 14 24 e8
  0x00007a50c43a16ce:   9e 49 ff ff 48 c7 44 24 18 00 00 00 00 83 b8 a0
  0x00007a50c43a16de:   04 00 00 03 4c 8b b8 b0 04 00 00 48 89 c3 44 8b
  0x00007a50c43a16ee:   60 38 0f 84 02 01 00 00 48 8d 4c 24 20 48 8d 70
  0x00007a50c43a16fe:   30 ba 01 00 00 00 48 89 cf 48 89 4c 24 08 e8 7f



---------------  P R O C E S S  ---------------

VM state: at safepoint (shutting down)

VM Mutex/Monitor currently owned by a thread:  ([mutex/lock_event])
[0x00007a50f6c370a8] Threads_lock - owner thread: 0x00007a50f010c7d0
[0x00007a50f6c36f28] Heap_lock - owner thread: 0x00007a50a8001940

Heap address: 0x0000000087400000, size: 1932 MB, Compressed Oops mode: 32-bit

CDS archive(s) mapped at: [0x0000000030000000-0x0000000030d92000-0x0000000030d92000), size 14229504, SharedBaseAddress: 0x0000000030000000, ArchiveRelocationMode: 1.
Compressed class space mapped at: 0x0000000031000000-0x0000000071000000, reserved size: 1073741824
UseCompressedClassPointers 1, UseCompactObjectHeaders 0
Narrow klass pointer bits 32, Max shift 3
Narrow klass base: 0x0000000030000000, Narrow klass shift: 0
Encoding Range: [0x0000000030000000 - 0x0000000130000000), (4294967296 bytes)
Klass Range:    [0x0000000030001000 - 0x0000000071000000), (1090514944 bytes)
Klass ID Range:  [4096 - 1090519033) (1090514937)
Protection zone: [0x0000000030000000 - 0x0000000030001000), (4096 bytes)

GC Precious Log:
<Skipped>

Heap:
 garbage-first heap   total reserved 1978368K, committed 126976K, used 19591K [0x0000000087400000, 0x0000000100000000)
  region size 1024K, 19 young (19456K), 0 survivors (0K)

Heap Regions: E=young(eden), S=young(survivor), O=old, HS=humongous(starts), HC=humongous(continues), CS=collection set, F=free, TAMS=top-at-mark-start, PB=parsable bottom
|   0|0x0000000087400000, 0x0000000087400000, 0x0000000087500000|  0%| F|  |TAMS 0x0000000087400000| PB 0x0000000087400000| Untracked |  0
|   1|0x0000000087500000, 0x0000000087500000, 0x0000000087600000|  0%| F|  |TAMS 0x0000000087500000| PB 0x0000000087500000| Untracked |  0
|   2|0x0000000087600000, 0x0000000087600000, 0x0000000087700000|  0%| F|  |TAMS 0x0000000087600000| PB 0x0000000087600000| Untracked |  0
|   3|0x0000000087700000, 0x0000000087700000, 0x0000000087800000|  0%| F|  |TAMS 0x0000000087700000| PB 0x0000000087700000| Untracked |  0
|   4|0x0000000087800000, 0x0000000087800000, 0x0000000087900000|  0%| F|  |TAMS 0x0000000087800000| PB 0x0000000087800000| Untracked |  0
|   5|0x0000000087900000, 0x0000000087900000, 0x0000000087a00000|  0%| F|  |TAMS 0x0000000087900000| PB 0x0000000087900000| Untracked |  0
|   6|0x0000000087a00000, 0x0000000087a00000, 0x0000000087b00000|  0%| F|  |TAMS 0x0000000087a00000| PB 0x0000000087a00000| Untracked |  0
|   7|0x0000000087b00000, 0x0000000087b00000, 0x0000000087c00000|  0%| F|  |TAMS 0x0000000087b00000| PB 0x0000000087b00000| Untracked |  0
|   8|0x0000000087c00000, 0x0000000087c00000, 0x0000000087d00000|  0%| F|  |TAMS 0x0000000087c00000| PB 0x0000000087c00000| Untracked |  0
|   9|0x0000000087d00000, 0x0000000087d00000, 0x0000000087e00000|  0%| F|  |TAMS 0x0000000087d00000| PB 0x0000000087d00000| Untracked |  0
|  10|0x0000000087e00000, 0x0000000087e00000, 0x0000000087f00000|  0%| F|  |TAMS 0x0000000087e00000| PB 0x0000000087e00000| Untracked |  0
|  11|0x0000000087f00000, 0x0000000087f00000, 0x0000000088000000|  0%| F|  |TAMS 0x0000000087f00000| PB 0x0000000087f00000| Untracked |  0
|  12|0x0000000088000000, 0x0000000088000000, 0x0000000088100000|  0%| F|  |TAMS 0x0000000088000000| PB 0x0000000088000000| Untracked |  0
|  13|0x0000000088100000, 0x0000000088100000, 0x0000000088200000|  0%| F|  |TAMS 0x0000000088100000| PB 0x0000000088100000| Untracked |  0
|  14|0x0000000088200000, 0x0000000088200000, 0x0000000088300000|  0%| F|  |TAMS 0x0000000088200000| PB 0x0000000088200000| Untracked |  0
|  15|0x0000000088300000, 0x0000000088300000, 0x0000000088400000|  0%| F|  |TAMS 0x0000000088300000| PB 0x0000000088300000| Untracked |  0
|  16|0x0000000088400000, 0x0000000088400000, 0x0000000088500000|  0%| F|  |TAMS 0x0000000088400000| PB 0x0000000088400000| Untracked |  0
|  17|0x0000000088500000, 0x0000000088500000, 0x0000000088600000|  0%| F|  |TAMS 0x0000000088500000| PB 0x0000000088500000| Untracked |  0
|  18|0x0000000088600000, 0x0000000088600000, 0x0000000088700000|  0%| F|  |TAMS 0x0000000088600000| PB 0x0000000088600000| Untracked |  0
|  19|0x0000000088700000, 0x0000000088700000, 0x0000000088800000|  0%| F|  |TAMS 0x0000000088700000| PB 0x0000000088700000| Untracked |  0
|  20|0x0000000088800000, 0x0000000088800000, 0x0000000088900000|  0%| F|  |TAMS 0x0000000088800000| PB 0x0000000088800000| Untracked |  0
|  21|0x0000000088900000, 0x0000000088900000, 0x0000000088a00000|  0%| F|  |TAMS 0x0000000088900000| PB 0x0000000088900000| Untracked |  0
|  22|0x0000000088a00000, 0x0000000088a00000, 0x0000000088b00000|  0%| F|  |TAMS 0x0000000088a00000| PB 0x0000000088a00000| Untracked |  0
|  23|0x0000000088b00000, 0x0000000088b00000, 0x0000000088c00000|  0%| F|  |TAMS 0x0000000088b00000| PB 0x0000000088b00000| Untracked |  0
|  24|0x0000000088c00000, 0x0000000088c00000, 0x0000000088d00000|  0%| F|  |TAMS 0x0000000088c00000| PB 0x0000000088c00000| Untracked |  0
|  25|0x0000000088d00000, 0x0000000088d00000, 0x0000000088e00000|  0%| F|  |TAMS 0x0000000088d00000| PB 0x0000000088d00000| Untracked |  0
|  26|0x0000000088e00000, 0x0000000088e00000, 0x0000000088f00000|  0%| F|  |TAMS 0x0000000088e00000| PB 0x0000000088e00000| Untracked |  0
|  27|0x0000000088f00000, 0x0000000088f00000, 0x0000000089000000|  0%| F|  |TAMS 0x0000000088f00000| PB 0x0000000088f00000| Untracked |  0
|  28|0x0000000089000000, 0x0000000089000000, 0x0000000089100000|  0%| F|  |TAMS 0x0000000089000000| PB 0x0000000089000000| Untracked |  0
|  29|0x0000000089100000, 0x0000000089100000, 0x0000000089200000|  0%| F|  |TAMS 0x0000000089100000| PB 0x0000000089100000| Untracked |  0
|  30|0x0000000089200000, 0x0000000089200000, 0x0000000089300000|  0%| F|  |TAMS 0x0000000089200000| PB 0x0000000089200000| Untracked |  0
|  31|0x0000000089300000, 0x0000000089300000, 0x0000000089400000|  0%| F|  |TAMS 0x0000000089300000| PB 0x0000000089300000| Untracked |  0
|  32|0x0000000089400000, 0x0000000089400000, 0x0000000089500000|  0%| F|  |TAMS 0x0000000089400000| PB 0x0000000089400000| Untracked |  0
|  33|0x0000000089500000, 0x0000000089500000, 0x0000000089600000|  0%| F|  |TAMS 0x0000000089500000| PB 0x0000000089500000| Untracked |  0
|  34|0x0000000089600000, 0x0000000089600000, 0x0000000089700000|  0%| F|  |TAMS 0x0000000089600000| PB 0x0000000089600000| Untracked |  0
|  35|0x0000000089700000, 0x0000000089700000, 0x0000000089800000|  0%| F|  |TAMS 0x0000000089700000| PB 0x0000000089700000| Untracked |  0
|  36|0x0000000089800000, 0x0000000089800000, 0x0000000089900000|  0%| F|  |TAMS 0x0000000089800000| PB 0x0000000089800000| Untracked |  0
|  37|0x0000000089900000, 0x0000000089900000, 0x0000000089a00000|  0%| F|  |TAMS 0x0000000089900000| PB 0x0000000089900000| Untracked |  0
|  38|0x0000000089a00000, 0x0000000089a00000, 0x0000000089b00000|  0%| F|  |TAMS 0x0000000089a00000| PB 0x0000000089a00000| Untracked |  0
|  39|0x0000000089b00000, 0x0000000089b00000, 0x0000000089c00000|  0%| F|  |TAMS 0x0000000089b00000| PB 0x0000000089b00000| Untracked |  0
|  40|0x0000000089c00000, 0x0000000089c00000, 0x0000000089d00000|  0%| F|  |TAMS 0x0000000089c00000| PB 0x0000000089c00000| Untracked |  0
|  41|0x0000000089d00000, 0x0000000089d00000, 0x0000000089e00000|  0%| F|  |TAMS 0x0000000089d00000| PB 0x0000000089d00000| Untracked |  0
|  42|0x0000000089e00000, 0x0000000089e00000, 0x0000000089f00000|  0%| F|  |TAMS 0x0000000089e00000| PB 0x0000000089e00000| Untracked |  0
|  43|0x0000000089f00000, 0x0000000089f00000, 0x000000008a000000|  0%| F|  |TAMS 0x0000000089f00000| PB 0x0000000089f00000| Untracked |  0
|  44|0x000000008a000000, 0x000000008a000000, 0x000000008a100000|  0%| F|  |TAMS 0x000000008a000000| PB 0x000000008a000000| Untracked |  0
|  45|0x000000008a100000, 0x000000008a100000, 0x000000008a200000|  0%| F|  |TAMS 0x000000008a100000| PB 0x000000008a100000| Untracked |  0
|  46|0x000000008a200000, 0x000000008a200000, 0x000000008a300000|  0%| F|  |TAMS 0x000000008a200000| PB 0x000000008a200000| Untracked |  0
|  47|0x000000008a300000, 0x000000008a300000, 0x000000008a400000|  0%| F|  |TAMS 0x000000008a300000| PB 0x000000008a300000| Untracked |  0
|  48|0x000000008a400000, 0x000000008a400000, 0x000000008a500000|  0%| F|  |TAMS 0x000000008a400000| PB 0x000000008a400000| Untracked |  0
|  49|0x000000008a500000, 0x000000008a500000, 0x000000008a600000|  0%| F|  |TAMS 0x000000008a500000| PB 0x000000008a500000| Untracked |  0
|  50|0x000000008a600000, 0x000000008a600000, 0x000000008a700000|  0%| F|  |TAMS 0x000000008a600000| PB 0x000000008a600000| Untracked |  0
|  51|0x000000008a700000, 0x000000008a700000, 0x000000008a800000|  0%| F|  |TAMS 0x000000008a700000| PB 0x000000008a700000| Untracked |  0
|  52|0x000000008a800000, 0x000000008a800000, 0x000000008a900000|  0%| F|  |TAMS 0x000000008a800000| PB 0x000000008a800000| Untracked |  0
|  53|0x000000008a900000, 0x000000008a900000, 0x000000008aa00000|  0%| F|  |TAMS 0x000000008a900000| PB 0x000000008a900000| Untracked |  0
|  54|0x000000008aa00000, 0x000000008aa00000, 0x000000008ab00000|  0%| F|  |TAMS 0x000000008aa00000| PB 0x000000008aa00000| Untracked |  0
|  55|0x000000008ab00000, 0x000000008ab00000, 0x000000008ac00000|  0%| F|  |TAMS 0x000000008ab00000| PB 0x000000008ab00000| Untracked |  0
|  56|0x000000008ac00000, 0x000000008ac00000, 0x000000008ad00000|  0%| F|  |TAMS 0x000000008ac00000| PB 0x000000008ac00000| Untracked |  0
|  57|0x000000008ad00000, 0x000000008ad00000, 0x000000008ae00000|  0%| F|  |TAMS 0x000000008ad00000| PB 0x000000008ad00000| Untracked |  0
|  58|0x000000008ae00000, 0x000000008ae00000, 0x000000008af00000|  0%| F|  |TAMS 0x000000008ae00000| PB 0x000000008ae00000| Untracked |  0
|  59|0x000000008af00000, 0x000000008af00000, 0x000000008b000000|  0%| F|  |TAMS 0x000000008af00000| PB 0x000000008af00000| Untracked |  0
|  60|0x000000008b000000, 0x000000008b000000, 0x000000008b100000|  0%| F|  |TAMS 0x000000008b000000| PB 0x000000008b000000| Untracked |  0
|  61|0x000000008b100000, 0x000000008b100000, 0x000000008b200000|  0%| F|  |TAMS 0x000000008b100000| PB 0x000000008b100000| Untracked |  0
|  62|0x000000008b200000, 0x000000008b200000, 0x000000008b300000|  0%| F|  |TAMS 0x000000008b200000| PB 0x000000008b200000| Untracked |  0
|  63|0x000000008b300000, 0x000000008b300000, 0x000000008b400000|  0%| F|  |TAMS 0x000000008b300000| PB 0x000000008b300000| Untracked |  0
|  64|0x000000008b400000, 0x000000008b400000, 0x000000008b500000|  0%| F|  |TAMS 0x000000008b400000| PB 0x000000008b400000| Untracked |  0
|  65|0x000000008b500000, 0x000000008b500000, 0x000000008b600000|  0%| F|  |TAMS 0x000000008b500000| PB 0x000000008b500000| Untracked |  0
|  66|0x000000008b600000, 0x000000008b600000, 0x000000008b700000|  0%| F|  |TAMS 0x000000008b600000| PB 0x000000008b600000| Untracked |  0
|  67|0x000000008b700000, 0x000000008b700000, 0x000000008b800000|  0%| F|  |TAMS 0x000000008b700000| PB 0x000000008b700000| Untracked |  0
|  68|0x000000008b800000, 0x000000008b800000, 0x000000008b900000|  0%| F|  |TAMS 0x000000008b800000| PB 0x000000008b800000| Untracked |  0
|  69|0x000000008b900000, 0x000000008b900000, 0x000000008ba00000|  0%| F|  |TAMS 0x000000008b900000| PB 0x000000008b900000| Untracked |  0
|  70|0x000000008ba00000, 0x000000008ba00000, 0x000000008bb00000|  0%| F|  |TAMS 0x000000008ba00000| PB 0x000000008ba00000| Untracked |  0
|  71|0x000000008bb00000, 0x000000008bb00000, 0x000000008bc00000|  0%| F|  |TAMS 0x000000008bb00000| PB 0x000000008bb00000| Untracked |  0
|  72|0x000000008bc00000, 0x000000008bc00000, 0x000000008bd00000|  0%| F|  |TAMS 0x000000008bc00000| PB 0x000000008bc00000| Untracked |  0
|  73|0x000000008bd00000, 0x000000008bd00000, 0x000000008be00000|  0%| F|  |TAMS 0x000000008bd00000| PB 0x000000008bd00000| Untracked |  0
|  74|0x000000008be00000, 0x000000008be00000, 0x000000008bf00000|  0%| F|  |TAMS 0x000000008be00000| PB 0x000000008be00000| Untracked |  0
|  75|0x000000008bf00000, 0x000000008bf00000, 0x000000008c000000|  0%| F|  |TAMS 0x000000008bf00000| PB 0x000000008bf00000| Untracked |  0
|  76|0x000000008c000000, 0x000000008c000000, 0x000000008c100000|  0%| F|  |TAMS 0x000000008c000000| PB 0x000000008c000000| Untracked |  0
|  77|0x000000008c100000, 0x000000008c100000, 0x000000008c200000|  0%| F|  |TAMS 0x000000008c100000| PB 0x000000008c100000| Untracked |  0
|  78|0x000000008c200000, 0x000000008c200000, 0x000000008c300000|  0%| F|  |TAMS 0x000000008c200000| PB 0x000000008c200000| Untracked |  0
|  79|0x000000008c300000, 0x000000008c300000, 0x000000008c400000|  0%| F|  |TAMS 0x000000008c300000| PB 0x000000008c300000| Untracked |  0
|  80|0x000000008c400000, 0x000000008c400000, 0x000000008c500000|  0%| F|  |TAMS 0x000000008c400000| PB 0x000000008c400000| Untracked |  0
|  81|0x000000008c500000, 0x000000008c500000, 0x000000008c600000|  0%| F|  |TAMS 0x000000008c500000| PB 0x000000008c500000| Untracked |  0
|  82|0x000000008c600000, 0x000000008c600000, 0x000000008c700000|  0%| F|  |TAMS 0x000000008c600000| PB 0x000000008c600000| Untracked |  0
|  83|0x000000008c700000, 0x000000008c700000, 0x000000008c800000|  0%| F|  |TAMS 0x000000008c700000| PB 0x000000008c700000| Untracked |  0
|  84|0x000000008c800000, 0x000000008c800000, 0x000000008c900000|  0%| F|  |TAMS 0x000000008c800000| PB 0x000000008c800000| Untracked |  0
|  85|0x000000008c900000, 0x000000008c900000, 0x000000008ca00000|  0%| F|  |TAMS 0x000000008c900000| PB 0x000000008c900000| Untracked |  0
|  86|0x000000008ca00000, 0x000000008ca00000, 0x000000008cb00000|  0%| F|  |TAMS 0x000000008ca00000| PB 0x000000008ca00000| Untracked |  0
|  87|0x000000008cb00000, 0x000000008cb00000, 0x000000008cc00000|  0%| F|  |TAMS 0x000000008cb00000| PB 0x000000008cb00000| Untracked |  0
|  88|0x000000008cc00000, 0x000000008cc00000, 0x000000008cd00000|  0%| F|  |TAMS 0x000000008cc00000| PB 0x000000008cc00000| Untracked |  0
|  89|0x000000008cd00000, 0x000000008cd00000, 0x000000008ce00000|  0%| F|  |TAMS 0x000000008cd00000| PB 0x000000008cd00000| Untracked |  0
|  90|0x000000008ce00000, 0x000000008ce00000, 0x000000008cf00000|  0%| F|  |TAMS 0x000000008ce00000| PB 0x000000008ce00000| Untracked |  0
|  91|0x000000008cf00000, 0x000000008cf00000, 0x000000008d000000|  0%| F|  |TAMS 0x000000008cf00000| PB 0x000000008cf00000| Untracked |  0
|  92|0x000000008d000000, 0x000000008d000000, 0x000000008d100000|  0%| F|  |TAMS 0x000000008d000000| PB 0x000000008d000000| Untracked |  0
|  93|0x000000008d100000, 0x000000008d100000, 0x000000008d200000|  0%| F|  |TAMS 0x000000008d100000| PB 0x000000008d100000| Untracked |  0
|  94|0x000000008d200000, 0x000000008d200000, 0x000000008d300000|  0%| F|  |TAMS 0x000000008d200000| PB 0x000000008d200000| Untracked |  0
|  95|0x000000008d300000, 0x000000008d300000, 0x000000008d400000|  0%| F|  |TAMS 0x000000008d300000| PB 0x000000008d300000| Untracked |  0
|  96|0x000000008d400000, 0x000000008d400000, 0x000000008d500000|  0%| F|  |TAMS 0x000000008d400000| PB 0x000000008d400000| Untracked |  0
|  97|0x000000008d500000, 0x000000008d500000, 0x000000008d600000|  0%| F|  |TAMS 0x000000008d500000| PB 0x000000008d500000| Untracked |  0
|  98|0x000000008d600000, 0x000000008d600000, 0x000000008d700000|  0%| F|  |TAMS 0x000000008d600000| PB 0x000000008d600000| Untracked |  0
|  99|0x000000008d700000, 0x000000008d700000, 0x000000008d800000|  0%| F|  |TAMS 0x000000008d700000| PB 0x000000008d700000| Untracked |  0
| 100|0x000000008d800000, 0x000000008d800000, 0x000000008d900000|  0%| F|  |TAMS 0x000000008d800000| PB 0x000000008d800000| Untracked |  0
| 101|0x000000008d900000, 0x000000008d900000, 0x000000008da00000|  0%| F|  |TAMS 0x000000008d900000| PB 0x000000008d900000| Untracked |  0
| 102|0x000000008da00000, 0x000000008da00000, 0x000000008db00000|  0%| F|  |TAMS 0x000000008da00000| PB 0x000000008da00000| Untracked |  0
| 103|0x000000008db00000, 0x000000008db80000, 0x000000008dc00000| 50%| E|  |TAMS 0x000000008db00000| PB 0x000000008db00000| Complete |  0
| 104|0x000000008dc00000, 0x000000008dd00000, 0x000000008dd00000|100%| E|CS|TAMS 0x000000008dc00000| PB 0x000000008dc00000| Complete |  0
| 105|0x000000008dd00000, 0x000000008de00000, 0x000000008de00000|100%| E|CS|TAMS 0x000000008dd00000| PB 0x000000008dd00000| Complete |  0
| 106|0x000000008de00000, 0x000000008df00000, 0x000000008df00000|100%| E|CS|TAMS 0x000000008de00000| PB 0x000000008de00000| Complete |  0
| 107|0x000000008df00000, 0x000000008e000000, 0x000000008e000000|100%| E|CS|TAMS 0x000000008df00000| PB 0x000000008df00000| Complete |  0
| 108|0x000000008e000000, 0x000000008e100000, 0x000000008e100000|100%| E|CS|TAMS 0x000000008e000000| PB 0x000000008e000000| Complete |  0
| 109|0x000000008e100000, 0x000000008e200000, 0x000000008e200000|100%| E|CS|TAMS 0x000000008e100000| PB 0x000000008e100000| Complete |  0
| 110|0x000000008e200000, 0x000000008e300000, 0x000000008e300000|100%| E|CS|TAMS 0x000000008e200000| PB 0x000000008e200000| Complete |  0
| 111|0x000000008e300000, 0x000000008e400000, 0x000000008e400000|100%| E|CS|TAMS 0x000000008e300000| PB 0x000000008e300000| Complete |  0
| 112|0x000000008e400000, 0x000000008e500000, 0x000000008e500000|100%| E|CS|TAMS 0x000000008e400000| PB 0x000000008e400000| Complete |  0
| 113|0x000000008e500000, 0x000000008e600000, 0x000000008e600000|100%| E|CS|TAMS 0x000000008e500000| PB 0x000000008e500000| Complete |  0
| 114|0x000000008e600000, 0x000000008e700000, 0x000000008e700000|100%| E|CS|TAMS 0x000000008e600000| PB 0x000000008e600000| Complete |  0
| 115|0x000000008e700000, 0x000000008e800000, 0x000000008e800000|100%| E|CS|TAMS 0x000000008e700000| PB 0x000000008e700000| Complete |  0
| 116|0x000000008e800000, 0x000000008e900000, 0x000000008e900000|100%| E|CS|TAMS 0x000000008e800000| PB 0x000000008e800000| Complete |  0
| 117|0x000000008e900000, 0x000000008ea00000, 0x000000008ea00000|100%| E|CS|TAMS 0x000000008e900000| PB 0x000000008e900000| Complete |  0
| 118|0x000000008ea00000, 0x000000008eb00000, 0x000000008eb00000|100%| E|CS|TAMS 0x000000008ea00000| PB 0x000000008ea00000| Complete |  0
| 119|0x000000008eb00000, 0x000000008ec00000, 0x000000008ec00000|100%| E|CS|TAMS 0x000000008eb00000| PB 0x000000008eb00000| Complete |  0
| 120|0x000000008ec00000, 0x000000008ed00000, 0x000000008ed00000|100%| E|CS|TAMS 0x000000008ec00000| PB 0x000000008ec00000| Complete |  0
| 121|0x000000008ed00000, 0x000000008ee00000, 0x000000008ee00000|100%| E|CS|TAMS 0x000000008ed00000| PB 0x000000008ed00000| Complete |  0
|1930|0x00000000ffe00000, 0x00000000fff00000, 0x00000000fff00000|100%| O|  |TAMS 0x00000000ffe00000| PB 0x00000000ffe00000| Untracked |  0
|1931|0x00000000fff00000, 0x00000000fff21de0, 0x0000000100000000| 13%| O|  |TAMS 0x00000000fff00000| PB 0x00000000fff00000| Untracked |  0

Card table byte_map: [0x00007a50f4096000,0x00007a50f445c000] _byte_map_base: 0x00007a50f3c5c000

Marking Bits: (CMBitMap*) 0x00007a50f008d040
 Bits: [0x00007a50d67d0000, 0x00007a50d8600000)

Polling page: 0x00007a50f7055000

Metaspace:
Metaspace        used 8808K, committed 8960K, reserved 1114112K
 class space     used 694K, committed 768K, reserved 1048576K

Usage:
  Non-class:      7,92 MB used.
      Class:    694,77 KB used.
       Both:      8,60 MB used.

Virtual space:
  Non-class space:       64,00 MB reserved,       8,00 MB ( 12%) committed,  1 nodes.
      Class space:        1,00 GB reserved,     768,00 KB ( <1%) committed,  1 nodes.
             Both:        1,06 GB reserved,       8,75 MB ( <1%) committed. 

Chunk freelists:
   Non-Class:  7,83 MB
       Class:  15,16 MB
        Both:  22,98 MB

MaxMetaspaceSize: unlimited
CompressedClassSpaceSize: 1,00 GB
Initial GC threshold: 21,00 MB
Current GC threshold: 21,00 MB
CDS: on
 - commit_granule_bytes: 65536.
 - commit_granule_words: 8192.
 - virtual_space_node_default_size: 8388608.
 - enlarge_chunks_in_place: 1.
UseCompressedClassPointers 1, UseCompactObjectHeaders 0
Narrow klass pointer bits 32, Max shift 3
Narrow klass base: 0x0000000030000000, Narrow klass shift: 0
Encoding Range: [0x0000000030000000 - 0x0000000130000000), (4294967296 bytes)
Klass Range:    [0x0000000030001000 - 0x0000000071000000), (1090514944 bytes)
Klass ID Range:  [4096 - 1090519033) (1090514937)
Protection zone: [0x0000000030000000 - 0x0000000030001000), (4096 bytes)


Internal statistics:

num_allocs_failed_limit: 0.
num_arena_births: 108.
num_arena_deaths: 0.
num_vsnodes_births: 2.
num_vsnodes_deaths: 0.
num_space_committed: 140.
num_space_uncommitted: 0.
num_chunks_returned_to_freelist: 0.
num_chunks_taken_from_freelist: 219.
num_chunk_merges: 0.
num_chunk_splits: 140.
num_chunks_enlarged: 89.
num_inconsistent_stats: 0.

CodeHeap 'non-profiled nmethods': size=120032Kb used=291Kb max_used=291Kb free=119740Kb
 bounds [0x00007a50e00c8000, 0x00007a50e0338000, 0x00007a50e7600000]
CodeHeap 'profiled nmethods': size=120028Kb used=1752Kb max_used=1752Kb free=118275Kb
 bounds [0x00007a50d8600000, 0x00007a50d8870000, 0x00007a50dfb37000]
CodeHeap 'non-nmethods': size=5700Kb used=2389Kb max_used=2406Kb free=3310Kb
 bounds [0x00007a50dfb37000, 0x00007a50dfda7000, 0x00007a50e00c8000]
CodeCache: size=245760Kb, used=4432Kb, max_used=4449Kb, free=241325Kb
 total_blobs=2324, nmethods=1259, adapters=970, full_count=0
Compilation: enabled, stopped_count=0, restarted_count=0

Compilation events (20 events):
Event: 1,025 Thread 0x00007a50f011ee50 1251   !   3       java.util.zip.ZipFile$CleanableResource::releaseInflater (53 bytes)
Event: 1,026 Thread 0x00007a50f011ee50 nmethod 1251 0x00007a50d87b2388 code [0x00007a50d87b2480, 0x00007a50d87b2990]
Event: 1,026 Thread 0x00007a50f011ee50 1252   !   3       java.util.zip.Inflater::reset (64 bytes)
Event: 1,026 Thread 0x00007a50f011ee50 nmethod 1252 0x00007a50d87b2a08 code [0x00007a50d87b2b00, 0x00007a50d87b2f00]
Event: 1,026 Thread 0x00007a50f011ee50 1253       3       sun.net.www.protocol.jar.Handler::checkNestedProtocol (18 bytes)
Event: 1,026 Thread 0x00007a50f011ee50 nmethod 1253 0x00007a50d87b2f08 code [0x00007a50d87b3000, 0x00007a50d87b3258]
Event: 1,027 Thread 0x00007a50f011ee50 1254       3       java.net.URL::toExternalForm (9 bytes)
Event: 1,027 Thread 0x00007a50f011ee50 nmethod 1254 0x00007a50d87b3288 code [0x00007a50d87b3380, 0x00007a50d87b3548]
Event: 1,027 Thread 0x00007a50f011ee50 1255       3       java.net.URLStreamHandler::toExternalForm (156 bytes)
Event: 1,028 Thread 0x00007a50f011ee50 nmethod 1255 0x00007a50d87b3588 code [0x00007a50d87b3680, 0x00007a50d87b5990]
Event: 1,029 Thread 0x00007a50f011ee50 1256       3       java.net.URL::toString (5 bytes)
Event: 1,029 Thread 0x00007a50f011ee50 nmethod 1256 0x00007a50d87b5a08 code [0x00007a50d87b5b00, 0x00007a50d87b5da0]
Event: 1,055 Thread 0x00007a50f011d460 1259       4       java.util.concurrent.ConcurrentHashMap::get (162 bytes)
Event: 1,056 Thread 0x00007a50f011ee50 1257       3       java.util.HashMap$ValueIterator::next (8 bytes)
Event: 1,056 Thread 0x00007a50f011ee50 nmethod 1257 0x00007a50d87b5e08 code [0x00007a50d87b5f00, 0x00007a50d87b60c8]
Event: 1,056 Thread 0x00007a50f011ee50 1258       1       java.lang.Module::getDescriptor (5 bytes)
Event: 1,056 Thread 0x00007a50f011ee50 nmethod 1258 0x00007a50e0110388 code [0x00007a50e0110480, 0x00007a50e0110540]
Event: 1,062 Thread 0x00007a50f011d460 nmethod 1259 0x00007a50e0110688 code [0x00007a50e0110780, 0x00007a50e0110b60]
Event: 1,062 Thread 0x00007a50f011d460 1260       4       java.lang.instrument.ClassFileTransformer::transform (15 bytes)
Event: 1,062 Thread 0x00007a50f011d460 nmethod 1260 0x00007a50e0110b88 code [0x00007a50e0110c80, 0x00007a50e0110d48]

GC Heap Usage History (0 events):
No events

Metaspace Usage History (0 events):
No events

Dll operation events (13 events):
Event: 0,007 Loaded shared library /opt/jdk-25/lib/libjava.so
Event: 0,009 Loaded shared library /opt/jdk-25/lib/libzip.so
Event: 0,024 Loaded shared library /opt/jdk-25/lib/libsimdsort.so
Event: 0,300 Loaded shared library /opt/jdk-25/lib/libinstrument.so
Event: 0,331 Loaded shared library /opt/jdk-25/lib/libverify.so
Event: 0,420 Loaded shared library /opt/jdk-25/lib/libnio.so
Event: 0,445 Loaded shared library /opt/jdk-25/lib/libzip.so
Event: 0,522 Loaded shared library /opt/jdk-25/lib/libjimage.so
Event: 0,544 Loaded shared library /tmp/libgdxabdenours/da3a4817/libgdx64.so
Event: 0,623 Loaded shared library /opt/jdk-25/lib/libnet.so
Event: 0,634 Loaded shared library /tmp/lwjgl_abdenours/3.3.3+5/x64/liblwjgl.so
Event: 0,934 Loaded shared library /tmp/libgdxabdenours/7f47ef07a3b30ad5/libEGL.so
Event: 0,937 Loaded shared library /tmp/libgdxabdenours/7f47ef07a3b30ad5/libGLESv2.so

Deoptimization events (20 events):
Event: 0,552 Thread 0x00007a50f00327c0 DEOPT PACKING pc=0x00007a50d8678f2a sp=0x00007a50f55fcea0
Event: 0,552 Thread 0x00007a50f00327c0 DEOPT UNPACKING pc=0x00007a50dfb87b8f sp=0x00007a50f55fc320 mode 0
Event: 0,698 Thread 0x00007a50f00327c0 Uncommon trap: trap_request=0xffffff45 fr.pc=0x00007a50e00e0710 relative=0x0000000000000090
Event: 0,698 Thread 0x00007a50f00327c0 Uncommon trap: reason=unstable_if action=reinterpret pc=0x00007a50e00e0710 method=jdk.internal.misc.Unsafe.convEndian(ZI)I @ 4 c2
Event: 0,698 Thread 0x00007a50f00327c0 DEOPT PACKING pc=0x00007a50e00e0710 sp=0x00007a50f55fb990
Event: 0,699 Thread 0x00007a50f00327c0 DEOPT UNPACKING pc=0x00007a50dfc766f9 sp=0x00007a50f55fb8f0 mode 2
Event: 0,716 Thread 0x00007a50f00327c0 DEOPT PACKING pc=0x00007a50d86f304d sp=0x00007a50f55fbb50
Event: 0,716 Thread 0x00007a50f00327c0 DEOPT UNPACKING pc=0x00007a50dfb87b8f sp=0x00007a50f55fb008 mode 0
Event: 0,718 Thread 0x00007a50f00327c0 DEOPT PACKING pc=0x00007a50d86f304d sp=0x00007a50f55fbb50
Event: 0,718 Thread 0x00007a50f00327c0 DEOPT UNPACKING pc=0x00007a50dfb87b8f sp=0x00007a50f55fb008 mode 0
Event: 0,720 Thread 0x00007a50f00327c0 DEOPT PACKING pc=0x00007a50d86f304d sp=0x00007a50f55fbb50
Event: 0,720 Thread 0x00007a50f00327c0 DEOPT UNPACKING pc=0x00007a50dfb87b8f sp=0x00007a50f55fb008 mode 0
Event: 0,721 Thread 0x00007a50f00327c0 DEOPT PACKING pc=0x00007a50d86f304d sp=0x00007a50f55fbb50
Event: 0,721 Thread 0x00007a50f00327c0 DEOPT UNPACKING pc=0x00007a50dfb87b8f sp=0x00007a50f55fb008 mode 0
Event: 0,782 Thread 0x00007a50f00327c0 DEOPT PACKING pc=0x00007a50d8678f2a sp=0x00007a50f55fc460
Event: 0,782 Thread 0x00007a50f00327c0 DEOPT UNPACKING pc=0x00007a50dfb87b8f sp=0x00007a50f55fb8e0 mode 0
Event: 0,795 Thread 0x00007a50f00327c0 DEOPT PACKING pc=0x00007a50d8678f2a sp=0x00007a50f55fb280
Event: 0,795 Thread 0x00007a50f00327c0 DEOPT UNPACKING pc=0x00007a50dfb87b8f sp=0x00007a50f55fa700 mode 0
Event: 0,817 Thread 0x00007a50f00327c0 DEOPT PACKING pc=0x00007a50d8678f2a sp=0x00007a50f55fd420
Event: 0,817 Thread 0x00007a50f00327c0 DEOPT UNPACKING pc=0x00007a50dfb87b8f sp=0x00007a50f55fc8a0 mode 0

Classes loaded (20 events):
Event: 1,057 Loading class jdk/internal/logger/LazyLoggers$LazyLoggerWrapper done
Event: 1,057 Loading class jdk/internal/logger/LazyLoggers$JdkLazyLogger done
Event: 1,058 Loading class jdk/internal/logger/LazyLoggers$LoggerAccessor
Event: 1,058 Loading class jdk/internal/logger/LazyLoggers$LoggerAccessor done
Event: 1,058 Loading class jdk/internal/logger/LazyLoggers$LazyLoggerAccessor
Event: 1,058 Loading class jdk/internal/logger/LazyLoggers$LazyLoggerAccessor done
Event: 1,058 Loading class java/lang/System$Logger$Level
Event: 1,058 Loading class java/lang/System$Logger$Level done
Event: 1,059 Loading class jdk/internal/logger/SurrogateLogger
Event: 1,059 Loading class jdk/internal/logger/SimpleConsoleLogger
Event: 1,060 Loading class sun/util/logging/PlatformLogger$ConfigurableBridge$LoggerConfiguration
Event: 1,061 Loading class sun/util/logging/PlatformLogger$ConfigurableBridge$LoggerConfiguration done
Event: 1,061 Loading class jdk/internal/logger/SimpleConsoleLogger done
Event: 1,061 Loading class jdk/internal/logger/SurrogateLogger done
Event: 1,061 Loading class java/io/StringWriter
Event: 1,061 Loading class java/io/StringWriter done
Event: 1,061 Loading class sun/util/logging/PlatformLogger$Level
Event: 1,061 Loading class sun/util/logging/PlatformLogger$Level done
Event: 1,062 Loading class sun/util/logging/PlatformLogger
Event: 1,062 Loading class sun/util/logging/PlatformLogger done

Classes unloaded (0 events):
No events

Classes redefined (1 events):
Event: 0,366 Thread 0x00007a50f010c7d0 redefined class name=java.lang.Throwable, count=1

Internal exceptions (20 events):
Event: 0,312 Thread 0x00007a50f00327c0 Exception <a 'java/lang/NoSuchMethodError'{0x000000008eb60bf8}: 'java.lang.Object java.lang.invoke.Invokers$Holder.invokeExact_MT(java.lang.Object, java.lang.Object, java.lang.Object, java.lang.Object, java.lang.Object)'> (0x000000008eb60bf8) 
thrown [open/src/hotspot/share/interpreter/linkResolver.cpp, line 803]
Event: 0,532 Thread 0x00007a50f00327c0 Exception <a 'java/lang/NoSuchMethodError'{0x000000008e675980}: 'java.lang.Object java.lang.invoke.DirectMethodHandle$Holder.invokeStaticInit(java.lang.Object)'> (0x000000008e675980) 
thrown [open/src/hotspot/share/interpreter/linkResolver.cpp, line 803]
Event: 0,581 Thread 0x00007a50f00327c0 Exception <a 'java/lang/NoSuchMethodError'{0x000000008e5d7df0}: 'void java.lang.invoke.DirectMethodHandle$Holder.invokeStatic(java.lang.Object, java.lang.Object)'> (0x000000008e5d7df0) 
thrown [open/src/hotspot/share/interpreter/linkResolver.cpp, line 803]
Event: 0,589 Thread 0x00007a50f00327c0 Exception <a 'java/lang/NoSuchMethodError'{0x000000008e5fef20}: 'void java.lang.System.load(java.lang.String, java.lang.Class)'> (0x000000008e5fef20) 
thrown [open/src/hotspot/share/interpreter/linkResolver.cpp, line 803]
Event: 0,589 Thread 0x00007a50f00327c0 Exception <a 'java/lang/NoSuchMethodError'{0x000000008e5ffa78}: 'void java.lang.invoke.DirectMethodHandle$Holder.invokeSpecial(java.lang.Object, java.lang.Object, java.lang.Object)'> (0x000000008e5ffa78) 
thrown [open/src/hotspot/share/interpreter/linkResolver.cpp, line 803]
Event: 0,597 Thread 0x00007a50f00327c0 Exception <a 'java/lang/NoSuchMethodError'{0x000000008e426638}: 'java.lang.Object java.lang.invoke.DirectMethodHandle$Holder.invokeStatic(java.lang.Object, java.lang.Object, int)'> (0x000000008e426638) 
thrown [open/src/hotspot/share/interpreter/linkResolver.cpp, line 803]
Event: 0,599 Thread 0x00007a50f00327c0 Exception <a 'java/lang/NoSuchMethodError'{0x000000008e43f998}: 'void java.lang.invoke.DelegatingMethodHandle$Holder.delegate(java.lang.Object, java.lang.Object, int, java.lang.Object)'> (0x000000008e43f998) 
thrown [open/src/hotspot/share/interpreter/linkResolver.cpp, line 803]
Event: 0,608 Thread 0x00007a50f00327c0 Exception <a 'java/lang/NoSuchMethodError'{0x000000008e4826f8}: 'void java.lang.System.loadLibrary(java.lang.String, java.lang.Class)'> (0x000000008e4826f8) 
thrown [open/src/hotspot/share/interpreter/linkResolver.cpp, line 803]
Event: 0,733 Thread 0x00007a50f00327c0 Exception <a 'java/lang/NoSuchMethodError'{0x000000008e29b138}: 'int java.lang.invoke.DirectMethodHandle$Holder.invokeStaticInit(java.lang.Object, java.lang.Object, int, long)'> (0x000000008e29b138) 
thrown [open/src/hotspot/share/interpreter/linkResolver.cpp, line 803]
Event: 0,734 Thread 0x00007a50f00327c0 Exception <a 'java/lang/NoSuchMethodError'{0x000000008e2aa2a8}: 'java.lang.Object java.lang.invoke.DirectMethodHandle$Holder.newInvokeSpecial(java.lang.Object, java.lang.Object, int)'> (0x000000008e2aa2a8) 
thrown [open/src/hotspot/share/interpreter/linkResolver.cpp, line 803]
Event: 0,772 Thread 0x00007a50f00327c0 Exception <a 'java/lang/NoSuchMethodError'{0x000000008e13cb00}: 'int java.lang.invoke.DirectMethodHandle$Holder.invokeStaticInit(java.lang.Object, java.lang.Object, long, long)'> (0x000000008e13cb00) 
thrown [open/src/hotspot/share/interpreter/linkResolver.cpp, line 803]
Event: 0,774 Thread 0x00007a50f00327c0 Exception <a 'java/lang/NoSuchMethodError'{0x000000008e14bf48}: 'java.lang.Object java.lang.invoke.DirectMethodHandle$Holder.newInvokeSpecial(java.lang.Object, java.lang.Object, long)'> (0x000000008e14bf48) 
thrown [open/src/hotspot/share/interpreter/linkResolver.cpp, line 803]
Event: 0,775 Thread 0x00007a50f00327c0 Exception <a 'java/lang/NoSuchMethodError'{0x000000008e154a40}: 'java.lang.Object java.lang.invoke.Invokers$Holder.linkToTargetMethod(java.lang.Object, long, java.lang.Object)'> (0x000000008e154a40) 
thrown [open/src/hotspot/share/interpreter/linkResolver.cpp, line 803]
Event: 0,776 Thread 0x00007a50f00327c0 Exception <a 'java/lang/NoSuchMethodError'{0x000000008e1650f0}: 'int java.lang.invoke.DirectMethodHandle$Holder.invokeStaticInit(java.lang.Object, java.lang.Object, java.lang.Object, long)'> (0x000000008e1650f0) 
thrown [open/src/hotspot/share/interpreter/linkResolver.cpp, line 803]
Event: 0,818 Thread 0x00007a50f00327c0 Exception <a 'java/lang/NoSuchMethodError'{0x000000008e07f270}: 'int java.lang.invoke.Invokers$Holder.invokeExact_MT(java.lang.Object, java.lang.Object)'> (0x000000008e07f270) 
thrown [open/src/hotspot/share/interpreter/linkResolver.cpp, line 803]
Event: 0,864 Thread 0x00007a50f00327c0 Exception <a 'java/lang/NoSuchMethodError'{0x000000008e0cb820}: 'java.lang.Object java.lang.invoke.DirectMethodHandle$Holder.invokeStaticInit(java.lang.Object, int)'> (0x000000008e0cb820) 
thrown [open/src/hotspot/share/interpreter/linkResolver.cpp, line 803]
Event: 0,916 Thread 0x00007a50f00327c0 Exception <a 'java/lang/NoSuchMethodError'{0x000000008df22588}: 'int java.lang.invoke.DirectMethodHandle$Holder.invokeVirtual(java.lang.Object, java.lang.Object)'> (0x000000008df22588) 
thrown [open/src/hotspot/share/interpreter/linkResolver.cpp, line 803]
Event: 0,920 Thread 0x00007a50f00327c0 Exception <a 'java/lang/NoSuchMethodError'{0x000000008df42980}: 'int java.lang.invoke.DirectMethodHandle$Holder.invokeVirtual(java.lang.Object, java.lang.Object, int, int)'> (0x000000008df42980) 
thrown [open/src/hotspot/share/interpreter/linkResolver.cpp, line 803]
Event: 0,925 Thread 0x00007a50f00327c0 Exception <a 'java/lang/NoSuchMethodError'{0x000000008df661d0}: 'java.lang.Object java.lang.invoke.DirectMethodHandle$Holder.invokeStatic(java.lang.Object, java.lang.Object, java.lang.Object, java.lang.Object, int)'> (0x000000008df661d0) 
thrown [open/src/hotspot/share/interpreter/linkResolver.cpp, line 803]
Event: 0,995 Thread 0x00007a50f00327c0 Exception <a 'java/lang/NoSuchMethodError'{0x000000008de9cf60}: 'java.lang.Object java.lang.invoke.DirectMethodHandle$Holder.newInvokeSpecial(java.lang.Object, long)'> (0x000000008de9cf60) 
thrown [open/src/hotspot/share/interpreter/linkResolver.cpp, line 803]

VM Operations (19 events):
Event: 0,298 Executing safepoint VM operation: ChangeBreakpoints
Event: 0,298 Executing safepoint VM operation: ChangeBreakpoints done
Event: 0,299 Executing safepoint VM operation: ChangeBreakpoints
Event: 0,299 Executing safepoint VM operation: ChangeBreakpoints done
Event: 0,366 Executing safepoint VM operation: RedefineClasses
Event: 0,367 Executing safepoint VM operation: RedefineClasses done
Event: 0,375 Executing safepoint VM operation: get/set locals
Event: 0,375 Executing safepoint VM operation: get/set locals done
Event: 0,533 Executing non-safepoint VM operation: HandshakeAllThreads (Deoptimize)
Event: 0,533 Executing non-safepoint VM operation: HandshakeAllThreads (Deoptimize) done
Event: 0,596 Executing non-safepoint VM operation: HandshakeAllThreads (Deoptimize)
Event: 0,596 Executing non-safepoint VM operation: HandshakeAllThreads (Deoptimize) done
Event: 0,646 Executing non-safepoint VM operation: HandshakeAllThreads (Deoptimize)
Event: 0,646 Executing non-safepoint VM operation: HandshakeAllThreads (Deoptimize) done
Event: 1,033 Executing safepoint VM operation: ChangeBreakpoints
Event: 1,033 Executing safepoint VM operation: ChangeBreakpoints done
Event: 1,035 Executing safepoint VM operation: ChangeBreakpoints
Event: 1,035 Executing safepoint VM operation: ChangeBreakpoints done
Event: 1,063 Executing safepoint VM operation: Exit

Memory protections (17 events):
Event: 0,007 Protecting memory [0x00007a50f5500000,0x00007a50f5504000] with protection modes 0
Event: 0,015 Protecting memory [0x0000000030000000,0x0000000030001000] with protection modes 0
Event: 0,022 Protecting memory [0x00007a50c76f8000,0x00007a50c76fc000] with protection modes 0
Event: 0,022 Protecting memory [0x00007a50c75f7000,0x00007a50c75fb000] with protection modes 0
Event: 0,022 Protecting memory [0x00007a50c74f6000,0x00007a50c74fa000] with protection modes 0
Event: 0,022 Protecting memory [0x00007a50c73f5000,0x00007a50c73f9000] with protection modes 0
Event: 0,022 Protecting memory [0x00007a50c72f4000,0x00007a50c72f8000] with protection modes 0
Event: 0,023 Protecting memory [0x00007a50c71f3000,0x00007a50c71f7000] with protection modes 0
Event: 0,023 Protecting memory [0x00007a50c70f2000,0x00007a50c70f6000] with protection modes 0
Event: 0,057 Protecting memory [0x00007a50c6ff1000,0x00007a50c6ff5000] with protection modes 0
Event: 0,057 Protecting memory [0x00007a50c6ef0000,0x00007a50c6ef4000] with protection modes 0
Event: 0,057 Protecting memory [0x00007a50c6def000,0x00007a50c6df3000] with protection modes 0
Event: 0,314 Protecting memory [0x00007a50c6cee000,0x00007a50c6cf2000] with protection modes 0
Event: 0,380 Protecting memory [0x00007a50c6bed000,0x00007a50c6bf1000] with protection modes 0
Event: 0,383 Protecting memory [0x00007a50c6aec000,0x00007a50c6af0000] with protection modes 0
Event: 1,009 Protecting memory [0x00007a50c44e9000,0x00007a50c44ed000] with protection modes 0
Event: 1,044 Protecting memory [0x00007a50c6ff1000,0x00007a50c6ff5000] with protection modes 0

Nmethod flushes (0 events):
No events

Events (20 events):
Event: 0,016 Thread 0x00007a50f00327c0 Thread added: 0x00007a50f00327c0
Event: 0,022 Thread 0x00007a50f00327c0 Thread added: 0x00007a50f0115760
Event: 0,022 Thread 0x00007a50f00327c0 Thread added: 0x00007a50f0116950
Event: 0,022 Thread 0x00007a50f00327c0 Thread added: 0x00007a50f01184c0
Event: 0,022 Thread 0x00007a50f00327c0 Thread added: 0x00007a50f0119de0
Event: 0,022 Thread 0x00007a50f00327c0 Thread added: 0x00007a50f011b660
Event: 0,023 Thread 0x00007a50f00327c0 Thread added: 0x00007a50f011d460
Event: 0,023 Thread 0x00007a50f00327c0 Thread added: 0x00007a50f011ee50
Event: 0,057 Thread 0x00007a50f00327c0 Thread added: 0x00007a50f01721b0
Event: 0,057 Thread 0x00007a50f00327c0 Thread added: 0x00007a50f0187e30
Event: 0,057 Thread 0x00007a50f01721b0 Thread added: 0x00007a508c0010d0
Event: 0,313 Thread 0x00007a50f00327c0 Thread added: 0x00007a50f0191e80
Event: 0,380 Thread 0x00007a50f00327c0 Thread added: 0x00007a50f01e2de0
Event: 0,383 Thread 0x00007a50f00327c0 Thread added: 0x00007a50f01f4cd0
Event: 1,009 Thread 0x00007a50f00327c0 Thread added: 0x00007a50f0e17200
Event: 1,035 Thread 0x00007a508c0010d0 Thread exited: 0x00007a508c0010d0
Event: 1,036 Thread 0x00007a50f01721b0 Thread exited: 0x00007a50f01721b0
Event: 1,044 Thread 0x00007a50f01184c0 Thread added: 0x00007a50a8001940
Event: 1,062 Thread 0x00007a50a8001940 Before exit entered
Event: 1,063 Thread 0x00007a50f01184c0 Thread exited: 0x00007a50f01184c0


Dynamic libraries:
30000000-30001000 ---p 00000000 00:00 0 
30001000-30d92000 rw-p 00001000 00:21 4164603                            /opt/jdk-25/lib/server/classes.jsa
30d92000-31000000 ---p 00000000 00:00 0 
31000000-31040000 rw-p 00000000 00:00 0 
31040000-31060000 rw-p 00000000 00:00 0 
31060000-310a0000 rw-p 00000000 00:00 0 
310a0000-310c0000 ---p 00000000 00:00 0 
310c0000-310e0000 rw-p 00000000 00:00 0 
310e0000-71000000 ---p 00000000 00:00 0 
87400000-8ee00000 rw-p 00000000 00:00 0 
8ee00000-ffe00000 ---p 00000000 00:00 0 
ffe00000-fff22000 rw-p 00dc5000 00:21 4164603                            /opt/jdk-25/lib/server/classes.jsa
fff22000-100000000 rw-p 00000000 00:00 0 
63001c960000-63001c961000 r-xp 00000000 00:21 4164165                    /opt/jdk-25/bin/java
63001c962000-63001c963000 r--p 00001000 00:21 4164165                    /opt/jdk-25/bin/java
63001c963000-63001c964000 rw-p 00002000 00:21 4164165                    /opt/jdk-25/bin/java
63003a14a000-63003a178000 rw-p 00000000 00:00 0                          [heap]
7a50483fe000-7a50483ff000 ---p 00000000 00:00 0 
7a50483ff000-7a5048bff000 rw-p 00000000 00:00 0 
7a5048bff000-7a5048c00000 ---p 00000000 00:00 0 
7a5048c00000-7a5049400000 rw-p 00000000 00:00 0 
7a5049400000-7a504b394000 r--p 00000000 00:21 4671479                    /usr/lib/libicudata.so.78.1
7a504b394000-7a504b395000 r--p 01f93000 00:21 4671479                    /usr/lib/libicudata.so.78.1
7a504b400000-7a504b93e000 r--p 00000000 00:21 4751803                    /usr/lib/libLLVM.so.21.1
7a504b93e000-7a5051157000 r-xp 0053e000 00:21 4751803                    /usr/lib/libLLVM.so.21.1
7a5051157000-7a5054781000 r--p 05d57000 00:21 4751803                    /usr/lib/libLLVM.so.21.1
7a5054781000-7a505498a000 r--p 09380000 00:21 4751803                    /usr/lib/libLLVM.so.21.1
7a505498a000-7a50549cf000 rw-p 09589000 00:21 4751803                    /usr/lib/libLLVM.so.21.1
7a50549cf000-7a5054a97000 rw-p 00000000 00:00 0 
7a5054c00000-7a5054c19000 r--p 00000000 00:21 5828478                    /usr/lib/libgallium-25.3.3-arch1.1.so
7a5054c19000-7a50566b2000 r-xp 00019000 00:21 5828478                    /usr/lib/libgallium-25.3.3-arch1.1.so
7a50566b2000-7a50576a9000 r--p 01ab2000 00:21 5828478                    /usr/lib/libgallium-25.3.3-arch1.1.so
7a50576a9000-7a50577c9000 r--p 02aa9000 00:21 5828478                    /usr/lib/libgallium-25.3.3-arch1.1.so
7a50577c9000-7a50577ea000 rw-p 02bc9000 00:21 5828478                    /usr/lib/libgallium-25.3.3-arch1.1.so
7a50577ea000-7a50579b5000 rw-p 00000000 00:00 0 
7a5057a00000-7a5057cab000 r--p 00000000 00:21 5740363                    /usr/lib/libnvidia-gpucomp.so.580.119.02
7a5057cab000-7a505ad98000 r-xp 002ab000 00:21 5740363                    /usr/lib/libnvidia-gpucomp.so.580.119.02
7a505ad98000-7a505bc08000 r--p 03398000 00:21 5740363                    /usr/lib/libnvidia-gpucomp.so.580.119.02
7a505bc08000-7a505bc09000 ---p 04208000 00:21 5740363                    /usr/lib/libnvidia-gpucomp.so.580.119.02
7a505bc09000-7a505bde0000 r--p 04208000 00:21 5740363                    /usr/lib/libnvidia-gpucomp.so.580.119.02
7a505bde0000-7a505beeb000 rw-p 043df000 00:21 5740363                    /usr/lib/libnvidia-gpucomp.so.580.119.02
7a505beeb000-7a505bf8b000 rw-p 00000000 00:00 0 
7a505c000000-7a505c021000 rw-p 00000000 00:00 0 
7a505c021000-7a5060000000 ---p 00000000 00:00 0 
7a506025d000-7a506045d000 rw-s 10516f000 00:10 1078                      anon_inode:i915.gem
7a506045d000-7a50604dd000 rw-s 10681f000 00:10 1078                      anon_inode:i915.gem
7a50604dd000-7a50604de000 ---p 00000000 00:00 0 
7a50604de000-7a5060cde000 rw-p 00000000 00:00 0 
7a5060cde000-7a5061600000 rw-p 00000000 00:00 0 
7a5061600000-7a5061842000 r--p 00000000 00:21 5740349                    /usr/lib/libnvidia-eglcore.so.580.119.02
7a5061842000-7a5062506000 r-xp 00242000 00:21 5740349                    /usr/lib/libnvidia-eglcore.so.580.119.02
7a5062506000-7a50635a8000 r--p 00f06000 00:21 5740349                    /usr/lib/libnvidia-eglcore.so.580.119.02
7a50635a8000-7a5063720000 r--p 01fa7000 00:21 5740349                    /usr/lib/libnvidia-eglcore.so.580.119.02
7a5063720000-7a5063774000 rw-p 0211f000 00:21 5740349                    /usr/lib/libnvidia-eglcore.so.580.119.02
7a5063774000-7a506378a000 rw-p 00000000 00:00 0 
7a50637bf000-7a50637df000 rw-s 104d7d000 00:10 1078                      anon_inode:i915.gem
7a50637df000-7a50637ff000 rw-s 104d5d000 00:10 1078                      anon_inode:i915.gem
7a50637ff000-7a5063800000 ---p 00000000 00:00 0 
7a5063800000-7a5064000000 rw-p 00000000 00:00 0 
7a5064000000-7a506408b000 rw-p 00000000 00:00 0 
7a506408b000-7a5068000000 ---p 00000000 00:00 0 
7a5068000000-7a5068082000 rw-p 00000000 00:00 0 
7a5068082000-7a506c000000 ---p 00000000 00:00 0 
7a506c000000-7a506c022000 rw-p 00000000 00:00 0 
7a506c022000-7a5070000000 ---p 00000000 00:00 0 
7a5070000000-7a5070021000 rw-p 00000000 00:00 0 
7a5070021000-7a5074000000 ---p 00000000 00:00 0 
7a5074000000-7a5074021000 rw-p 00000000 00:00 0 
7a5074021000-7a5078000000 ---p 00000000 00:00 0 
7a5078012000-7a5078022000 rw-s 1032b5000 00:10 1078                      anon_inode:i915.gem
7a5078022000-7a5078042000 rw-s 103285000 00:10 1078                      anon_inode:i915.gem
7a5078042000-7a5078062000 rw-s 1066bf000 00:10 1078                      anon_inode:i915.gem
7a5078062000-7a50781a3000 rw-s 00000000 00:21 2875055                    /home/abdenours/.cache/mesa_shader_cache/index
7a50781a3000-7a50781e3000 rw-s 103245000 00:10 1078                      anon_inode:i915.gem
7a50781e3000-7a50781ef000 r--p 00000000 00:21 1004347                    /usr/lib/libxcb-glx.so.0.0.0
7a50781ef000-7a50781f8000 r-xp 0000c000 00:21 1004347                    /usr/lib/libxcb-glx.so.0.0.0
7a50781f8000-7a50781fd000 r--p 00015000 00:21 1004347                    /usr/lib/libxcb-glx.so.0.0.0
7a50781fd000-7a50781ff000 r--p 0001a000 00:21 1004347                    /usr/lib/libxcb-glx.so.0.0.0
7a50781ff000-7a5078200000 rw-p 0001c000 00:21 1004347                    /usr/lib/libxcb-glx.so.0.0.0
7a5078200000-7a5078248000 r--p 00000000 00:21 4671494                    /usr/lib/libicuuc.so.78.1
7a5078248000-7a5078365000 r-xp 00048000 00:21 4671494                    /usr/lib/libicuuc.so.78.1
7a5078365000-7a50783f8000 r--p 00165000 00:21 4671494                    /usr/lib/libicuuc.so.78.1
7a50783f8000-7a507840b000 r--p 001f8000 00:21 4671494                    /usr/lib/libicuuc.so.78.1
7a507840b000-7a507840c000 rw-p 0020b000 00:21 4671494                    /usr/lib/libicuuc.so.78.1
7a507840c000-7a507840e000 rw-p 00000000 00:00 0 
7a5078410000-7a507841d000 r--p 00000000 00:21 1348711                    /usr/lib/libncursesw.so.6.5
7a507841d000-7a5078464000 r-xp 0000d000 00:21 1348711                    /usr/lib/libncursesw.so.6.5
7a5078464000-7a507847a000 r--p 00054000 00:21 1348711                    /usr/lib/libncursesw.so.6.5
7a507847a000-7a507847e000 r--p 0006a000 00:21 1348711                    /usr/lib/libncursesw.so.6.5
7a507847e000-7a507847f000 rw-p 0006e000 00:21 1348711                    /usr/lib/libncursesw.so.6.5
7a507847f000-7a5078481000 r--p 00000000 00:21 1022793                    /usr/lib/libpciaccess.so.0.11.1
7a5078481000-7a5078486000 r-xp 00002000 00:21 1022793                    /usr/lib/libpciaccess.so.0.11.1
7a5078486000-7a5078488000 r--p 00007000 00:21 1022793                    /usr/lib/libpciaccess.so.0.11.1
7a5078488000-7a5078489000 r--p 00008000 00:21 1022793                    /usr/lib/libpciaccess.so.0.11.1
7a5078489000-7a507848a000 rw-p 00009000 00:21 1022793                    /usr/lib/libpciaccess.so.0.11.1
7a507848a000-7a50784a4000 r--p 00000000 00:21 4751781                    /usr/lib/libxml2.so.16.1.1
7a50784a4000-7a5078577000 r-xp 0001a000 00:21 4751781                    /usr/lib/libxml2.so.16.1.1
7a5078577000-7a50785b4000 r--p 000ed000 00:21 4751781                    /usr/lib/libxml2.so.16.1.1
7a50785b4000-7a50785bd000 r--p 0012a000 00:21 4751781                    /usr/lib/libxml2.so.16.1.1
7a50785bd000-7a50785be000 rw-p 00133000 00:21 4751781                    /usr/lib/libxml2.so.16.1.1
7a50785be000-7a50785bf000 rw-p 00000000 00:00 0 
7a50785bf000-7a50785c5000 r--p 00000000 00:21 1022928                    /usr/lib/libedit.so.0.0.75
7a50785c5000-7a50785e6000 r-xp 00006000 00:21 1022928                    /usr/lib/libedit.so.0.0.75
7a50785e6000-7a50785f3000 r--p 00027000 00:21 1022928                    /usr/lib/libedit.so.0.0.75
7a50785f3000-7a50785f5000 r--p 00034000 00:21 1022928                    /usr/lib/libedit.so.0.0.75
7a50785f5000-7a50785f6000 rw-p 00036000 00:21 1022928                    /usr/lib/libedit.so.0.0.75
7a50785f6000-7a50785f9000 rw-p 00000000 00:00 0 
7a50785f9000-7a50785fc000 r--p 00000000 00:21 5479047                    /usr/lib/libdrm_intel.so.1.131.0
7a50785fc000-7a5078613000 r-xp 00003000 00:21 5479047                    /usr/lib/libdrm_intel.so.1.131.0
7a5078613000-7a507861c000 r--p 0001a000 00:21 5479047                    /usr/lib/libdrm_intel.so.1.131.0
7a507861c000-7a507861d000 r--p 00023000 00:21 5479047                    /usr/lib/libdrm_intel.so.1.131.0
7a507861d000-7a507861e000 rw-p 00024000 00:21 5479047                    /usr/lib/libdrm_intel.so.1.131.0
7a507861e000-7a5078621000 r--p 00000000 00:21 4223473                    /usr/lib/libelf-0.194.so
7a5078621000-7a5078634000 r-xp 00003000 00:21 4223473                    /usr/lib/libelf-0.194.so
7a5078634000-7a5078638000 r--p 00016000 00:21 4223473                    /usr/lib/libelf-0.194.so
7a5078638000-7a5078639000 r--p 0001a000 00:21 4223473                    /usr/lib/libelf-0.194.so
7a5078639000-7a507863a000 rw-p 0001b000 00:21 4223473                    /usr/lib/libelf-0.194.so
7a507863a000-7a507863d000 r--p 00000000 00:21 5479044                    /usr/lib/libdrm_amdgpu.so.1.131.0
7a507863d000-7a5078643000 r-xp 00003000 00:21 5479044                    /usr/lib/libdrm_amdgpu.so.1.131.0
7a5078643000-7a5078645000 r--p 00009000 00:21 5479044                    /usr/lib/libdrm_amdgpu.so.1.131.0
7a5078645000-7a5078646000 r--p 0000a000 00:21 5479044                    /usr/lib/libdrm_amdgpu.so.1.131.0
7a5078646000-7a5078647000 rw-p 0000b000 00:21 5479044                    /usr/lib/libdrm_amdgpu.so.1.131.0
7a5078647000-7a5078648000 r--p 00000000 00:21 1022884                    /usr/lib/libxshmfence.so.1.0.0
7a5078648000-7a5078649000 r-xp 00001000 00:21 1022884                    /usr/lib/libxshmfence.so.1.0.0
7a5078649000-7a507864a000 r--p 00002000 00:21 1022884                    /usr/lib/libxshmfence.so.1.0.0
7a507864a000-7a507864b000 r--p 00002000 00:21 1022884                    /usr/lib/libxshmfence.so.1.0.0
7a507864b000-7a507864c000 rw-p 00003000 00:21 1022884                    /usr/lib/libxshmfence.so.1.0.0
7a507864c000-7a5078661000 r--p 00000000 00:21 5484775                    /usr/lib/libSPIRV-Tools.so
7a5078661000-7a507877c000 r-xp 00015000 00:21 5484775                    /usr/lib/libSPIRV-Tools.so
7a507877c000-7a50787f5000 r--p 00130000 00:21 5484775                    /usr/lib/libSPIRV-Tools.so
7a50787f5000-7a50787f8000 r--p 001a8000 00:21 5484775                    /usr/lib/libSPIRV-Tools.so
7a50787f8000-7a50787f9000 rw-p 001ab000 00:21 5484775                    /usr/lib/libSPIRV-Tools.so
7a50787f9000-7a50787fa000 ---p 00000000 00:00 0 
7a50787fa000-7a5078ffa000 rw-p 00000000 00:00 0 
7a5078ffa000-7a5078ffb000 ---p 00000000 00:00 0 
7a5078ffb000-7a50797fb000 rw-p 00000000 00:00 0 
7a50797fb000-7a50797fc000 ---p 00000000 00:00 0 
7a50797fc000-7a5079ffc000 rw-p 00000000 00:00 0 
7a5079ffc000-7a5079ffd000 ---p 00000000 00:00 0 
7a5079ffd000-7a507a7fd000 rw-p 00000000 00:00 0 
7a507a7fd000-7a507a7fe000 ---p 00000000 00:00 0 
7a507a7fe000-7a507affe000 rw-p 00000000 00:00 0 
7a507affe000-7a507afff000 ---p 00000000 00:00 0 
7a507afff000-7a507b7ff000 rw-p 00000000 00:00 0 
7a507b7ff000-7a507b800000 ---p 00000000 00:00 0 
7a507b800000-7a507c000000 rw-p 00000000 00:00 0 
7a507c000000-7a507c021000 rw-p 00000000 00:00 0 
7a507c021000-7a5080000000 ---p 00000000 00:00 0 
7a5080000000-7a5080021000 rw-p 00000000 00:00 0 
7a5080021000-7a5084000000 ---p 00000000 00:00 0 
7a5084000000-7a5084021000 rw-p 00000000 00:00 0 
7a5084021000-7a5088000000 ---p 00000000 00:00 0 
7a5088000000-7a5088021000 rw-p 00000000 00:00 0 
7a5088021000-7a508c000000 ---p 00000000 00:00 0 
7a508c000000-7a508c035000 rw-p 00000000 00:00 0 
7a508c035000-7a5090000000 ---p 00000000 00:00 0 
7a5090000000-7a5090021000 rw-p 00000000 00:00 0 
7a5090021000-7a5094000000 ---p 00000000 00:00 0 
7a5094000000-7a5094356000 rw-p 00000000 00:00 0 
7a5094356000-7a5098000000 ---p 00000000 00:00 0 
7a5098000000-7a5098615000 rw-p 00000000 00:00 0 
7a5098615000-7a509c000000 ---p 00000000 00:00 0 
7a509c000000-7a509c021000 rw-p 00000000 00:00 0 
7a509c021000-7a50a0000000 ---p 00000000 00:00 0 
7a50a0000000-7a50a0021000 rw-p 00000000 00:00 0 
7a50a0021000-7a50a4000000 ---p 00000000 00:00 0 
7a50a4000000-7a50a4021000 rw-p 00000000 00:00 0 
7a50a4021000-7a50a8000000 ---p 00000000 00:00 0 
7a50a8000000-7a50a8021000 rw-p 00000000 00:00 0 
7a50a8021000-7a50ac000000 ---p 00000000 00:00 0 
7a50ac000000-7a50ac400000 rw-p 00000000 00:00 0 
7a50ac400000-7a50ac4c0000 rw-p 00000000 00:00 0 
7a50ac4c0000-7a50ac500000 rw-p 00000000 00:00 0 
7a50ac500000-7a50ac700000 rw-p 00000000 00:00 0 
7a50ac700000-7a50ac7d0000 rw-p 00000000 00:00 0 
7a50ac7d0000-7a50ac800000 ---p 00000000 00:00 0 
7a50ac800000-7a50ac830000 rw-p 00000000 00:00 0 
7a50ac830000-7a50b0000000 ---p 00000000 00:00 0 
7a50b0000000-7a50b0021000 rw-p 00000000 00:00 0 
7a50b0021000-7a50b4000000 ---p 00000000 00:00 0 
7a50b4000000-7a50b4021000 rw-p 00000000 00:00 0 
7a50b4021000-7a50b8000000 ---p 00000000 00:00 0 
7a50b8000000-7a50b8021000 rw-p 00000000 00:00 0 
7a50b8021000-7a50bc000000 ---p 00000000 00:00 0 
7a50bc000000-7a50bc021000 rw-p 00000000 00:00 0 
7a50bc021000-7a50c0000000 ---p 00000000 00:00 0 
7a50c0000000-7a50c0021000 rw-p 00000000 00:00 0 
7a50c0021000-7a50c4000000 ---p 00000000 00:00 0 
7a50c4002000-7a50c4005000 r--p 00000000 00:21 1004374                    /usr/lib/libxcb-sync.so.1.0.0
7a50c4005000-7a50c4008000 r-xp 00003000 00:21 1004374                    /usr/lib/libxcb-sync.so.1.0.0
7a50c4008000-7a50c4009000 r--p 00006000 00:21 1004374                    /usr/lib/libxcb-sync.so.1.0.0
7a50c4009000-7a50c400a000 r--p 00007000 00:21 1004374                    /usr/lib/libxcb-sync.so.1.0.0
7a50c400a000-7a50c400b000 rw-p 00008000 00:21 1004374                    /usr/lib/libxcb-sync.so.1.0.0
7a50c400b000-7a50c400d000 r--p 00000000 00:21 1358871                    /usr/lib/libsensors.so.5.0.0
7a50c400d000-7a50c4015000 r-xp 00002000 00:21 1358871                    /usr/lib/libsensors.so.5.0.0
7a50c4015000-7a50c4019000 r--p 0000a000 00:21 1358871                    /usr/lib/libsensors.so.5.0.0
7a50c4019000-7a50c401a000 r--p 0000e000 00:21 1358871                    /usr/lib/libsensors.so.5.0.0
7a50c401a000-7a50c401b000 rw-p 0000f000 00:21 1358871                    /usr/lib/libsensors.so.5.0.0
7a50c401b000-7a50c4027000 r--p 00000000 00:21 1002974                    /usr/lib/libzstd.so.1.5.7
7a50c4027000-7a50c40ed000 r-xp 0000c000 00:21 1002974                    /usr/lib/libzstd.so.1.5.7
7a50c40ed000-7a50c40fe000 r--p 000d2000 00:21 1002974                    /usr/lib/libzstd.so.1.5.7
7a50c40fe000-7a50c40ff000 r--p 000e3000 00:21 1002974                    /usr/lib/libzstd.so.1.5.7
7a50c40ff000-7a50c4100000 rw-p 000e4000 00:21 1002974                    /usr/lib/libzstd.so.1.5.7
7a50c4100000-7a50c4101000 r--p 00000000 00:21 1004371                    /usr/lib/libxcb-shm.so.0.0.0
7a50c4101000-7a50c4102000 r-xp 00001000 00:21 1004371                    /usr/lib/libxcb-shm.so.0.0.0
7a50c4102000-7a50c4103000 r--p 00002000 00:21 1004371                    /usr/lib/libxcb-shm.so.0.0.0
7a50c4103000-7a50c4104000 r--p 00002000 00:21 1004371                    /usr/lib/libxcb-shm.so.0.0.0
7a50c4104000-7a50c4105000 rw-p 00003000 00:21 1004371                    /usr/lib/libxcb-shm.so.0.0.0
7a50c4105000-7a50c4108000 r--p 00000000 00:21 1004380                    /usr/lib/libxcb-xfixes.so.0.0.0
7a50c4108000-7a50c410b000 r-xp 00003000 00:21 1004380                    /usr/lib/libxcb-xfixes.so.0.0.0
7a50c410b000-7a50c410c000 r--p 00006000 00:21 1004380                    /usr/lib/libxcb-xfixes.so.0.0.0
7a50c410c000-7a50c410d000 r--p 00007000 00:21 1004380                    /usr/lib/libxcb-xfixes.so.0.0.0
7a50c410d000-7a50c410e000 rw-p 00008000 00:21 1004380                    /usr/lib/libxcb-xfixes.so.0.0.0
7a50c410e000-7a50c4115000 r--p 00000000 00:21 1004353                    /usr/lib/libxcb-randr.so.0.1.0
7a50c4115000-7a50c411b000 r-xp 00007000 00:21 1004353                    /usr/lib/libxcb-randr.so.0.1.0
7a50c411b000-7a50c411e000 r--p 0000d000 00:21 1004353                    /usr/lib/libxcb-randr.so.0.1.0
7a50c411e000-7a50c411f000 r--p 00010000 00:21 1004353                    /usr/lib/libxcb-randr.so.0.1.0
7a50c411f000-7a50c4120000 rw-p 00011000 00:21 1004353                    /usr/lib/libxcb-randr.so.0.1.0
7a50c4120000-7a50c4126000 r--p 00000000 00:21 5828473                    /usr/lib/libEGL_mesa.so.0.0.0
7a50c4126000-7a50c4151000 r-xp 00006000 00:21 5828473                    /usr/lib/libEGL_mesa.so.0.0.0
7a50c4151000-7a50c4165000 r--p 00031000 00:21 5828473                    /usr/lib/libEGL_mesa.so.0.0.0
7a50c4165000-7a50c4171000 r--p 00045000 00:21 5828473                    /usr/lib/libEGL_mesa.so.0.0.0
7a50c4171000-7a50c4172000 rw-p 00051000 00:21 5828473                    /usr/lib/libEGL_mesa.so.0.0.0
7a50c4186000-7a50c4188000 r--p 00000000 00:21 1004344                    /usr/lib/libxcb-dri3.so.0.1.0
7a50c4188000-7a50c418a000 r-xp 00002000 00:21 1004344                    /usr/lib/libxcb-dri3.so.0.1.0
7a50c418a000-7a50c418b000 r--p 00004000 00:21 1004344                    /usr/lib/libxcb-dri3.so.0.1.0
7a50c418b000-7a50c418c000 r--p 00004000 00:21 1004344                    /usr/lib/libxcb-dri3.so.0.1.0
7a50c418c000-7a50c418d000 rw-p 00005000 00:21 1004344                    /usr/lib/libxcb-dri3.so.0.1.0
7a50c418d000-7a50c418e000 r--p 00000000 00:21 1004350                    /usr/lib/libxcb-present.so.0.0.0
7a50c418e000-7a50c418f000 r-xp 00001000 00:21 1004350                    /usr/lib/libxcb-present.so.0.0.0
7a50c418f000-7a50c4190000 r--p 00002000 00:21 1004350                    /usr/lib/libxcb-present.so.0.0.0
7a50c4190000-7a50c4191000 r--p 00002000 00:21 1004350                    /usr/lib/libxcb-present.so.0.0.0
7a50c4191000-7a50c4192000 rw-p 00003000 00:21 1004350                    /usr/lib/libxcb-present.so.0.0.0
7a50c41d6000-7a50c41d8000 r--p 00000000 00:21 3544466                    /usr/lib/libffi.so.8.2.0
7a50c41d8000-7a50c41df000 r-xp 00002000 00:21 3544466                    /usr/lib/libffi.so.8.2.0
7a50c41df000-7a50c41e0000 r--p 00009000 00:21 3544466                    /usr/lib/libffi.so.8.2.0
7a50c41e0000-7a50c41e1000 r--p 0000a000 00:21 3544466                    /usr/lib/libffi.so.8.2.0
7a50c41e1000-7a50c41e2000 rw-p 0000b000 00:21 3544466                    /usr/lib/libffi.so.8.2.0
7a50c41e2000-7a50c41e4000 r--p 00000000 00:21 4047303                    /usr/lib/libexpat.so.1.11.1
7a50c41e4000-7a50c4202000 r-xp 00002000 00:21 4047303                    /usr/lib/libexpat.so.1.11.1
7a50c4202000-7a50c420a000 r--p 00020000 00:21 4047303                    /usr/lib/libexpat.so.1.11.1
7a50c420a000-7a50c420c000 r--p 00028000 00:21 4047303                    /usr/lib/libexpat.so.1.11.1
7a50c420c000-7a50c420d000 rw-p 0002a000 00:21 4047303                    /usr/lib/libexpat.so.1.11.1
7a50c420d000-7a50c4210000 r--p 00000000 00:21 2532346                    /usr/lib/libwayland-client.so.0.24.0
7a50c4210000-7a50c4217000 r-xp 00003000 00:21 2532346                    /usr/lib/libwayland-client.so.0.24.0
7a50c4217000-7a50c421a000 r--p 0000a000 00:21 2532346                    /usr/lib/libwayland-client.so.0.24.0
7a50c421a000-7a50c421c000 r--p 0000c000 00:21 2532346                    /usr/lib/libwayland-client.so.0.24.0
7a50c421c000-7a50c421d000 rw-p 0000e000 00:21 2532346                    /usr/lib/libwayland-client.so.0.24.0
7a50c421d000-7a50c421f000 r--p 00000000 00:21 5828481                    /usr/lib/libgbm.so.1.0.0
7a50c421f000-7a50c4220000 r-xp 00002000 00:21 5828481                    /usr/lib/libgbm.so.1.0.0
7a50c4220000-7a50c4221000 r--p 00003000 00:21 5828481                    /usr/lib/libgbm.so.1.0.0
7a50c4221000-7a50c4222000 r--p 00003000 00:21 5828481                    /usr/lib/libgbm.so.1.0.0
7a50c4222000-7a50c4223000 rw-p 00004000 00:21 5828481                    /usr/lib/libgbm.so.1.0.0
7a50c4223000-7a50c4228000 r--p 00000000 00:21 5479041                    /usr/lib/libdrm.so.2.131.0
7a50c4228000-7a50c4234000 r-xp 00005000 00:21 5479041                    /usr/lib/libdrm.so.2.131.0
7a50c4234000-7a50c4238000 r--p 00011000 00:21 5479041                    /usr/lib/libdrm.so.2.131.0
7a50c4238000-7a50c4239000 r--p 00015000 00:21 5479041                    /usr/lib/libdrm.so.2.131.0
7a50c4239000-7a50c423a000 rw-p 00016000 00:21 5479041                    /usr/lib/libdrm.so.2.131.0
7a50c424f000-7a50c425f000 r--p 00000000 00:21 5740359                    /usr/lib/libnvidia-glsi.so.580.119.02
7a50c425f000-7a50c42bf000 r-xp 00010000 00:21 5740359                    /usr/lib/libnvidia-glsi.so.580.119.02
7a50c42bf000-7a50c42dc000 r--p 00070000 00:21 5740359                    /usr/lib/libnvidia-glsi.so.580.119.02
7a50c42dc000-7a50c42e2000 r--p 0008c000 00:21 5740359                    /usr/lib/libnvidia-glsi.so.580.119.02
7a50c42e2000-7a50c42e3000 rw-p 00092000 00:21 5740359                    /usr/lib/libnvidia-glsi.so.580.119.02
7a50c42e3000-7a50c42eb000 rw-p 00000000 00:00 0 
7a50c42eb000-7a50c431f000 r--p 00000000 00:21 5740321                    /usr/lib/libEGL_nvidia.so.580.119.02
7a50c431f000-7a50c43b6000 r-xp 00034000 00:21 5740321                    /usr/lib/libEGL_nvidia.so.580.119.02
7a50c43b6000-7a50c440a000 r--p 000cb000 00:21 5740321                    /usr/lib/libEGL_nvidia.so.580.119.02
7a50c440a000-7a50c440b000 ---p 0011f000 00:21 5740321                    /usr/lib/libEGL_nvidia.so.580.119.02
7a50c440b000-7a50c4413000 r--p 0011f000 00:21 5740321                    /usr/lib/libEGL_nvidia.so.580.119.02
7a50c4413000-7a50c4429000 rw-p 00127000 00:21 5740321                    /usr/lib/libEGL_nvidia.so.580.119.02
7a50c4429000-7a50c442e000 rw-p 00000000 00:00 0 
7a50c442e000-7a50c4430000 r--p 00000000 00:21 1611720                    /usr/lib/libGLdispatch.so.0.0.0
7a50c4430000-7a50c446f000 r-xp 00002000 00:21 1611720                    /usr/lib/libGLdispatch.so.0.0.0
7a50c446f000-7a50c4482000 r--p 00041000 00:21 1611720                    /usr/lib/libGLdispatch.so.0.0.0
7a50c4482000-7a50c449e000 r--p 00054000 00:21 1611720                    /usr/lib/libGLdispatch.so.0.0.0
7a50c449e000-7a50c449f000 rw-p 00070000 00:21 1611720                    /usr/lib/libGLdispatch.so.0.0.0
7a50c449f000-7a50c44a7000 rw-p 00000000 00:00 0 
7a50c44a7000-7a50c44a9000 r--p 00000000 00:21 1611708                    /usr/lib/libEGL.so.1.1.0
7a50c44a9000-7a50c44b3000 r-xp 00002000 00:21 1611708                    /usr/lib/libEGL.so.1.1.0
7a50c44b3000-7a50c44b7000 r--p 0000c000 00:21 1611708                    /usr/lib/libEGL.so.1.1.0
7a50c44b7000-7a50c44b8000 r--p 0000f000 00:21 1611708                    /usr/lib/libEGL.so.1.1.0
7a50c44b8000-7a50c44b9000 rw-p 00010000 00:21 1611708                    /usr/lib/libEGL.so.1.1.0
7a50c44c8000-7a50c44d8000 rw-s 1032a5000 00:10 1078                      anon_inode:i915.gem
7a50c44d8000-7a50c44e8000 rw-s 1012ef000 00:10 1078                      anon_inode:i915.gem
7a50c44e8000-7a50c44e9000 ---p 00000000 00:00 0 
7a50c44e9000-7a50c44ed000 ---p 00000000 00:00 0 
7a50c44ed000-7a50c45e9000 rw-p 00000000 00:00 0 
7a50c45e9000-7a50c45eb000 r--p 00000000 00:21 5211370                    /usr/lib/spa-0.2/audioconvert/libspa-audioconvert.so
7a50c45eb000-7a50c4641000 r-xp 00002000 00:21 5211370                    /usr/lib/spa-0.2/audioconvert/libspa-audioconvert.so
7a50c4641000-7a50c46a8000 r--p 00058000 00:21 5211370                    /usr/lib/spa-0.2/audioconvert/libspa-audioconvert.so
7a50c46a8000-7a50c46af000 r--p 000bf000 00:21 5211370                    /usr/lib/spa-0.2/audioconvert/libspa-audioconvert.so
7a50c46af000-7a50c46b2000 rw-p 000c6000 00:21 5211370                    /usr/lib/spa-0.2/audioconvert/libspa-audioconvert.so
7a50c46b2000-7a50c46b4000 r--p 00000000 00:21 5211165                    /usr/lib/pipewire-0.3/libpipewire-module-session-manager.so
7a50c46b4000-7a50c46d1000 r-xp 00002000 00:21 5211165                    /usr/lib/pipewire-0.3/libpipewire-module-session-manager.so
7a50c46d1000-7a50c46d6000 r--p 0001f000 00:21 5211165                    /usr/lib/pipewire-0.3/libpipewire-module-session-manager.so
7a50c46d6000-7a50c46d8000 r--p 00023000 00:21 5211165                    /usr/lib/pipewire-0.3/libpipewire-module-session-manager.so
7a50c46d8000-7a50c46d9000 rw-p 00025000 00:21 5211165                    /usr/lib/pipewire-0.3/libpipewire-module-session-manager.so
7a50c46d9000-7a50c46ee000 r--p 00000000 00:21 5573291                    /usr/lib/libsystemd.so.0.42.0
7a50c46ee000-7a50c47b2000 r-xp 00015000 00:21 5573291                    /usr/lib/libsystemd.so.0.42.0
7a50c47b2000-7a50c47f5000 r--p 000d9000 00:21 5573291                    /usr/lib/libsystemd.so.0.42.0
7a50c47f5000-7a50c47fe000 r--p 0011c000 00:21 5573291                    /usr/lib/libsystemd.so.0.42.0
7a50c47fe000-7a50c47ff000 rw-p 00125000 00:21 5573291                    /usr/lib/libsystemd.so.0.42.0
7a50c47ff000-7a50c4800000 rw-p 00000000 00:00 0 
7a50c4800000-7a50c4897000 r--p 00000000 00:21 4749907                    /usr/lib/libstdc++.so.6.0.34
7a50c4897000-7a50c49ec000 r-xp 00097000 00:21 4749907                    /usr/lib/libstdc++.so.6.0.34
7a50c49ec000-7a50c4a7e000 r--p 001ec000 00:21 4749907                    /usr/lib/libstdc++.so.6.0.34
7a50c4a7e000-7a50c4a8f000 r--p 0027e000 00:21 4749907                    /usr/lib/libstdc++.so.6.0.34
7a50c4a8f000-7a50c4a90000 rw-p 0028f000 00:21 4749907                    /usr/lib/libstdc++.so.6.0.34
7a50c4a90000-7a50c4a94000 rw-p 00000000 00:00 0 
7a50c4a95000-7a50c4a9e000 rw-s 00008000 00:01 13310                      /memfd:pipewire-memfd:flags=0x0000000f,type=2,size=65664 (deleted)
7a50c4a9e000-7a50c4aa7000 rw-s 00000000 00:01 13310                      /memfd:pipewire-memfd:flags=0x0000000f,type=2,size=65664 (deleted)
7a50c4aa7000-7a50c4ab0000 rw-s 00008000 00:01 13309                      /memfd:pipewire-memfd:flags=0x0000000f,type=2,size=65664 (deleted)
7a50c4ab0000-7a50c4ab2000 r--p 00000000 00:21 5211159                    /usr/lib/pipewire-0.3/libpipewire-module-metadata.so
7a50c4ab2000-7a50c4abb000 r-xp 00002000 00:21 5211159                    /usr/lib/pipewire-0.3/libpipewire-module-metadata.so
7a50c4abb000-7a50c4abd000 r--p 0000b000 00:21 5211159                    /usr/lib/pipewire-0.3/libpipewire-module-metadata.so
7a50c4abd000-7a50c4abe000 r--p 0000c000 00:21 5211159                    /usr/lib/pipewire-0.3/libpipewire-module-metadata.so
7a50c4abe000-7a50c4abf000 rw-p 0000d000 00:21 5211159                    /usr/lib/pipewire-0.3/libpipewire-module-metadata.so
7a50c4abf000-7a50c4ac2000 r--p 00000000 00:21 5211156                    /usr/lib/pipewire-0.3/libpipewire-module-client-node.so
7a50c4ac2000-7a50c4ae5000 r-xp 00003000 00:21 5211156                    /usr/lib/pipewire-0.3/libpipewire-module-client-node.so
7a50c4ae5000-7a50c4aeb000 r--p 00026000 00:21 5211156                    /usr/lib/pipewire-0.3/libpipewire-module-client-node.so
7a50c4aeb000-7a50c4aed000 r--p 0002c000 00:21 5211156                    /usr/lib/pipewire-0.3/libpipewire-module-client-node.so
7a50c4aed000-7a50c4aee000 rw-p 0002e000 00:21 5211156                    /usr/lib/pipewire-0.3/libpipewire-module-client-node.so
7a50c4aee000-7a50c4af1000 r--p 00000000 00:21 5211162                    /usr/lib/pipewire-0.3/libpipewire-module-protocol-native.so
7a50c4af1000-7a50c4b13000 r-xp 00003000 00:21 5211162                    /usr/lib/pipewire-0.3/libpipewire-module-protocol-native.so
7a50c4b13000-7a50c4b1f000 r--p 00025000 00:21 5211162                    /usr/lib/pipewire-0.3/libpipewire-module-protocol-native.so
7a50c4b1f000-7a50c4b2f000 r--p 00030000 00:21 5211162                    /usr/lib/pipewire-0.3/libpipewire-module-protocol-native.so
7a50c4b2f000-7a50c4b30000 rw-p 00040000 00:21 5211162                    /usr/lib/pipewire-0.3/libpipewire-module-protocol-native.so
7a50c4b30000-7a50c4b3e000 r--p 00000000 00:21 1308389                    /usr/lib/libdbus-1.so.3.38.3
7a50c4b3e000-7a50c4b6f000 r-xp 0000e000 00:21 1308389                    /usr/lib/libdbus-1.so.3.38.3
7a50c4b6f000-7a50c4b80000 r--p 0003f000 00:21 1308389                    /usr/lib/libdbus-1.so.3.38.3
7a50c4b80000-7a50c4b82000 r--p 0004f000 00:21 1308389                    /usr/lib/libdbus-1.so.3.38.3
7a50c4b82000-7a50c4b83000 rw-p 00051000 00:21 1308389                    /usr/lib/libdbus-1.so.3.38.3
7a50c4b85000-7a50c4b8e000 rw-s 00000000 00:01 13309                      /memfd:pipewire-memfd:flags=0x0000000f,type=2,size=65664 (deleted)
7a50c4b8e000-7a50c4b90000 r--p 00000000 00:21 5211154                    /usr/lib/pipewire-0.3/libpipewire-module-adapter.so
7a50c4b90000-7a50c4b94000 r-xp 00002000 00:21 5211154                    /usr/lib/pipewire-0.3/libpipewire-module-adapter.so
7a50c4b94000-7a50c4b96000 r--p 00006000 00:21 5211154                    /usr/lib/pipewire-0.3/libpipewire-module-adapter.so
7a50c4b96000-7a50c4b97000 r--p 00007000 00:21 5211154                    /usr/lib/pipewire-0.3/libpipewire-module-adapter.so
7a50c4b97000-7a50c4b98000 rw-p 00008000 00:21 5211154                    /usr/lib/pipewire-0.3/libpipewire-module-adapter.so
7a50c4b98000-7a50c4b9a000 r--p 00000000 00:21 5211155                    /usr/lib/pipewire-0.3/libpipewire-module-client-device.so
7a50c4b9a000-7a50c4ba5000 r-xp 00002000 00:21 5211155                    /usr/lib/pipewire-0.3/libpipewire-module-client-device.so
7a50c4ba5000-7a50c4ba6000 r--p 0000d000 00:21 5211155                    /usr/lib/pipewire-0.3/libpipewire-module-client-device.so
7a50c4ba6000-7a50c4ba7000 r--p 0000e000 00:21 5211155                    /usr/lib/pipewire-0.3/libpipewire-module-client-device.so
7a50c4ba7000-7a50c4ba8000 rw-p 0000f000 00:21 5211155                    /usr/lib/pipewire-0.3/libpipewire-module-client-device.so
7a50c4ba8000-7a50c4baa000 r--p 00000000 00:21 5211163                    /usr/lib/pipewire-0.3/libpipewire-module-rt.so
7a50c4baa000-7a50c4bae000 r-xp 00002000 00:21 5211163                    /usr/lib/pipewire-0.3/libpipewire-module-rt.so
7a50c4bae000-7a50c4bb0000 r--p 00006000 00:21 5211163                    /usr/lib/pipewire-0.3/libpipewire-module-rt.so
7a50c4bb0000-7a50c4bb1000 r--p 00007000 00:21 5211163                    /usr/lib/pipewire-0.3/libpipewire-module-rt.so
7a50c4bb1000-7a50c4bb2000 rw-p 00008000 00:21 5211163                    /usr/lib/pipewire-0.3/libpipewire-module-rt.so
7a50c4bb2000-7a50c4bbf000 r--p 00000000 00:21 5211128                    /usr/lib/libpipewire-0.3.so.0.1409.0
7a50c4bbf000-7a50c4c39000 r-xp 0000d000 00:21 5211128                    /usr/lib/libpipewire-0.3.so.0.1409.0
7a50c4c39000-7a50c4c55000 r--p 00087000 00:21 5211128                    /usr/lib/libpipewire-0.3.so.0.1409.0
7a50c4c55000-7a50c4c72000 r--p 000a2000 00:21 5211128                    /usr/lib/libpipewire-0.3.so.0.1409.0
7a50c4c72000-7a50c4c73000 rw-p 000bf000 00:21 5211128                    /usr/lib/libpipewire-0.3.so.0.1409.0
7a50c4c73000-7a50c4c74000 rw-p 00000000 00:00 0 
7a50c4c74000-7a50c4c87000 r--p 00000000 00:32 646                        /tmp/lwjgl_abdenours/3.3.3+5/x64/libopenal.so
7a50c4c87000-7a50c4d27000 r-xp 00013000 00:32 646                        /tmp/lwjgl_abdenours/3.3.3+5/x64/libopenal.so
7a50c4d27000-7a50c4d89000 r--p 000b3000 00:32 646                        /tmp/lwjgl_abdenours/3.3.3+5/x64/libopenal.so
7a50c4d89000-7a50c4d8a000 ---p 00115000 00:32 646                        /tmp/lwjgl_abdenours/3.3.3+5/x64/libopenal.so
7a50c4d8a000-7a50c4d8f000 r--p 00115000 00:32 646                        /tmp/lwjgl_abdenours/3.3.3+5/x64/libopenal.so
7a50c4d8f000-7a50c4d90000 rw-p 0011a000 00:32 646                        /tmp/lwjgl_abdenours/3.3.3+5/x64/libopenal.so
7a50c4d90000-7a50c4e0b000 rw-p 00000000 00:00 0 
7a50c4e0b000-7a50c5043000 r--p 00000000 00:32 645                        /tmp/libgdxabdenours/7f47ef07a3b30ad5/libGLESv2.so
7a50c5043000-7a50c54de000 r-xp 00237000 00:32 645                        /tmp/libgdxabdenours/7f47ef07a3b30ad5/libGLESv2.so
7a50c54de000-7a50c551f000 r--p 006d1000 00:32 645                        /tmp/libgdxabdenours/7f47ef07a3b30ad5/libGLESv2.so
7a50c551f000-7a50c5559000 rw-p 00711000 00:32 645                        /tmp/libgdxabdenours/7f47ef07a3b30ad5/libGLESv2.so
7a50c5559000-7a50c5b6f000 rw-p 00000000 00:00 0 
7a50c5b6f000-7a50c5b73000 r--p 00000000 00:21 4749877                    /usr/lib/libgcc_s.so.1
7a50c5b73000-7a50c5b96000 r-xp 00004000 00:21 4749877                    /usr/lib/libgcc_s.so.1
7a50c5b96000-7a50c5b9a000 r--p 00027000 00:21 4749877                    /usr/lib/libgcc_s.so.1
7a50c5b9a000-7a50c5b9b000 r--p 0002a000 00:21 4749877                    /usr/lib/libgcc_s.so.1
7a50c5b9b000-7a50c5b9c000 rw-p 0002b000 00:21 4749877                    /usr/lib/libgcc_s.so.1
7a50c5b9c000-7a50c5bb0000 r--p 00000000 00:32 644                        /tmp/libgdxabdenours/7f47ef07a3b30ad5/libEGL.so
7a50c5bb0000-7a50c5bd9000 r-xp 00013000 00:32 644                        /tmp/libgdxabdenours/7f47ef07a3b30ad5/libEGL.so
7a50c5bd9000-7a50c5bdc000 r--p 0003b000 00:32 644                        /tmp/libgdxabdenours/7f47ef07a3b30ad5/libEGL.so
7a50c5bdc000-7a50c5bdd000 rw-p 0003d000 00:32 644                        /tmp/libgdxabdenours/7f47ef07a3b30ad5/libEGL.so
7a50c5bdd000-7a50c5bdf000 rw-p 00000000 00:00 0 
7a50c5bdf000-7a50c5be1000 r--p 00000000 00:21 3383373                    /usr/lib/libXfixes.so.3.1.0
7a50c5be1000-7a50c5be4000 r-xp 00002000 00:21 3383373                    /usr/lib/libXfixes.so.3.1.0
7a50c5be4000-7a50c5be5000 r--p 00005000 00:21 3383373                    /usr/lib/libXfixes.so.3.1.0
7a50c5be5000-7a50c5be6000 r--p 00005000 00:21 3383373                    /usr/lib/libXfixes.so.3.1.0
7a50c5be6000-7a50c5be7000 rw-p 00006000 00:21 3383373                    /usr/lib/libXfixes.so.3.1.0
7a50c5be7000-7a50c5bea000 r--p 00000000 00:21 1023920                    /usr/lib/libXcursor.so.1.0.2
7a50c5bea000-7a50c5bf0000 r-xp 00003000 00:21 1023920                    /usr/lib/libXcursor.so.1.0.2
7a50c5bf0000-7a50c5bf2000 r--p 00009000 00:21 1023920                    /usr/lib/libXcursor.so.1.0.2
7a50c5bf2000-7a50c5bf3000 r--p 0000a000 00:21 1023920                    /usr/lib/libXcursor.so.1.0.2
7a50c5bf3000-7a50c5bf4000 rw-p 0000b000 00:21 1023920                    /usr/lib/libXcursor.so.1.0.2
7a50c5bf4000-7a50c5bf6000 r--p 00000000 00:21 1010367                    /usr/lib/libXrender.so.1.3.0
7a50c5bf6000-7a50c5bfd000 r-xp 00002000 00:21 1010367                    /usr/lib/libXrender.so.1.3.0
7a50c5bfd000-7a50c5bfe000 r--p 00009000 00:21 1010367                    /usr/lib/libXrender.so.1.3.0
7a50c5bfe000-7a50c5bff000 r--p 00009000 00:21 1010367                    /usr/lib/libXrender.so.1.3.0
7a50c5bff000-7a50c5c00000 rw-p 0000a000 00:21 1010367                    /usr/lib/libXrender.so.1.3.0
7a50c5c00000-7a50c6400000 rw-p 00000000 00:00 0 
7a50c6401000-7a50c6404000 r--p 00000000 00:21 1009520                    /usr/lib/libXi.so.6.1.0
7a50c6404000-7a50c6410000 r-xp 00003000 00:21 1009520                    /usr/lib/libXi.so.6.1.0
7a50c6410000-7a50c6412000 r--p 0000f000 00:21 1009520                    /usr/lib/libXi.so.6.1.0
7a50c6412000-7a50c6413000 r--p 00011000 00:21 1009520                    /usr/lib/libXi.so.6.1.0
7a50c6413000-7a50c6414000 rw-p 00012000 00:21 1009520                    /usr/lib/libXi.so.6.1.0
7a50c6414000-7a50c6420000 r--p 00000000 00:21 1004401                    /usr/lib/libxcb.so.1.1.0
7a50c6420000-7a50c6434000 r-xp 0000c000 00:21 1004401                    /usr/lib/libxcb.so.1.1.0
7a50c6434000-7a50c643d000 r--p 00020000 00:21 1004401                    /usr/lib/libxcb.so.1.1.0
7a50c643d000-7a50c643e000 r--p 00028000 00:21 1004401                    /usr/lib/libxcb.so.1.1.0
7a50c643e000-7a50c643f000 rw-p 00029000 00:21 1004401                    /usr/lib/libxcb.so.1.1.0
7a50c643f000-7a50c6456000 r--p 00000000 00:21 5782363                    /usr/lib/libX11.so.6.4.0
7a50c6456000-7a50c64eb000 r-xp 00017000 00:21 5782363                    /usr/lib/libX11.so.6.4.0
7a50c64eb000-7a50c657a000 r--p 000ac000 00:21 5782363                    /usr/lib/libX11.so.6.4.0
7a50c657a000-7a50c657d000 r--p 0013a000 00:21 5782363                    /usr/lib/libX11.so.6.4.0
7a50c657d000-7a50c6581000 rw-p 0013d000 00:21 5782363                    /usr/lib/libX11.so.6.4.0
7a50c6581000-7a50c6589000 r--p 00000000 00:32 639                        /tmp/lwjgl_abdenours/3.3.3+5/x64/libjemalloc.so
7a50c6589000-7a50c65de000 r-xp 00008000 00:32 639                        /tmp/lwjgl_abdenours/3.3.3+5/x64/libjemalloc.so
7a50c65de000-7a50c65ee000 r--p 0005d000 00:32 639                        /tmp/lwjgl_abdenours/3.3.3+5/x64/libjemalloc.so
7a50c65ee000-7a50c65ef000 ---p 0006d000 00:32 639                        /tmp/lwjgl_abdenours/3.3.3+5/x64/libjemalloc.so
7a50c65ef000-7a50c65f5000 r--p 0006d000 00:32 639                        /tmp/lwjgl_abdenours/3.3.3+5/x64/libjemalloc.so
7a50c65f5000-7a50c65f6000 rw-p 00073000 00:32 639                        /tmp/lwjgl_abdenours/3.3.3+5/x64/libjemalloc.so
7a50c65f6000-7a50c6800000 rw-p 00000000 00:00 0 
7a50c6800000-7a50c6820000 r-xp 00000000 00:32 633                        /tmp/libgdxabdenours/da3a4817/libgdx64.so
7a50c6820000-7a50c6a20000 ---p 00020000 00:32 633                        /tmp/libgdxabdenours/da3a4817/libgdx64.so
7a50c6a20000-7a50c6a21000 r--p 00020000 00:32 633                        /tmp/libgdxabdenours/da3a4817/libgdx64.so
7a50c6a21000-7a50c6a22000 rw-p 00021000 00:32 633                        /tmp/libgdxabdenours/da3a4817/libgdx64.so
7a50c6a25000-7a50c6a27000 r--p 00000000 00:21 1024400                    /usr/lib/libXrandr.so.2.2.0
7a50c6a27000-7a50c6a2e000 r-xp 00002000 00:21 1024400                    /usr/lib/libXrandr.so.2.2.0
7a50c6a2e000-7a50c6a30000 r--p 00009000 00:21 1024400                    /usr/lib/libXrandr.so.2.2.0
7a50c6a30000-7a50c6a31000 r--p 0000a000 00:21 1024400                    /usr/lib/libXrandr.so.2.2.0
7a50c6a31000-7a50c6a32000 rw-p 0000b000 00:21 1024400                    /usr/lib/libXrandr.so.2.2.0
7a50c6a32000-7a50c6a33000 rw-s 00000000 00:01 13311                      /memfd:xshmfence (deleted)
7a50c6a33000-7a50c6a34000 rw-s 101300000 00:10 1078                      anon_inode:i915.gem
7a50c6a34000-7a50c6a35000 rw-s 1012ff000 00:10 1078                      anon_inode:i915.gem
7a50c6a35000-7a50c6a36000 rw-s 1012ee000 00:10 1078                      anon_inode:i915.gem
7a50c6a36000-7a50c6a37000 rw-s 00000000 00:01 5651                       /memfd:pipewire-memfd:flags=0x0000000f,type=2,size=2312 (deleted)
7a50c6a37000-7a50c6a38000 r--p 00000000 00:21 5211171                    /usr/lib/spa-0.2/support/libspa-dbus.so
7a50c6a38000-7a50c6a3b000 r-xp 00001000 00:21 5211171                    /usr/lib/spa-0.2/support/libspa-dbus.so
7a50c6a3b000-7a50c6a3c000 r--p 00004000 00:21 5211171                    /usr/lib/spa-0.2/support/libspa-dbus.so
7a50c6a3c000-7a50c6a3d000 r--p 00004000 00:21 5211171                    /usr/lib/spa-0.2/support/libspa-dbus.so
7a50c6a3d000-7a50c6a3e000 rw-p 00005000 00:21 5211171                    /usr/lib/spa-0.2/support/libspa-dbus.so
7a50c6a3e000-7a50c6a40000 r--p 00000000 00:21 5211173                    /usr/lib/spa-0.2/support/libspa-support.so
7a50c6a40000-7a50c6a59000 r-xp 00002000 00:21 5211173                    /usr/lib/spa-0.2/support/libspa-support.so
7a50c6a59000-7a50c6a5e000 r--p 0001b000 00:21 5211173                    /usr/lib/spa-0.2/support/libspa-support.so
7a50c6a5e000-7a50c6a60000 r--p 00020000 00:21 5211173                    /usr/lib/spa-0.2/support/libspa-support.so
7a50c6a60000-7a50c6a61000 rw-p 00022000 00:21 5211173                    /usr/lib/spa-0.2/support/libspa-support.so
7a50c6a61000-7a50c6a6f000 r--p 00000000 00:32 640                        /tmp/lwjgl_abdenours/3.3.3+5/x64/libglfw.so
7a50c6a6f000-7a50c6a8e000 r-xp 0000e000 00:32 640                        /tmp/lwjgl_abdenours/3.3.3+5/x64/libglfw.so
7a50c6a8e000-7a50c6ac1000 r--p 0002d000 00:32 640                        /tmp/lwjgl_abdenours/3.3.3+5/x64/libglfw.so
7a50c6ac1000-7a50c6ac2000 ---p 00060000 00:32 640                        /tmp/lwjgl_abdenours/3.3.3+5/x64/libglfw.so
7a50c6ac2000-7a50c6ac5000 r--p 00060000 00:32 640                        /tmp/lwjgl_abdenours/3.3.3+5/x64/libglfw.so
7a50c6ac5000-7a50c6ac8000 rw-p 00063000 00:32 640                        /tmp/lwjgl_abdenours/3.3.3+5/x64/libglfw.so
7a50c6ac8000-7a50c6aeb000 rw-p 00000000 00:00 0 
7a50c6aeb000-7a50c6aec000 ---p 00000000 00:00 0 
7a50c6aec000-7a50c6af0000 ---p 00000000 00:00 0 
7a50c6af0000-7a50c6bec000 rw-p 00000000 00:00 0 
7a50c6bec000-7a50c6bed000 ---p 00000000 00:00 0 
7a50c6bed000-7a50c6bf1000 ---p 00000000 00:00 0 
7a50c6bf1000-7a50c6ced000 rw-p 00000000 00:00 0 
7a50c6ced000-7a50c6cee000 ---p 00000000 00:00 0 
7a50c6cee000-7a50c6cf2000 ---p 00000000 00:00 0 
7a50c6cf2000-7a50c6dee000 rw-p 00000000 00:00 0 
7a50c6dee000-7a50c6def000 ---p 00000000 00:00 0 
7a50c6def000-7a50c6df3000 ---p 00000000 00:00 0 
7a50c6df3000-7a50c6eef000 rw-p 00000000 00:00 0 
7a50c6eef000-7a50c6ef0000 ---p 00000000 00:00 0 
7a50c6ef0000-7a50c6ef4000 ---p 00000000 00:00 0 
7a50c6ef4000-7a50c6ff0000 rw-p 00000000 00:00 0 
7a50c6ff0000-7a50c6ff1000 ---p 00000000 00:00 0 
7a50c6ff1000-7a50c6ff5000 ---p 00000000 00:00 0 
7a50c6ff5000-7a50c70f1000 rw-p 00000000 00:00 0 
7a50c70f1000-7a50c70f2000 ---p 00000000 00:00 0 
7a50c70f2000-7a50c70f6000 ---p 00000000 00:00 0 
7a50c70f6000-7a50c71f2000 rw-p 00000000 00:00 0 
7a50c71f2000-7a50c71f3000 ---p 00000000 00:00 0 
7a50c71f3000-7a50c71f7000 ---p 00000000 00:00 0 
7a50c71f7000-7a50c72f3000 rw-p 00000000 00:00 0 
7a50c72f3000-7a50c72f4000 ---p 00000000 00:00 0 
7a50c72f4000-7a50c72f8000 ---p 00000000 00:00 0 
7a50c72f8000-7a50c73f4000 rw-p 00000000 00:00 0 
7a50c73f4000-7a50c73f5000 ---p 00000000 00:00 0 
7a50c73f5000-7a50c73f9000 ---p 00000000 00:00 0 
7a50c73f9000-7a50c74f5000 rw-p 00000000 00:00 0 
7a50c74f5000-7a50c74f6000 ---p 00000000 00:00 0 
7a50c74f6000-7a50c74fa000 ---p 00000000 00:00 0 
7a50c74fa000-7a50c75f6000 rw-p 00000000 00:00 0 
7a50c75f6000-7a50c75f7000 ---p 00000000 00:00 0 
7a50c75f7000-7a50c75fb000 ---p 00000000 00:00 0 
7a50c75fb000-7a50c76f7000 rw-p 00000000 00:00 0 
7a50c76f7000-7a50c76f8000 ---p 00000000 00:00 0 
7a50c76f8000-7a50c76fc000 ---p 00000000 00:00 0 
7a50c76fc000-7a50c77f8000 rw-p 00000000 00:00 0 
7a50c77f8000-7a50c77f9000 ---p 00000000 00:00 0 
7a50c77f9000-7a50c78f9000 rw-p 00000000 00:00 0 
7a50c78f9000-7a50c78fa000 ---p 00000000 00:00 0 
7a50c78fa000-7a50c79fa000 rw-p 00000000 00:00 0 
7a50c79fa000-7a50c79fb000 ---p 00000000 00:00 0 
7a50c79fb000-7a50c7afb000 rw-p 00000000 00:00 0 
7a50c7afb000-7a50c7afc000 ---p 00000000 00:00 0 
7a50c7afc000-7a50c7bfc000 rw-p 00000000 00:00 0 
7a50c7bfc000-7a50c8021000 rw-p 00000000 00:00 0 
7a50c8021000-7a50cc000000 ---p 00000000 00:00 0 
7a50cc000000-7a50cc021000 rw-p 00000000 00:00 0 
7a50cc021000-7a50d0000000 ---p 00000000 00:00 0 
7a50d0000000-7a50d0021000 rw-p 00000000 00:00 0 
7a50d0021000-7a50d4000000 ---p 00000000 00:00 0 
7a50d4000000-7a50d4001000 r--p 00000000 00:21 5211172                    /usr/lib/spa-0.2/support/libspa-journal.so
7a50d4001000-7a50d4003000 r-xp 00001000 00:21 5211172                    /usr/lib/spa-0.2/support/libspa-journal.so
7a50d4003000-7a50d4004000 r--p 00003000 00:21 5211172                    /usr/lib/spa-0.2/support/libspa-journal.so
7a50d4004000-7a50d4005000 r--p 00003000 00:21 5211172                    /usr/lib/spa-0.2/support/libspa-journal.so
7a50d4005000-7a50d4006000 rw-p 00004000 00:21 5211172                    /usr/lib/spa-0.2/support/libspa-journal.so
7a50d4006000-7a50d402f000 r--p 00000000 00:32 638                        /tmp/lwjgl_abdenours/3.3.3+5/x64/liblwjgl.so
7a50d402f000-7a50d4061000 r-xp 00029000 00:32 638                        /tmp/lwjgl_abdenours/3.3.3+5/x64/liblwjgl.so
7a50d4061000-7a50d407a000 r--p 0005b000 00:32 638                        /tmp/lwjgl_abdenours/3.3.3+5/x64/liblwjgl.so
7a50d407a000-7a50d407b000 r--p 00073000 00:32 638                        /tmp/lwjgl_abdenours/3.3.3+5/x64/liblwjgl.so
7a50d407b000-7a50d407c000 rw-p 00074000 00:32 638                        /tmp/lwjgl_abdenours/3.3.3+5/x64/liblwjgl.so
7a50d407c000-7a50d6400000 rw-p 00000000 00:00 0 
7a50d6400000-7a50d6401000 rw-s 00000000 00:01 14310                      /memfd:pipewire-memfd:flags=0x0000000f,type=2,size=4096 (deleted)
7a50d6401000-7a50d6402000 rw-s 00000000 00:01 14309                      /memfd:pipewire-memfd:flags=0x0000000f,type=2,size=2312 (deleted)
7a50d6402000-7a50d6403000 r--p 00000000 00:21 5782360                    /usr/lib/libX11-xcb.so.1.0.0
7a50d6403000-7a50d6404000 r-xp 00001000 00:21 5782360                    /usr/lib/libX11-xcb.so.1.0.0
7a50d6404000-7a50d6405000 r--p 00002000 00:21 5782360                    /usr/lib/libX11-xcb.so.1.0.0
7a50d6405000-7a50d6406000 r--p 00002000 00:21 5782360                    /usr/lib/libX11-xcb.so.1.0.0
7a50d6406000-7a50d6407000 rw-p 00003000 00:21 5782360                    /usr/lib/libX11-xcb.so.1.0.0
7a50d6407000-7a50d640b000 r--p 00000000 00:21 1009432                    /usr/lib/libXext.so.6.4.0
7a50d640b000-7a50d6416000 r-xp 00004000 00:21 1009432                    /usr/lib/libXext.so.6.4.0
7a50d6416000-7a50d641a000 r--p 0000f000 00:21 1009432                    /usr/lib/libXext.so.6.4.0
7a50d641a000-7a50d641b000 r--p 00012000 00:21 1009432                    /usr/lib/libXext.so.6.4.0
7a50d641b000-7a50d641c000 rw-p 00013000 00:21 1009432                    /usr/lib/libXext.so.6.4.0
7a50d641c000-7a50d641d000 r--p 00000000 00:21 1022894                    /usr/lib/libXxf86vm.so.1.0.0
7a50d641d000-7a50d6420000 r-xp 00001000 00:21 1022894                    /usr/lib/libXxf86vm.so.1.0.0
7a50d6420000-7a50d6421000 r--p 00004000 00:21 1022894                    /usr/lib/libXxf86vm.so.1.0.0
7a50d6421000-7a50d6422000 r--p 00004000 00:21 1022894                    /usr/lib/libXxf86vm.so.1.0.0
7a50d6422000-7a50d6423000 rw-p 00005000 00:21 1022894                    /usr/lib/libXxf86vm.so.1.0.0
7a50d6423000-7a50d642f000 r-xp 00000000 00:21 4164584                    /opt/jdk-25/lib/libnet.so
7a50d642f000-7a50d6430000 r--p 0000b000 00:21 4164584                    /opt/jdk-25/lib/libnet.so
7a50d6430000-7a50d6431000 rw-p 0000c000 00:21 4164584                    /opt/jdk-25/lib/libnet.so
7a50d6431000-7a50d646f000 r-xp 00000000 00:21 4164590                    /opt/jdk-25/lib/libsimdsort.so
7a50d646f000-7a50d6470000 ---p 0003e000 00:21 4164590                    /opt/jdk-25/lib/libsimdsort.so
7a50d6470000-7a50d6471000 r--p 0003e000 00:21 4164590                    /opt/jdk-25/lib/libsimdsort.so
7a50d6471000-7a50d6472000 rw-p 0003f000 00:21 4164590                    /opt/jdk-25/lib/libsimdsort.so
7a50d6472000-7a50d65ce000 rw-p 00000000 00:00 0 
7a50d65ce000-7a50d65cf000 ---p 00000000 00:00 0 
7a50d65cf000-7a50d66cf000 rw-p 00000000 00:00 0 
7a50d66cf000-7a50d66d0000 ---p 00000000 00:00 0 
7a50d66d0000-7a50d67d0000 rw-p 00000000 00:00 0 
7a50d67d0000-7a50d69b8000 rw-p 00000000 00:00 0 
7a50d69b8000-7a50d85f8000 ---p 00000000 00:00 0 
7a50d85f8000-7a50d8600000 rw-p 00000000 00:00 0 
7a50d8600000-7a50d8870000 rwxp 00000000 00:00 0 
7a50d8870000-7a50dfb37000 ---p 00000000 00:00 0 
7a50dfb37000-7a50dfda7000 rwxp 00000000 00:00 0 
7a50dfda7000-7a50e00c8000 ---p 00000000 00:00 0 
7a50e00c8000-7a50e0338000 rwxp 00000000 00:00 0 
7a50e0338000-7a50e7600000 ---p 00000000 00:00 0 
7a50e7600000-7a50efea3000 r--s 00000000 00:21 4164595                    /opt/jdk-25/lib/modules
7a50efea3000-7a50efea4000 r--p 00000000 00:21 1024001                    /usr/lib/libXinerama.so.1.0.0
7a50efea4000-7a50efea5000 r-xp 00001000 00:21 1024001                    /usr/lib/libXinerama.so.1.0.0
7a50efea5000-7a50efea6000 r--p 00002000 00:21 1024001                    /usr/lib/libXinerama.so.1.0.0
7a50efea6000-7a50efea7000 r--p 00002000 00:21 1024001                    /usr/lib/libXinerama.so.1.0.0
7a50efea7000-7a50efea8000 rw-p 00003000 00:21 1024001                    /usr/lib/libXinerama.so.1.0.0
7a50efea8000-7a50efebc000 r-xp 00000000 00:21 4164585                    /opt/jdk-25/lib/libnio.so
7a50efebc000-7a50efebd000 r--p 00013000 00:21 4164585                    /opt/jdk-25/lib/libnio.so
7a50efebd000-7a50efebe000 rw-p 00014000 00:21 4164585                    /opt/jdk-25/lib/libnio.so
7a50efebe000-7a50efeff000 rw-p 00000000 00:00 0 
7a50efeff000-7a50eff00000 ---p 00000000 00:00 0 
7a50eff00000-7a50f0000000 rw-p 00000000 00:00 0 
7a50f0000000-7a50f1220000 rw-p 00000000 00:00 0 
7a50f1220000-7a50f4000000 ---p 00000000 00:00 0 
7a50f4000000-7a50f4002000 r--p 00000000 00:21 1004267                    /usr/lib/libXdmcp.so.6.0.0
7a50f4002000-7a50f4004000 r-xp 00002000 00:21 1004267                    /usr/lib/libXdmcp.so.6.0.0
7a50f4004000-7a50f4006000 r--p 00004000 00:21 1004267                    /usr/lib/libXdmcp.so.6.0.0
7a50f4006000-7a50f4007000 r--p 00005000 00:21 1004267                    /usr/lib/libXdmcp.so.6.0.0
7a50f4007000-7a50f4008000 rw-p 00006000 00:21 1004267                    /usr/lib/libXdmcp.so.6.0.0
7a50f4008000-7a50f4016000 r-xp 00000000 00:21 4164593                    /opt/jdk-25/lib/libverify.so
7a50f4016000-7a50f4018000 r--p 0000d000 00:21 4164593                    /opt/jdk-25/lib/libverify.so
7a50f4018000-7a50f4019000 rw-p 0000f000 00:21 4164593                    /opt/jdk-25/lib/libverify.so
7a50f4019000-7a50f40d3000 rw-p 00000000 00:00 0 
7a50f40d3000-7a50f445b000 ---p 00000000 00:00 0 
7a50f445b000-7a50f4499000 rw-p 00000000 00:00 0 
7a50f4499000-7a50f4821000 ---p 00000000 00:00 0 
7a50f4821000-7a50f502f000 rw-p 00000000 00:00 0 
7a50f502f000-7a50f5115000 ---p 00000000 00:00 0 
7a50f5115000-7a50f511a000 rw-p 00000000 00:00 0 
7a50f511a000-7a50f5200000 ---p 00000000 00:00 0 
7a50f5200000-7a50f54ed000 r--p 00000000 00:21 4749865                    /usr/lib/locale/locale-archive
7a50f54ed000-7a50f54ee000 r--p 00000000 00:21 1004278                    /usr/lib/libXau.so.6.0.0
7a50f54ee000-7a50f54ef000 r-xp 00001000 00:21 1004278                    /usr/lib/libXau.so.6.0.0
7a50f54ef000-7a50f54f0000 r--p 00002000 00:21 1004278                    /usr/lib/libXau.so.6.0.0
7a50f54f0000-7a50f54f1000 r--p 00002000 00:21 1004278                    /usr/lib/libXau.so.6.0.0
7a50f54f1000-7a50f54f2000 rw-p 00003000 00:21 1004278                    /usr/lib/libXau.so.6.0.0
7a50f54f2000-7a50f54f7000 r-xp 00000000 00:21 4164562                    /opt/jdk-25/lib/libdt_socket.so
7a50f54f7000-7a50f54f8000 r--p 00004000 00:21 4164562                    /opt/jdk-25/lib/libdt_socket.so
7a50f54f8000-7a50f54f9000 rw-p 00005000 00:21 4164562                    /opt/jdk-25/lib/libdt_socket.so
7a50f54f9000-7a50f5500000 r--s 00000000 00:21 4749867                    /usr/lib/gconv/gconv-modules.cache
7a50f5500000-7a50f5504000 ---p 00000000 00:00 0 
7a50f5504000-7a50f5600000 rw-p 00000000 00:00 0 
7a50f5600000-7a50f6add000 r-xp 00000000 00:21 4164608                    /opt/jdk-25/lib/server/libjvm.so
7a50f6add000-7a50f6ade000 ---p 014dd000 00:21 4164608                    /opt/jdk-25/lib/server/libjvm.so
7a50f6ade000-7a50f6bc4000 r--p 014dd000 00:21 4164608                    /opt/jdk-25/lib/server/libjvm.so
7a50f6bc4000-7a50f6bed000 rw-p 015c3000 00:21 4164608                    /opt/jdk-25/lib/server/libjvm.so
7a50f6bed000-7a50f6c69000 rw-p 00000000 00:00 0 
7a50f6c69000-7a50f6c6a000 rw-s 00000000 00:01 19458                      /memfd:pipewire-memfd:flags=0x0000000f,type=2,size=2312 (deleted)
7a50f6c6a000-7a50f6c6b000 rw-p 00000000 00:00 0 
7a50f6c6b000-7a50f6c6c000 rw-p 00000000 00:00 0 
7a50f6c6c000-7a50f6c72000 rw-p 00000000 00:00 0 
7a50f6c72000-7a50f6c79000 ---p 00000000 00:00 0 
7a50f6c79000-7a50f6c80000 r--s 00112000 00:21 5790528                    /opt/idea-IC/plugins/java/lib/rt/debugger-agent.jar
7a50f6c80000-7a50f6c87000 r-xp 00000000 00:21 4164594                    /opt/jdk-25/lib/libzip.so
7a50f6c87000-7a50f6c88000 ---p 00007000 00:21 4164594                    /opt/jdk-25/lib/libzip.so
7a50f6c88000-7a50f6c89000 r--p 00007000 00:21 4164594                    /opt/jdk-25/lib/libzip.so
7a50f6c89000-7a50f6c8a000 rw-p 00008000 00:21 4164594                    /opt/jdk-25/lib/libzip.so
7a50f6c8a000-7a50f6caa000 r-xp 00000000 00:21 4164570                    /opt/jdk-25/lib/libjava.so
7a50f6caa000-7a50f6cab000 r--p 0001f000 00:21 4164570                    /opt/jdk-25/lib/libjava.so
7a50f6cab000-7a50f6cac000 rw-p 00020000 00:21 4164570                    /opt/jdk-25/lib/libjava.so
7a50f6cac000-7a50f6cad000 rw-p 00000000 00:00 0 
7a50f6cad000-7a50f6cef000 r-xp 00000000 00:21 4164573                    /opt/jdk-25/lib/libjdwp.so
7a50f6cef000-7a50f6cf0000 r--p 00041000 00:21 4164573                    /opt/jdk-25/lib/libjdwp.so
7a50f6cf0000-7a50f6cf1000 rw-p 00042000 00:21 4164573                    /opt/jdk-25/lib/libjdwp.so
7a50f6cf1000-7a50f6cf2000 rw-p 00000000 00:00 0 
7a50f6cf2000-7a50f6d01000 r--p 00000000 00:21 4749158                    /usr/lib/libm.so.6
7a50f6d01000-7a50f6d8c000 r-xp 0000f000 00:21 4749158                    /usr/lib/libm.so.6
7a50f6d8c000-7a50f6dfe000 r--p 0009a000 00:21 4749158                    /usr/lib/libm.so.6
7a50f6dfe000-7a50f6dff000 r--p 0010b000 00:21 4749158                    /usr/lib/libm.so.6
7a50f6dff000-7a50f6e00000 rw-p 0010c000 00:21 4749158                    /usr/lib/libm.so.6
7a50f6e00000-7a50f6e24000 r--p 00000000 00:21 4749148                    /usr/lib/libc.so.6
7a50f6e24000-7a50f6f95000 r-xp 00024000 00:21 4749148                    /usr/lib/libc.so.6
7a50f6f95000-7a50f7004000 r--p 00195000 00:21 4749148                    /usr/lib/libc.so.6
7a50f7004000-7a50f7008000 r--p 00203000 00:21 4749148                    /usr/lib/libc.so.6
7a50f7008000-7a50f700a000 rw-p 00207000 00:21 4749148                    /usr/lib/libc.so.6
7a50f700a000-7a50f7012000 rw-p 00000000 00:00 0 
7a50f7012000-7a50f7013000 r-xp 00059000 00:32 638                        /tmp/lwjgl_abdenours/3.3.3+5/x64/liblwjgl.so
7a50f7013000-7a50f7014000 rw-p 00000000 00:00 0 
7a50f7014000-7a50f701e000 r-xp 00000000 00:21 4164565                    /opt/jdk-25/lib/libinstrument.so
7a50f701e000-7a50f701f000 ---p 0000a000 00:21 4164565                    /opt/jdk-25/lib/libinstrument.so
7a50f701f000-7a50f7020000 r--p 0000a000 00:21 4164565                    /opt/jdk-25/lib/libinstrument.so
7a50f7020000-7a50f7021000 rw-p 0000b000 00:21 4164565                    /opt/jdk-25/lib/libinstrument.so
7a50f7021000-7a50f7022000 r--p 00000000 00:21 4749180                    /usr/lib/librt.so.1
7a50f7022000-7a50f7023000 r-xp 00001000 00:21 4749180                    /usr/lib/librt.so.1
7a50f7023000-7a50f7024000 r--p 00002000 00:21 4749180                    /usr/lib/librt.so.1
7a50f7024000-7a50f7025000 r--p 00002000 00:21 4749180                    /usr/lib/librt.so.1
7a50f7025000-7a50f7026000 rw-p 00003000 00:21 4749180                    /usr/lib/librt.so.1
7a50f7026000-7a50f702a000 rw-p 00000000 00:00 0 
7a50f702a000-7a50f702b000 r--p 00000000 00:21 4749175                    /usr/lib/libpthread.so.0
7a50f702b000-7a50f702c000 r-xp 00001000 00:21 4749175                    /usr/lib/libpthread.so.0
7a50f702c000-7a50f702d000 r--p 00002000 00:21 4749175                    /usr/lib/libpthread.so.0
7a50f702d000-7a50f702e000 r--p 00002000 00:21 4749175                    /usr/lib/libpthread.so.0
7a50f702e000-7a50f702f000 rw-p 00003000 00:21 4749175                    /usr/lib/libpthread.so.0
7a50f702f000-7a50f7030000 r--p 00000000 00:21 4749153                    /usr/lib/libdl.so.2
7a50f7030000-7a50f7031000 r-xp 00001000 00:21 4749153                    /usr/lib/libdl.so.2
7a50f7031000-7a50f7032000 r--p 00002000 00:21 4749153                    /usr/lib/libdl.so.2
7a50f7032000-7a50f7033000 r--p 00002000 00:21 4749153                    /usr/lib/libdl.so.2
7a50f7033000-7a50f7034000 rw-p 00003000 00:21 4749153                    /usr/lib/libdl.so.2
7a50f7034000-7a50f7037000 r--p 00000000 00:21 994070                     /usr/lib/libz.so.1.3.1
7a50f7037000-7a50f7045000 r-xp 00003000 00:21 994070                     /usr/lib/libz.so.1.3.1
7a50f7045000-7a50f704b000 r--p 00011000 00:21 994070                     /usr/lib/libz.so.1.3.1
7a50f704b000-7a50f704c000 r--p 00017000 00:21 994070                     /usr/lib/libz.so.1.3.1
7a50f704c000-7a50f704d000 rw-p 00018000 00:21 994070                     /usr/lib/libz.so.1.3.1
7a50f704d000-7a50f7055000 rw-s 00000000 00:32 17260                      /tmp/hsperfdata_abdenours/93998 (deleted)
7a50f7055000-7a50f7056000 ---p 00000000 00:00 0 
7a50f7056000-7a50f7057000 r--p 00000000 00:00 0 
7a50f7057000-7a50f7058000 ---p 00000000 00:00 0 
7a50f7058000-7a50f7078000 r-xp 00000000 00:21 4164574                    /opt/jdk-25/lib/libjimage.so
7a50f7078000-7a50f7079000 ---p 00020000 00:21 4164574                    /opt/jdk-25/lib/libjimage.so
7a50f7079000-7a50f707b000 r--p 00020000 00:21 4164574                    /opt/jdk-25/lib/libjimage.so
7a50f707b000-7a50f707c000 rw-p 00022000 00:21 4164574                    /opt/jdk-25/lib/libjimage.so
7a50f707c000-7a50f708b000 r-xp 00000000 00:21 4164575                    /opt/jdk-25/lib/libjli.so
7a50f708b000-7a50f708c000 r--p 0000e000 00:21 4164575                    /opt/jdk-25/lib/libjli.so
7a50f708c000-7a50f708d000 rw-p 0000f000 00:21 4164575                    /opt/jdk-25/lib/libjli.so
7a50f708d000-7a50f708f000 rw-p 00000000 00:00 0 
7a50f708f000-7a50f7093000 r--p 00000000 00:00 0                          [vvar]
7a50f7093000-7a50f7095000 r-xp 00000000 00:00 0                          [vdso]
7a50f7095000-7a50f7096000 r--p 00000000 00:21 4749139                    /usr/lib/ld-linux-x86-64.so.2
7a50f7096000-7a50f70c0000 r-xp 00001000 00:21 4749139                    /usr/lib/ld-linux-x86-64.so.2
7a50f70c0000-7a50f70ce000 r--p 0002b000 00:21 4749139                    /usr/lib/ld-linux-x86-64.so.2
7a50f70ce000-7a50f70d0000 r--p 00039000 00:21 4749139                    /usr/lib/ld-linux-x86-64.so.2
7a50f70d0000-7a50f70d1000 rw-p 0003b000 00:21 4749139                    /usr/lib/ld-linux-x86-64.so.2
7a50f70d1000-7a50f70d2000 rw-p 00000000 00:00 0 
7ffe4668c000-7ffe466b0000 rw-p 00000000 00:00 0                          [stack]
ffffffffff600000-ffffffffff601000 --xp 00000000 00:00 0                  [vsyscall]
Total number of mappings: 672

JVMTI agents:
jdwp path:none, loaded, initialized, options:transport=dt_socket,server=n,suspend=y,address=127.0.0.1:36097
/opt/idea-IC/plugins/java/lib/rt/debugger-agent.jar path:none, loaded, initialized, instrumentlib options:file:///tmp/capture15704307479293203819.props


VM Arguments:
jvm_args: -Ddebugger.agent.enable.coroutines=true -Ddebugger.async.stack.trace.for.all.threads=true -Dkotlinx.coroutines.debug.enable.creation.stack.trace=false -Dkotlinx.coroutines.debug.enable.flows.stack.trace=true -Dkotlinx.coroutines.debug.enable.mutable.state.flows.stack.trace=true -agentlib:jdwp=transport=dt_socket,server=n,suspend=y,address=127.0.0.1:36097 -javaagent:/opt/idea-IC/plugins/java/lib/rt/debugger-agent.jar=file:///tmp/capture15704307479293203819.props -Dfile.encoding=UTF-8 -Duser.country=US -Duser.language=en -Duser.variant 
java_command: com.mygdx.game.lwjgl3.Lwjgl3Launcher
java_class_path (initial): /home/abdenours/Desktop/friend_graphics_test/lwjgl3/build/classes/java/main:/home/abdenours/Desktop/friend_graphics_test/lwjgl3/build/resources/main:/home/abdenours/.gradle/caches/modules-2/files-2.1/com.badlogicgames.gdx/gdx-backend-lwjgl3/1.14.0/122cf51d4a3bcd4e14e8fbd16ae2b65f27fe2d57/gdx-backend-lwjgl3-1.14.0.jar:/home/abdenours/.gradle/caches/modules-2/files-2.1/com.badlogicgames.gdx/gdx-lwjgl3-angle/1.14.0/f15d8d7ec09ef7486490f05f098ab57b4d318073/gdx-lwjgl3-angle-1.14.0.jar:/home/abdenours/.gradle/caches/modules-2/files-2.1/com.badlogicgames.gdx/gdx-platform/1.14.0/d0ecc53f2c20576f1ba4ac9ba157cf48f7bd9821/gdx-platform-1.14.0-natives-desktop.jar:/home/abdenours/Desktop/friend_graphics_test/core/build/libs/core-1.0.0.jar:/home/abdenours/.gradle/caches/modules-2/files-2.1/com.badlogicgames.gdx/gdx/1.14.0/8accfce8d9313d9ddd23a2c9e315179783085ef2/gdx-1.14.0.jar:/home/abdenours/.gradle/caches/modules-2/files-2.1/org.lwjgl/lwjgl-glfw/3.3.3/efa1eb78c5ccd840e9f329717109b5e892d72f8e/lwjgl-glfw-3.3.3.jar:/home/abdenours/.gradle/caches/modules-2/files-2.1/org.lwjgl/lwjgl-glfw/3.3.3/a03684c5e4b1b1dbbe0d29dbbdc27b985b6840f2/lwjgl-glfw-3.3.3-natives-linux.jar:/home/abdenours/.gradle/caches/modules-2/files-2.1/org.lwjgl/lwjgl-glfw/3.3.3/d9af485c32545b37dd5359b163161d42d7534dcf/lwjgl-glfw-3.3.3-natives-linux-arm32.jar:/home/abdenours/.gradle/caches/modules-2/files-2.1/org.lwjgl/lwjgl-glfw/3.3.3/492a0f11f85b85899a6568f07511160c1b87cd38/lwjgl-glfw-3.3.3-natives-linux-arm64.jar:/home/abdenours/.gradle/caches/modules-2/files-2.1/org.lwjgl/lwjgl-glfw/3.3.3/a1bf400f6bc64e6195596cb1430dafda46090751/lwjgl-glfw-3.3.3-natives-macos.jar:/home/abdenours/.gradle/caches/modules-2/files-2.1/org.lwjgl/lwjgl-glfw/3.3.3/ee8cc78d0a4a5b3b4600fade6d927c9fc320c858/lwjgl-glfw-3.3.3-natives-macos-arm64.jar:/home/abdenours/.gradle/caches/modules-2/files-2.1/org.lwjgl/lwjgl-glfw/3.3.3/e449e28b4891fc423c54c85fbc5bb0b9efece67a/lwjgl-glfw-3.3.3-natives-windows.jar:/home/abdenours/.gradle/caches/modules-2/files-2.1/org.lwjgl/lwjgl-glfw/3.3.3/32334f3fd5270a59bad9939a93115acb6de36dcf/lwjgl-glfw-3.3.3-natives-windows-x86.jar:/home/abdenours/.gradle/caches/modules-2/files-2.1/org.lwjgl/lwjgl-jemalloc/3.3.3/b543467b7ff3c6920539a88ee602d34098628be5/lwjgl-jemalloc-3.3.3.jar:/home/abdenours/.gradle/caches/modules-2/files-2.1/org.lwjgl/lwjgl-jemalloc/3.3.3/4f86728bf449b1dd61251c4e0ac01df1389cb51e/lwjgl-jemalloc-3.3.3-natives-linux.jar:/home/abdenours/.gradle/caches/modules-2/files-2.1/org.lwjgl/lwjgl-jemalloc/3.3.3/109b6931880d02d4e65ced38928a16e41d19873e/lwjgl-jemalloc-3.3.3-natives-linux-arm32.jar:/home/abdenours/.gradle/caches/modules-2/files-2.1/org.lwjgl/lwjgl-jemalloc/3.3.3/eff8b86798191192fe2cba2dc2776109f30c239d/lwjgl-jemalloc-3.3.3-natives-linux-arm64.jar:/home/abdenours/.gradle/caches/modules-2/files-2.1/org.lwjgl/lwjgl-jemalloc/3.3.3/2906637657a57579847238c9c72d2c4bde7083f8/lwjgl-jemalloc-3.3.3-natives-macos.jar:/home/abdenours/.gradle/caches/modules-2/files-2.1/org.lwjgl/lwjgl-jemalloc/3.3.3/e9412c3ff8cb3a3bad1d3f52909ad74d8a5bdad1/lwjgl-jemalloc-3.3.3-natives-macos-arm64.jar:/home/abdenours/.gradle/caches/modules-2/files-2.1/org.lwjgl/lwjgl-jemalloc/3.3.3/426222fc027602a5f21b9c0fe79cde6a4c7a011f/lwjgl-jemalloc-3.3.3-natives-windows.jar:/home/abdenours/.gradle/caches/modules-2/files-2.1/org.lwjgl/lwjgl-jemalloc/3.3.3/f6063b6e0f23be483c5c88d84ce51b39dc69126c/lwjgl-jemalloc-3.3.3-natives-windows-x86.jar:/home/abdenours/.gradle/caches/modules-2/files-2.1/org.lwjgl/lwjgl-openal/3.3.3/daada81ceb5fc0c291fbfdd4433cb8d9423577f2/lwjgl-openal-3.3.3.jar:/home/abdenours/.gradle/caches/modules-2/files-2.1/org.lwjgl/lwjgl-openal/3.3.3/3037360cc4595079bea240af250b6d1a527e0905/lwjgl-openal-3.3.3-natives-linux.jar:/home/abdenours/.gradle/caches/modules-2/files-2.1/org.lwjgl/lwjgl-openal/3.3.3/e1702aa09d20359d6cf5cb2999fa7685a785eca7/lwjgl-openal-3.3.3-natives-linux-arm32.jar:/home/abdenours/.gradle/caches/modules-2/files-2.1/org.lwjgl/lwjgl-openal/3.3.3/ad8f302118a65bb8d615f8a2a680db58fb8f835e/lwjgl-openal-3.3.3-natives-linux-arm64.jar:/home/abdenours/.gradle/caches/modules-2/files-2.1/org.lwjgl/lwjgl-openal/3.3.3/8df8338bfa77f2ebabef4e58964bd04d24805cbf/lwjgl-openal-3.3.3-natives-macos.jar:/home/abdenours/.gradle/caches/modules-2/files-2.1/org.lwjgl/lwjgl-openal/3.3.3/c78b078de2fb52f45aa55d04db889a560f3544f/lwjgl-openal-3.3.3-natives-macos-arm64.jar:/home/abdenours/.gradle/caches/modules-2/files-2.1/org.lwjgl/lwjgl-openal/3.3.3/cf83862ae95d98496b26915024c7e666d8ab1c8f/lwjgl-openal-3.3.3-natives-windows.jar:/home/abdenours/.gradle/caches/modules-2/files-2.1/org.lwjgl/lwjgl-openal/3.3.3/87b8d5050e3adb46bb58fe1cb2669a4a48fce10d/lwjgl-openal-3.3.3-natives-windows-x86.jar:/home/abdenours/.gradle/caches/modules-2/files-2.1/org.lwjgl/lwjgl-opengl/3.3.3/2f6b0147078396a58979125a4c947664e98293a/lwjgl-opengl-3.3.3.jar:/home/abdenours/.gradle/caches/modules-2/files-2.1/org.lwjgl/lwjgl-opengl/3.3.3/62c70a4b00ca5391882b0f4b787c1588d24f1c86/lwjgl-opengl-3.3.3-natives-linux.jar:/home/abdenours/.gradle/caches/modules-2/files-2.1/org.lwjgl/lwjgl-opengl/3.3.3/dbba17fc5ac0985d14a57c11f9537617d67b9952/lwjgl-opengl-3.3.3-natives-linux-arm32.jar:/home/abdenours/.gradle/caches/modules-2/files-2.1/org.lwjgl/lwjgl-opengl/3.3.3/2096f6b94b2d68745d858fbfe53aacf5f0c8074c/lwjgl-opengl-3.3.3-natives-linux-arm64.jar:/home/abdenours/.gradle/caches/modules-2/files-2.1/org.lwjgl/lwjgl-opengl/3.3.3/1bd45997551ae8a28469f3a2b678f4b7289e12c0/lwjgl-opengl-3.3.3-natives-macos.jar:/home/abdenours/.gradle/caches/modules-2/files-2.1/org.lwjgl/lwjgl-opengl/3.3.3/d213ddef27637b1af87961ffa94d6b27036becc8/lwjgl-opengl-3.3.3-natives-macos-arm64.jar:/home/abdenours/.gradle/caches/modules-2/files-2.1/org.lwjgl/lwjgl-opengl/3.3.3/e6c1eec8be8a71951b830a4d69efc01c6531900c/lwjgl-opengl-3.3.3-natives-windows.jar:/home/abdenours/.gradle/caches/modules-2/files-2.1/org.lwjgl/lwjgl-opengl/3.3.3/d32d833dcaa2f355a886eaf21f0408b5f03241d/lwjgl-opengl-3.3.3-natives-windows-x86.jar:/home/abdenours/.gradle/caches/modules-2/files-2.1/org.lwjgl/lwjgl-stb/3.3.3/25dd6161988d7e65f71d5065c99902402ee32746/lwjgl-stb-3.3.3.jar:/home/abdenours/.gradle/caches/modules-2/files-2.1/org.lwjgl/lwjgl-stb/3.3.3/fd1271ccd9d85eff2fa31f3fd543e02ccfaf5041/lwjgl-stb-3.3.3-natives-linux.jar:/home/abdenours/.gradle/caches/modules-2/files-2.1/org.lwjgl/lwjgl-stb/3.3.3/1ae28ff044699ff29b0e980ffabd73fba8a664b3/lwjgl-stb-3.3.3-natives-linux-arm32.jar:/home/abdenours/.gradle/caches/modules-2/files-2.1/org.lwjgl/lwjgl-stb/3.3.3/ddc177afc2be1ee8d93684b11363b80589a13fe1/lwjgl-stb-3.3.3-natives-linux-arm64.jar:/home/abdenours/.gradle/caches/modules-2/files-2.1/org.lwjgl/lwjgl-stb/3.3.3/472792c98fb2c1557c060cb9da5fca6a9773621f/lwjgl-stb-3.3.3-natives-macos.jar:/home/abdenours/.gradle/caches/modules-2/files-2.1/org.lwjgl/lwjgl-stb/3.3.3/51c6955571fbcdb7bb538c6aa589b953b584c6af/lwjgl-stb-3.3.3-natives-macos-arm64.jar:/home/abdenours/.gradle/caches/modules-2/files-2.1/org.lwjgl/lwjgl-stb/3.3.3/1d9facdf6541de114b0f963be33505b7679c78cb/lwjgl-stb-3.3.3-natives-windows.jar:/home/abdenours/.gradle/caches/modules-2/files-2.1/org.lwjgl/lwjgl-stb/3.3.3/b5c874687b9aac1a936501d4ed2c49567fd1b575/lwjgl-stb-3.3.3-natives-windows-x86.jar:/home/abdenours/.gradle/caches/modules-2/files-2.1/org.lwjgl/lwjgl-opengles/3.3.3/b3a29ff95bdb320122839741a3723338e6ecfa28/lwjgl-opengles-3.3.3.jar:/home/abdenours/.gradle/caches/modules-2/files-2.1/org.lwjgl/lwjgl-opengles/3.3.3/d59211c8746d50cfb610bd38f8d817a94fbdf013/lwjgl-opengles-3.3.3-natives-linux.jar:/home/abdenours/.gradle/caches/modules-2/files-2.1/org.lwjgl/lwjgl-opengles/3.3.3/8b0c02692d6f869dee1060f290fd157f05dfa999/lwjgl-opengles-3.3.3-natives-linux-arm32.jar:/home/abdenours/.gradle/caches/modules-2/files-2.1/org.lwjgl/lwjgl-opengles/3.3.3/af05595560d4ae6117242ca051e5ae4f27aea9e3/lwjgl-opengles-3.3.3-natives-linux-arm64.jar:/home/abdenours/.gradle/caches/modules-2/files-2.1/org.lwjgl/lwjgl-opengles/3.3.3/d6a20b1f204e48989d994923f4f5131c55424844/lwjgl-opengles-3.3.3-natives-macos.jar:/home/abdenours/.gradle/caches/modules-2/files-2.1/org.lwjgl/lwjgl-opengles/3.3.3/5aeb20635f6d20f2f7f69fe9c05cab831e574b8c/lwjgl-opengles-3.3.3-natives-macos-arm64.jar:/home/abdenours/.gradle/caches/modules-2/files-2.1/org.lwjgl/lwjgl-opengles/3.3.3/22939720fc2737b419dd52db84b8c56bcfab3aac/lwjgl-opengles-3.3.3-natives-windows.jar:/home/abdenours/.gradle/caches/modules-2/files-2.1/org.lwjgl/lwjgl-opengles/3.3.3/331b739ab66790449888e553052ecb051f37ad3f/lwjgl-opengles-3.3.3-natives-windows-x86.jar:/home/abdenours/.gradle/caches/modules-2/files-2.1/org.lwjgl/lwjgl-egl/3.3.3/2f0d613e3f769577548f08b11ae9b7571980aeb1/lwjgl-egl-3.3.3.jar:/home/abdenours/.gradle/caches/modules-2/files-2.1/org.lwjgl/lwjgl/3.3.3/29589b5f87ed335a6c7e7ee6a5775f81f97ecb84/lwjgl-3.3.3.jar:/home/abdenours/.gradle/caches/modules-2/files-2.1/org.lwjgl/lwjgl/3.3.3/1713758e3660ba66e1e954396fd18126038b33c0/lwjgl-3.3.3-natives-linux.jar:/home/abdenours/.gradle/caches/modules-2/files-2.1/org.lwjgl/lwjgl/3.3.3/2075c51a80f0ef0f22ba616ba54007ac2b0debd4/lwjgl-3.3.3-natives-linux-arm32.jar:/home/abdenours/.gradle/caches/modules-2/files-2.1/org.lwjgl/lwjgl/3.3.3/f35d8b6ffe1ac1e3a5eb1d4e33de80f044ad5fd8/lwjgl-3.3.3-natives-linux-arm64.jar:/home/abdenours/.gradle/caches/modules-2/files-2.1/org.lwjgl/lwjgl/3.3.3/33a6efa288390490ce6eb6c3df47ac21ecf648cf/lwjgl-3.3.3-natives-macos.jar:/home/abdenours/.gradle/caches/modules-2/files-2.1/org.lwjgl/lwjgl/3.3.3/226246e75f6bd8d4e1895bdce8638ef87808d114/lwjgl-3.3.3-natives-macos-arm64.jar:/home/abdenours/.gradle/caches/modules-2/files-2.1/org.lwjgl/lwjgl/3.3.3/a5ed18a2b82fc91b81f40d717cb1f64c9dcb0540/lwjgl-3.3.3-natives-windows.jar:/home/abdenours/.gradle/caches/modules-2/files-2.1/org.lwjgl/lwjgl/3.3.3/9e670718e050aeaeea0c2d5b907cffb142f2e58f/lwjgl-3.3.3-natives-windows-x86.jar:/home/abdenours/.gradle/caches/modules-2/files-2.1/com.badlogicgames.jlayer/jlayer/1.0.1-gdx/7cca83cec5c1b2f011362f4d85aabd71a73b049d/jlayer-1.0.1-gdx.jar:/home/abdenours/.gradle/caches/modules-2/files-2.1/org.jcraft/jorbis/0.0.17/8872d22b293e8f5d7d56ff92be966e6dc28ebdc6/jorbis-0.0.17.jar:/home/abdenours/.gradle/caches/modules-2/files-2.1/com.badlogicgames.gdx/gdx-jnigen-loader/2.5.2/f35e90affe07c46b4f5e5958a1a4c1820c4890e2/gdx-jnigen-loader-2.5.2.jar
Launcher Type: SUN_STANDARD

[Global flags]
     intx CICompilerCount                          = 4                                         {product} {ergonomic}
     uint ConcGCThreads                            = 2                                         {product} {ergonomic}
     uint G1ConcRefinementThreads                  = 8                                         {product} {ergonomic}
   size_t G1HeapRegionSize                         = 1048576                                   {product} {ergonomic}
   size_t InitialHeapSize                          = 127926272                                 {product} {ergonomic}
   size_t MarkStackSize                            = 4194304                                   {product} {ergonomic}
   size_t MarkStackSizeMax                         = 536870912                                 {product} {ergonomic}
   size_t MaxHeapSize                              = 2025848832                                {product} {ergonomic}
   size_t MaxNewSize                               = 1215299584                                {product} {ergonomic}
   size_t MinHeapDeltaBytes                        = 1048576                                   {product} {ergonomic}
   size_t MinHeapSize                              = 8388608                                   {product} {ergonomic}
    uintx NonNMethodCodeHeapSize                   = 5836800                                {pd product} {ergonomic}
    uintx NonProfiledCodeHeapSize                  = 122912768                              {pd product} {ergonomic}
    uintx ProfiledCodeHeapSize                     = 122908672                              {pd product} {ergonomic}
    uintx ReservedCodeCacheSize                    = 251658240                              {pd product} {ergonomic}
     bool SegmentedCodeCache                       = true                                      {product} {ergonomic}
   size_t SoftMaxHeapSize                          = 2025848832                             {manageable} {ergonomic}
     bool UseCompressedOops                        = true                           {product lp64_product} {ergonomic}
     bool UseG1GC                                  = true                                      {product} {ergonomic}

Logging:
Log output configuration:
 #0: 
[error occurred during error reporting (printing log configuration), id 0xb, SIGSEGV (0xb) at pc=0x00007a50f62bc573]
Release file:
IMPLEMENTOR="Oracle Corporation"
JAVA_RUNTIME_VERSION="25+37-LTS-3491"
JAVA_VERSION="25"
JAVA_VERSION_DATE="2025-09-16"
LIBC="gnu"
MODULES="java.base java.compiler java.datatransfer java.xml java.prefs java.desktop java.instrument java.logging java.management java.security.sasl java.naming java.rmi java.management.rmi java.net.http java.scripting java.security.jgss java.transaction.xa java.sql java.sql.rowset java.xml.crypto java.se java.smartcardio jdk.accessibility jdk.internal.jvmstat jdk.attach jdk.charsets jdk.internal.opt jdk.zipfs jdk.compiler jdk.crypto.cryptoki jdk.crypto.ec jdk.dynalink jdk.internal.ed jdk.editpad jdk.internal.vm.ci jdk.graal.compiler jdk.graal.compiler.management jdk.hotspot.agent jdk.httpserver jdk.incubator.vector jdk.internal.le jdk.internal.md jdk.jartool jdk.javadoc jdk.jcmd jdk.management jdk.management.agent jdk.jconsole jdk.jdeps jdk.jdwp.agent jdk.jdi jdk.jfr jdk.jlink jdk.jpackage jdk.jshell jdk.jsobject jdk.jstatd jdk.localedata jdk.management.jfr jdk.naming.dns jdk.naming.rmi jdk.net jdk.nio.mapmode jdk.sctp jdk.security.auth jdk.security.jgss jdk.unsupported jdk.unsupported.desktop jdk.xml.dom"
OS_ARCH="x86_64"
OS_NAME="Linux"
SOURCE=".:git:49d6a23b8806 open:git:6c48f4ed707b"

Environment Variables:
PATH=/usr/local/bin:/usr/bin:/bin:/usr/local/sbin:/usr/lib/jvm/default/bin:/usr/bin/site_perl:/usr/bin/vendor_perl:/usr/bin/core_perl
XDG_CACHE_HOME=/home/abdenours/.cache
XDG_CONFIG_HOME=/home/abdenours/.config
SHELL=/bin/bash
DISPLAY=:0.0
LANG=en_US.UTF-8
LC_NUMERIC=fr_FR.UTF-8
LC_TIME=fr_FR.UTF-8

Active Locale:
LC_ALL=LC_CTYPE=en_US.UTF-8;LC_NUMERIC=fr_FR.UTF-8;LC_TIME=fr_FR.UTF-8;LC_COLLATE=en_US.UTF-8;LC_MONETARY=fr_FR.UTF-8;LC_MESSAGES=en_US.UTF-8;LC_PAPER=fr_FR.UTF-8;LC_NAME=fr_FR.UTF-8;LC_ADDRESS=fr_FR.UTF-8;LC_TELEPHONE=fr_FR.UTF-8;LC_MEASUREMENT=fr_FR.UTF-8;LC_IDENTIFICATION=fr_FR.UTF-8
LC_COLLATE=en_US.UTF-8
LC_CTYPE=en_US.UTF-8
LC_MESSAGES=en_US.UTF-8
LC_MONETARY=fr_FR.UTF-8
LC_NUMERIC=fr_FR.UTF-8
LC_TIME=fr_FR.UTF-8

Signal Handlers:
   SIGSEGV: crash_handler in libjvm.so, mask=11100100010111111101111111111110, flags=SA_RESTART|SA_SIGINFO, unblocked
    SIGBUS: crash_handler in libjvm.so, mask=11100100010111111101111111111110, flags=SA_RESTART|SA_SIGINFO, unblocked
    SIGFPE: crash_handler in libjvm.so, mask=11100100010111111101111111111110, flags=SA_RESTART|SA_SIGINFO, unblocked
   SIGPIPE: javaSignalHandler in libjvm.so, mask=11100100010111111101111111111110, flags=SA_RESTART|SA_SIGINFO, blocked
   SIGXFSZ: javaSignalHandler in libjvm.so, mask=11100100010111111101111111111110, flags=SA_RESTART|SA_SIGINFO, blocked
    SIGILL: crash_handler in libjvm.so, mask=11100100010111111101111111111110, flags=SA_RESTART|SA_SIGINFO, unblocked
   SIGUSR2: SR_handler in libjvm.so, mask=00100000000000000000000000000000, flags=SA_RESTART|SA_SIGINFO, blocked
    SIGHUP: UserHandler in libjvm.so, mask=11100100010111111101111111111110, flags=SA_RESTART|SA_SIGINFO, blocked
    SIGINT: UserHandler in libjvm.so, mask=11100100010111111101111111111110, flags=SA_RESTART|SA_SIGINFO, blocked
   SIGTERM: UserHandler in libjvm.so, mask=11100100010111111101111111111110, flags=SA_RESTART|SA_SIGINFO, blocked
   SIGQUIT: UserHandler in libjvm.so, mask=11100100010111111101111111111110, flags=SA_RESTART|SA_SIGINFO, blocked
   SIGTRAP: crash_handler in libjvm.so, mask=11100100010111111101111111111110, flags=SA_RESTART|SA_SIGINFO, unblocked


Compilation memory statistics disabled.

Periodic native trim disabled

---------------  S Y S T E M  ---------------

OS:
DISTRIB_ID=Garuda
DISTRIB_RELEASE=Soaring
DISTRIB_DESCRIPTION="Garuda Linux Broadwing"
DISTRIB_CODENAME="Broadwing"
uname: Linux 6.12.63-1-lts #1 SMP PREEMPT_DYNAMIC Thu, 18 Dec 2025 14:48:15 +0000 x86_64
OS uptime: 1 days 1:57 hours
libc: glibc 2.42 NPTL 2.42 
rlimit (soft/hard): STACK 8192k/infinity , CORE infinity/infinity , NPROC 1048576/1048576 , NOFILE 1048576/1048576 , AS infinity/infinity , CPU infinity/infinity , DATA infinity/infinity , FSIZE infinity/infinity , MEMLOCK 8192k/8192k
load average: 3,01 2,33 1,88

/proc/meminfo:
MemTotal:        7908964 kB
MemFree:          206828 kB
MemAvailable:     890768 kB
Buffers:              12 kB
Cached:          1052148 kB
SwapCached:        12392 kB
Active:          5159568 kB
Inactive:        1427296 kB
Active(anon):    4722860 kB
Inactive(anon):   984192 kB
Active(file):     436708 kB
Inactive(file):   443104 kB
Unevictable:       53032 kB
Mlocked:             264 kB
SwapTotal:      15848440 kB
SwapFree:       14071984 kB
Zswap:                 0 kB
Zswapped:              0 kB
Dirty:             17368 kB
Writeback:             0 kB
AnonPages:       5585400 kB
Mapped:           428748 kB
Shmem:            172388 kB
KReclaimable:      64196 kB
Slab:             219928 kB
SReclaimable:      64196 kB
SUnreclaim:       155732 kB
KernelStack:       15696 kB
PageTables:        53240 kB
SecPageTables:      2056 kB
NFS_Unstable:          0 kB
Bounce:                0 kB
WritebackTmp:          0 kB
CommitLimit:    19802920 kB
Committed_AS:   17714580 kB
VmallocTotal:   34359738367 kB
VmallocUsed:      274100 kB
VmallocChunk:          0 kB
Percpu:             5216 kB
HardwareCorrupted:     0 kB
AnonHugePages:   1910784 kB
ShmemHugePages:    16384 kB
ShmemPmdMapped:        0 kB
FileHugePages:     90112 kB
FilePmdMapped:     90112 kB
CmaTotal:              0 kB
CmaFree:               0 kB
Unaccepted:            0 kB
HugePages_Total:       0
HugePages_Free:        0
HugePages_Rsvd:        0
HugePages_Surp:        0
Hugepagesize:       2048 kB
Hugetlb:               0 kB
DirectMap4k:      530576 kB
DirectMap2M:     6586368 kB
DirectMap1G:     1048576 kB

/sys/kernel/mm/transparent_hugepage/enabled: [always] madvise never
/sys/kernel/mm/transparent_hugepage/hpage_pmd_size: 2097152
/sys/kernel/mm/transparent_hugepage/shmem_enabled: always within_size advise [never] deny force
/sys/kernel/mm/transparent_hugepage/defrag (defrag/compaction efforts parameter): always defer defer+madvise [madvise] never

Process Memory:
Virtual Size: 5906288K (peak: 5906288K)
Resident Set Size: 222652K (peak: 222652K) (anon: 101988K, file: 117340K, shmem: 3324K)
Swapped out: 0K
C-Heap outstanding allocations: 58773K, retained: 5170K
glibc malloc tunables: (default)

/proc/sys/kernel/threads-max (system-wide limit on the number of threads): 59944
/proc/sys/vm/max_map_count (maximum number of memory map areas a process may have): 1048576
/proc/sys/vm/swappiness (control to define how aggressively the kernel swaps out anonymous memory): 133
/proc/sys/kernel/pid_max (system-wide limit on number of process identifiers): 4194304

container information not found.
Steal ticks since vm start: 0
Steal ticks percentage since vm start:  0,000

CPU: total 8 (initial active 8) (4 cores per cpu, 2 threads per core) family 6 model 126 stepping 5 microcode 0xca, cx8, cmov, fxsr, ht, mmx, 3dnowpref, sse, sse2, sse3, ssse3, sse4.1, sse4.2, popcnt, lzcnt, tsc, tscinvbit, avx, avx2, aes, erms, clmul, bmi1, bmi2, adx, avx512f, avx512dq, avx512cd, avx512bw, avx512vl, sha, fma, vzeroupper, avx512_vpopcntdq, avx512_vpclmulqdq, avx512_vaes, avx512_vnni, clflush, clflushopt, avx512_vbmi2, avx512_vbmi, rdtscp, rdpid, fsrm, gfni, avx512_bitalg, f16c, pku, ospke, avx512_ifma
CPU Model and flags from /proc/cpuinfo:
model name	: Intel(R) Core(TM) i7-1065G7 CPU @ 1.30GHz
flags		: fpu vme de pse tsc msr pae mce cx8 apic sep mtrr pge mca cmov pat pse36 clflush dts acpi mmx fxsr sse sse2 ss ht tm pbe syscall nx pdpe1gb rdtscp lm constant_tsc art arch_perfmon pebs bts rep_good nopl xtopology nonstop_tsc cpuid aperfmperf tsc_known_freq pni pclmulqdq dtes64 monitor ds_cpl vmx est tm2 ssse3 sdbg fma cx16 xtpr pdcm pcid sse4_1 sse4_2 x2apic movbe popcnt tsc_deadline_timer aes xsave avx f16c rdrand lahf_lm abm 3dnowprefetch cpuid_fault epb ssbd ibrs ibpb stibp ibrs_enhanced tpr_shadow flexpriority ept vpid ept_ad fsgsbase tsc_adjust bmi1 avx2 smep bmi2 erms invpcid avx512f avx512dq rdseed adx smap avx512ifma clflushopt intel_pt avx512cd sha_ni avx512bw avx512vl xsaveopt xsavec xgetbv1 xsaves split_lock_detect dtherm ida arat pln pts hwp hwp_notify hwp_act_window hwp_epp hwp_pkg_req vnmi avx512vbmi umip pku ospke avx512_vbmi2 gfni vaes vpclmulqdq avx512_vnni avx512_bitalg avx512_vpopcntdq rdpid fsrm md_clear flush_l1d arch_capabilities

Online cpus: 0-7
Offline cpus: 
BIOS frequency limitation: <Not Available>
Frequency switch latency (ns): 0
Available cpu frequencies: <Not Available>
Current governor: powersave
Core performance/turbo boost: <Not Available>

Memory: 4k page, physical 7908964k(890768k free), swap 15848440k(14071984k free)
Page Sizes: 4k

vm_info: Java HotSpot(TM) 64-Bit Server VM (25+37-LTS-3491) for linux-amd64 JRE (25+37-LTS-3491), built on 2025-08-14T21:13:00Z with gcc 14.2.0

END.
