#
# A fatal error has been detected by the Java Runtime Environment:
#
#  SIGSEGV (0xb) at pc=0x00007ccff40fa60e, pid=181684, tid=181725
#
# JRE version: Java(TM) SE Runtime Environment (25.0+37) (build 25+37-LTS-3491)
# Java VM: Java HotSpot(TM) 64-Bit Server VM (25+37-LTS-3491, mixed mode, sharing, tiered, compressed oops, compressed class ptrs, g1 gc, linux-amd64)
# Problematic frame:
# C  [libEGL_nvidia.so.0+0xb660e]
#
# Core dump will be written. Default location: Core dumps may be processed with "/usr/lib/systemd/systemd-coredump %P %u %g %s %t %c %h %d %F" (or dumping to /home/abdenours/Desktop/friend_graphics_test/core.181684)
#
# If you would like to submit a bug report, please visit:
#   https://bugreport.java.com/bugreport/crash.jsp
#

---------------  S U M M A R Y ------------

Command Line: -Dfile.encoding=UTF-8 -Duser.country=US -Duser.language=en -Duser.variant com.mygdx.game.lwjgl3.Lwjgl3Launcher

Host: Intel(R) Core(TM) i7-1065G7 CPU @ 1.30GHz, 8 cores, 7G, Garuda Linux Broadwing
Time: Wed Dec 31 19:41:43 2025 CET elapsed time: 249.568601 seconds (0d 0h 4m 9s)

---------------  T H R E A D  ---------------

Current thread is native thread

Stack: [0x00007ccff53fc000,0x00007ccff5bfc000],  sp=0x00007ccff5bfae10,  free space=8187k
Native frames: (J=compiled Java code, j=interpreted, Vv=VM code, C=native code)
C  [libEGL_nvidia.so.0+0xb660e]

siginfo: si_signo: 11 (SIGSEGV), si_code: 1 (SEGV_MAPERR), si_addr: 0x0000000000000040

Registers:
RAX=0x0000000000000000, RBX=0x00007ccfdd3fef80, RCX=0x0000000000000001, RDX=0x00007ccfdf57d7dc
RSP=0x00007ccff5bfae10, RBP=0x00007ccfdcade040, RSI=0x00007ccff40ed840, RDI=0x00007ccff41864a8
R8 =0x0000000000000001, R9 =0x00000000023f887c, R10=0x0000000000000000, R11=0x00007cd06219c080
R12=0x00007ccfdf582a60, R13=0x00007ccfdcade040, R14=0x00007ccfdd3ff380, R15=0x0000000000000000
RIP=0x00007ccff40fa60e, EFLAGS=0x0000000000010206, CSGSFS=0x002b000000000033, ERR=0x0000000000000004
  TRAPNO=0x000000000000000e

XMM[0]=0x0000000000000000 0x000000004d6d1bc6
XMM[1]=0x0000000000000000 0x0007000700070007
XMM[2]=0x00007cd062010740 0x00007cd061f978e0
XMM[3]=0x00007cd061f96fe0 0x00007cd061f969e0
XMM[4]=0x0000000000000000 0x00007cd05c000090
XMM[5]=0x0000000000000000 0x0000000000000000
XMM[6]=0x0000000000000000 0x0000000000000000
XMM[7]=0x0000000000000000 0x0000000000000000
XMM[8]=0x00007ccfdda089f0 0x00007ccfdda089e0
XMM[9]=0x0000000000000001 0x0000000000000001
XMM[10]=0x0000000000000002 0x0000000000000002
XMM[11]=0xffffffffffffffff 0xffffffffffffffff
XMM[12]=0x0000000000000001 0x0000000000000001
XMM[13]=0x0000000000000000 0x00007cd05c65f180
XMM[14]=0x0000000000000000 0x00007cd05c65f170
XMM[15]=0x0000000000000000 0x00007cd05c65f160
  MXCSR=0x00001fa2


Top of Stack: (sp=0x00007ccff5bfae10)
0x00007ccff5bfae10:   00007ccfdf57f8c0 00007ccfdde10fda   ..W..|.......|..
0x00007ccff5bfae20:   00007ccfdf57f8c0 00007ccfddc3729f   ..W..|...r...|..
0x00007ccff5bfae30:   00007cd05c9c6680 00007ccfdf52bcc0   .f.\.|....R..|..
0x00007ccff5bfae40:   00007ccff5bfb6c0 00017ccf00000000   .....|.......|..
0x00007ccff5bfae50:   00007cd05c9c4d50 00007ccfdd3ff380   PM.\.|....?..|..
0x00007ccff5bfae60:   00007ccfdde12480 00007ccff5bfb6c0   .$...|.......|..
0x00007ccff5bfae70:   00007cd061dfba00 00007ccff5bfbce4   ...a.|.......|..
0x00007ccff5bfae80:   00007cd061dfbb07 00007ccfdde1345a   ...a.|..Z4...|..
0x00007ccff5bfae90:   00007ccff5bfb6c0 00007ccff5bfb6c0   .....|.......|..
0x00007ccff5bfaea0:   00007ccff5bfaf70 00007cd061e9698b   p....|...i.a.|..
0x00007ccff5bfaeb0:   0000000000801000 00007ccff53fb000   ..........?..|..
0x00007ccff5bfaec0:   0000000000000000 0000008000000000   ................
0x00007ccff5bfaed0:   ffffffffffffff40 0000000000000000   @...............
0x00007ccff5bfaee0:   0000000000000020 00007ccff5bfb6c0    ............|..
0x00007ccff5bfaef0:   00007ccff5bfb6c0 aea7b407a1338bf3   .....|....3.....
0x00007ccff5bfaf00:   00007ccff5bfb6c0 00007cd061dfba00   .....|.....a.|..
0x00007ccff5bfaf10:   0000000000000000 00007cd061dfbb07   ...........a.|..
0x00007ccff5bfaf20:   aea7b407a2b38bf3 ae989caa30eb8bf3   ...........0....
0x00007ccff5bfaf30:   0000000000000000 0000000000000000   ................
0x00007ccff5bfaf40:   0000000000000000 0000000000000000   ................
0x00007ccff5bfaf50:   0000000000000000 c29d957267bb4100   .........A.gr...
0x00007ccff5bfaf60:   00007cd061e966a0 0000000000000000   .f.a.|..........
0x00007ccff5bfaf70:   0000000000000000 00007cd061f1a9cc   ...........a.|..
0x00007ccff5bfaf80:   0000000000000000 0000000000000000   ................
0x00007ccff5bfaf90:   0000000000000000 0000000000000000   ................
0x00007ccff5bfafa0:   0000000000000000 0000000000000000   ................
0x00007ccff5bfafb0:   0000000000000000 0000000000000000   ................
0x00007ccff5bfafc0:   0000000000000000 0000000000000000   ................
0x00007ccff5bfafd0:   0000000000000000 0000000000000000   ................
0x00007ccff5bfafe0:   0000000000000000 0000000000000000   ................
0x00007ccff5bfaff0:   0000000000000000 0000000000000000   ................
0x00007ccff5bfb000:   0000000000000000 0000000000000000   ................

Instructions: (pc=0x00007ccff40fa60e)
  0x00007ccff40fa50e:   4c 24 08 48 85 c0 48 89 c2 74 61 48 89 08 49 8b
  0x00007ccff40fa51e:   44 24 40 48 83 c2 08 48 85 c0 74 41 41 8b 4c 24
  0x00007ccff40fa52e:   34 31 c0 85 c9 74 19 49 8b 74 24 40 89 c1 83 c0
  0x00007ccff40fa53e:   01 48 8b 34 ce 48 89 34 ca 41 39 44 24 34 77 e7
  0x00007ccff40fa54e:   49 8b 44 24 40 48 85 c0 74 13 48 8d 78 f8 48 89
  0x00007ccff40fa55e:   54 24 08 e8 1a a8 00 00 48 8b 54 24 08 45 89 7c
  0x00007ccff40fa56e:   24 34 49 89 54 24 40 e9 9a fe ff ff 45 8b 74 24
  0x00007ccff40fa57e:   34 e9 90 fe ff ff 66 2e 0f 1f 84 00 00 00 00 00
  0x00007ccff40fa58e:   66 90 48 8b 07 48 39 f0 74 58 55 48 89 fd 53 48
  0x00007ccff40fa59e:   89 f3 48 83 ec 08 48 85 c0 74 15 48 8d 78 08 ff
  0x00007ccff40fa5ae:   50 18 85 c0 75 0a 48 8b 7d 00 48 8b 07 ff 50 08
  0x00007ccff40fa5be:   48 89 5d 00 48 85 db 74 19 48 8b 43 10 48 83 c4
  0x00007ccff40fa5ce:   08 48 8d 7b 08 5b 5d ff e0 66 0f 1f 84 00 00 00
  0x00007ccff40fa5de:   00 00 48 83 c4 08 5b 5d c3 66 0f 1f 84 00 00 00
  0x00007ccff40fa5ee:   00 00 c3 66 66 2e 0f 1f 84 00 00 00 00 00 0f 1f
  0x00007ccff40fa5fe:   40 00 48 83 ec 08 bf 01 00 00 00 e8 62 4a ff ff
=>0x00007ccff40fa60e:   8b 70 40 48 8d 78 30 48 83 c4 08 e9 62 68 f8 ff
  0x00007ccff40fa61e:   66 90 48 83 ec 18 48 8b 87 b0 04 00 00 ba 04 00
  0x00007ccff40fa62e:   00 00 be 01 00 00 00 48 8d 4c 24 0c bf 01 00 00
  0x00007ccff40fa63e:   00 ff 90 d8 00 00 00 48 83 c4 18 c3 66 0f 1f 44
  0x00007ccff40fa64e:   00 00 49 89 fa 41 89 d1 40 0f b6 fe 89 ca 49 8b
  0x00007ccff40fa65e:   82 b0 04 00 00 4c 89 c1 44 89 ce 48 8b 80 d8 00
  0x00007ccff40fa66e:   00 00 ff e0 66 66 2e 0f 1f 84 00 00 00 00 00 0f
  0x00007ccff40fa67e:   1f 00 55 40 0f b6 f6 53 48 89 fb 48 83 ec 08 48
  0x00007ccff40fa68e:   8b af b0 04 00 00 e8 b7 ff ff ff ff 95 00 01 00
  0x00007ccff40fa69e:   00 8b 10 89 53 28 48 83 c4 08 5b 5d c3 0f 1f 44
  0x00007ccff40fa6ae:   00 00 41 57 41 56 49 89 fe bf 01 00 00 00 41 55
  0x00007ccff40fa6be:   49 89 f5 41 54 55 53 48 83 ec 58 48 89 14 24 e8
  0x00007ccff40fa6ce:   9e 49 ff ff 48 c7 44 24 18 00 00 00 00 83 b8 a0
  0x00007ccff40fa6de:   04 00 00 03 4c 8b b8 b0 04 00 00 48 89 c3 44 8b
  0x00007ccff40fa6ee:   60 38 0f 84 02 01 00 00 48 8d 4c 24 20 48 8d 70
  0x00007ccff40fa6fe:   30 ba 01 00 00 00 48 89 cf 48 89 4c 24 08 e8 7f



---------------  P R O C E S S  ---------------

VM state: at safepoint (shutting down)

VM Mutex/Monitor currently owned by a thread:  ([mutex/lock_event])
[0x00007cd061c373a8] ThreadsLockThrottle_lock - owner thread: 0x00007cd05c11bcc0
[0x00007cd061c370a8] Threads_lock - owner thread: 0x00007cd05c10e300
[0x00007cd061c36f28] Heap_lock - owner thread: 0x00007cd0140090a0

Heap address: 0x0000000087400000, size: 1932 MB, Compressed Oops mode: 32-bit

CDS archive(s) mapped at: [0x0000000032000000-0x0000000032d92000-0x0000000032d92000), size 14229504, SharedBaseAddress: 0x0000000032000000, ArchiveRelocationMode: 1.
Compressed class space mapped at: 0x0000000033000000-0x0000000073000000, reserved size: 1073741824
UseCompressedClassPointers 1, UseCompactObjectHeaders 0
Narrow klass pointer bits 32, Max shift 3
Narrow klass base: 0x0000000032000000, Narrow klass shift: 0
Encoding Range: [0x0000000032000000 - 0x0000000132000000), (4294967296 bytes)
Klass Range:    [0x0000000032001000 - 0x0000000073000000), (1090514944 bytes)
Klass ID Range:  [4096 - 1090519033) (1090514937)
Protection zone: [0x0000000032000000 - 0x0000000032001000), (4096 bytes)

GC Precious Log:
<Skipped>

Heap:
 garbage-first heap   total reserved 1978368K, committed 126976K, used 22663K [0x0000000087400000, 0x0000000100000000)
  region size 1024K, 22 young (22528K), 0 survivors (0K)

Heap Regions: E=young(eden), S=young(survivor), O=old, HS=humongous(starts), HC=humongous(continues), CS=collection set, F=free, TAMS=top-at-mark-start, PB=parsable bottom
|   0|0x0000000087400000, 0x0000000087400000, 0x0000000087500000|  0%| F|  |TAMS 0x0000000087400000| PB 0x0000000087400000| Untracked |  0
|   1|0x0000000087500000, 0x0000000087500000, 0x0000000087600000|  0%| F|  |TAMS 0x0000000087500000| PB 0x0000000087500000| Untracked |  0
|   2|0x0000000087600000, 0x0000000087600000, 0x0000000087700000|  0%| F|  |TAMS 0x0000000087600000| PB 0x0000000087600000| Untracked |  0
|   3|0x0000000087700000, 0x0000000087700000, 0x0000000087800000|  0%| F|  |TAMS 0x0000000087700000| PB 0x0000000087700000| Untracked |  0
|   4|0x0000000087800000, 0x0000000087800000, 0x0000000087900000|  0%| F|  |TAMS 0x0000000087800000| PB 0x0000000087800000| Untracked |  0
|   5|0x0000000087900000, 0x0000000087900000, 0x0000000087a00000|  0%| F|  |TAMS 0x0000000087900000| PB 0x0000000087900000| Untracked |  0
|   6|0x0000000087a00000, 0x0000000087a00000, 0x0000000087b00000|  0%| F|  |TAMS 0x0000000087a00000| PB 0x0000000087a00000| Untracked |  0
|   7|0x0000000087b00000, 0x0000000087b00000, 0x0000000087c00000|  0%| F|  |TAMS 0x0000000087b00000| PB 0x0000000087b00000| Untracked |  0
|   8|0x0000000087c00000, 0x0000000087c00000, 0x0000000087d00000|  0%| F|  |TAMS 0x0000000087c00000| PB 0x0000000087c00000| Untracked |  0
|   9|0x0000000087d00000, 0x0000000087d00000, 0x0000000087e00000|  0%| F|  |TAMS 0x0000000087d00000| PB 0x0000000087d00000| Untracked |  0
|  10|0x0000000087e00000, 0x0000000087e00000, 0x0000000087f00000|  0%| F|  |TAMS 0x0000000087e00000| PB 0x0000000087e00000| Untracked |  0
|  11|0x0000000087f00000, 0x0000000087f00000, 0x0000000088000000|  0%| F|  |TAMS 0x0000000087f00000| PB 0x0000000087f00000| Untracked |  0
|  12|0x0000000088000000, 0x0000000088000000, 0x0000000088100000|  0%| F|  |TAMS 0x0000000088000000| PB 0x0000000088000000| Untracked |  0
|  13|0x0000000088100000, 0x0000000088100000, 0x0000000088200000|  0%| F|  |TAMS 0x0000000088100000| PB 0x0000000088100000| Untracked |  0
|  14|0x0000000088200000, 0x0000000088200000, 0x0000000088300000|  0%| F|  |TAMS 0x0000000088200000| PB 0x0000000088200000| Untracked |  0
|  15|0x0000000088300000, 0x0000000088300000, 0x0000000088400000|  0%| F|  |TAMS 0x0000000088300000| PB 0x0000000088300000| Untracked |  0
|  16|0x0000000088400000, 0x0000000088400000, 0x0000000088500000|  0%| F|  |TAMS 0x0000000088400000| PB 0x0000000088400000| Untracked |  0
|  17|0x0000000088500000, 0x0000000088500000, 0x0000000088600000|  0%| F|  |TAMS 0x0000000088500000| PB 0x0000000088500000| Untracked |  0
|  18|0x0000000088600000, 0x0000000088600000, 0x0000000088700000|  0%| F|  |TAMS 0x0000000088600000| PB 0x0000000088600000| Untracked |  0
|  19|0x0000000088700000, 0x0000000088700000, 0x0000000088800000|  0%| F|  |TAMS 0x0000000088700000| PB 0x0000000088700000| Untracked |  0
|  20|0x0000000088800000, 0x0000000088800000, 0x0000000088900000|  0%| F|  |TAMS 0x0000000088800000| PB 0x0000000088800000| Untracked |  0
|  21|0x0000000088900000, 0x0000000088900000, 0x0000000088a00000|  0%| F|  |TAMS 0x0000000088900000| PB 0x0000000088900000| Untracked |  0
|  22|0x0000000088a00000, 0x0000000088a00000, 0x0000000088b00000|  0%| F|  |TAMS 0x0000000088a00000| PB 0x0000000088a00000| Untracked |  0
|  23|0x0000000088b00000, 0x0000000088b00000, 0x0000000088c00000|  0%| F|  |TAMS 0x0000000088b00000| PB 0x0000000088b00000| Untracked |  0
|  24|0x0000000088c00000, 0x0000000088c00000, 0x0000000088d00000|  0%| F|  |TAMS 0x0000000088c00000| PB 0x0000000088c00000| Untracked |  0
|  25|0x0000000088d00000, 0x0000000088d00000, 0x0000000088e00000|  0%| F|  |TAMS 0x0000000088d00000| PB 0x0000000088d00000| Untracked |  0
|  26|0x0000000088e00000, 0x0000000088e00000, 0x0000000088f00000|  0%| F|  |TAMS 0x0000000088e00000| PB 0x0000000088e00000| Untracked |  0
|  27|0x0000000088f00000, 0x0000000088f00000, 0x0000000089000000|  0%| F|  |TAMS 0x0000000088f00000| PB 0x0000000088f00000| Untracked |  0
|  28|0x0000000089000000, 0x0000000089000000, 0x0000000089100000|  0%| F|  |TAMS 0x0000000089000000| PB 0x0000000089000000| Untracked |  0
|  29|0x0000000089100000, 0x0000000089100000, 0x0000000089200000|  0%| F|  |TAMS 0x0000000089100000| PB 0x0000000089100000| Untracked |  0
|  30|0x0000000089200000, 0x0000000089200000, 0x0000000089300000|  0%| F|  |TAMS 0x0000000089200000| PB 0x0000000089200000| Untracked |  0
|  31|0x0000000089300000, 0x0000000089300000, 0x0000000089400000|  0%| F|  |TAMS 0x0000000089300000| PB 0x0000000089300000| Untracked |  0
|  32|0x0000000089400000, 0x0000000089400000, 0x0000000089500000|  0%| F|  |TAMS 0x0000000089400000| PB 0x0000000089400000| Untracked |  0
|  33|0x0000000089500000, 0x0000000089500000, 0x0000000089600000|  0%| F|  |TAMS 0x0000000089500000| PB 0x0000000089500000| Untracked |  0
|  34|0x0000000089600000, 0x0000000089600000, 0x0000000089700000|  0%| F|  |TAMS 0x0000000089600000| PB 0x0000000089600000| Untracked |  0
|  35|0x0000000089700000, 0x0000000089700000, 0x0000000089800000|  0%| F|  |TAMS 0x0000000089700000| PB 0x0000000089700000| Untracked |  0
|  36|0x0000000089800000, 0x0000000089800000, 0x0000000089900000|  0%| F|  |TAMS 0x0000000089800000| PB 0x0000000089800000| Untracked |  0
|  37|0x0000000089900000, 0x0000000089900000, 0x0000000089a00000|  0%| F|  |TAMS 0x0000000089900000| PB 0x0000000089900000| Untracked |  0
|  38|0x0000000089a00000, 0x0000000089a00000, 0x0000000089b00000|  0%| F|  |TAMS 0x0000000089a00000| PB 0x0000000089a00000| Untracked |  0
|  39|0x0000000089b00000, 0x0000000089b00000, 0x0000000089c00000|  0%| F|  |TAMS 0x0000000089b00000| PB 0x0000000089b00000| Untracked |  0
|  40|0x0000000089c00000, 0x0000000089c00000, 0x0000000089d00000|  0%| F|  |TAMS 0x0000000089c00000| PB 0x0000000089c00000| Untracked |  0
|  41|0x0000000089d00000, 0x0000000089d00000, 0x0000000089e00000|  0%| F|  |TAMS 0x0000000089d00000| PB 0x0000000089d00000| Untracked |  0
|  42|0x0000000089e00000, 0x0000000089e00000, 0x0000000089f00000|  0%| F|  |TAMS 0x0000000089e00000| PB 0x0000000089e00000| Untracked |  0
|  43|0x0000000089f00000, 0x0000000089f00000, 0x000000008a000000|  0%| F|  |TAMS 0x0000000089f00000| PB 0x0000000089f00000| Untracked |  0
|  44|0x000000008a000000, 0x000000008a000000, 0x000000008a100000|  0%| F|  |TAMS 0x000000008a000000| PB 0x000000008a000000| Untracked |  0
|  45|0x000000008a100000, 0x000000008a100000, 0x000000008a200000|  0%| F|  |TAMS 0x000000008a100000| PB 0x000000008a100000| Untracked |  0
|  46|0x000000008a200000, 0x000000008a200000, 0x000000008a300000|  0%| F|  |TAMS 0x000000008a200000| PB 0x000000008a200000| Untracked |  0
|  47|0x000000008a300000, 0x000000008a300000, 0x000000008a400000|  0%| F|  |TAMS 0x000000008a300000| PB 0x000000008a300000| Untracked |  0
|  48|0x000000008a400000, 0x000000008a400000, 0x000000008a500000|  0%| F|  |TAMS 0x000000008a400000| PB 0x000000008a400000| Untracked |  0
|  49|0x000000008a500000, 0x000000008a500000, 0x000000008a600000|  0%| F|  |TAMS 0x000000008a500000| PB 0x000000008a500000| Untracked |  0
|  50|0x000000008a600000, 0x000000008a600000, 0x000000008a700000|  0%| F|  |TAMS 0x000000008a600000| PB 0x000000008a600000| Untracked |  0
|  51|0x000000008a700000, 0x000000008a700000, 0x000000008a800000|  0%| F|  |TAMS 0x000000008a700000| PB 0x000000008a700000| Untracked |  0
|  52|0x000000008a800000, 0x000000008a800000, 0x000000008a900000|  0%| F|  |TAMS 0x000000008a800000| PB 0x000000008a800000| Untracked |  0
|  53|0x000000008a900000, 0x000000008a900000, 0x000000008aa00000|  0%| F|  |TAMS 0x000000008a900000| PB 0x000000008a900000| Untracked |  0
|  54|0x000000008aa00000, 0x000000008aa00000, 0x000000008ab00000|  0%| F|  |TAMS 0x000000008aa00000| PB 0x000000008aa00000| Untracked |  0
|  55|0x000000008ab00000, 0x000000008ab00000, 0x000000008ac00000|  0%| F|  |TAMS 0x000000008ab00000| PB 0x000000008ab00000| Untracked |  0
|  56|0x000000008ac00000, 0x000000008ac00000, 0x000000008ad00000|  0%| F|  |TAMS 0x000000008ac00000| PB 0x000000008ac00000| Untracked |  0
|  57|0x000000008ad00000, 0x000000008ad00000, 0x000000008ae00000|  0%| F|  |TAMS 0x000000008ad00000| PB 0x000000008ad00000| Untracked |  0
|  58|0x000000008ae00000, 0x000000008ae00000, 0x000000008af00000|  0%| F|  |TAMS 0x000000008ae00000| PB 0x000000008ae00000| Untracked |  0
|  59|0x000000008af00000, 0x000000008af00000, 0x000000008b000000|  0%| F|  |TAMS 0x000000008af00000| PB 0x000000008af00000| Untracked |  0
|  60|0x000000008b000000, 0x000000008b000000, 0x000000008b100000|  0%| F|  |TAMS 0x000000008b000000| PB 0x000000008b000000| Untracked |  0
|  61|0x000000008b100000, 0x000000008b100000, 0x000000008b200000|  0%| F|  |TAMS 0x000000008b100000| PB 0x000000008b100000| Untracked |  0
|  62|0x000000008b200000, 0x000000008b200000, 0x000000008b300000|  0%| F|  |TAMS 0x000000008b200000| PB 0x000000008b200000| Untracked |  0
|  63|0x000000008b300000, 0x000000008b300000, 0x000000008b400000|  0%| F|  |TAMS 0x000000008b300000| PB 0x000000008b300000| Untracked |  0
|  64|0x000000008b400000, 0x000000008b400000, 0x000000008b500000|  0%| F|  |TAMS 0x000000008b400000| PB 0x000000008b400000| Untracked |  0
|  65|0x000000008b500000, 0x000000008b500000, 0x000000008b600000|  0%| F|  |TAMS 0x000000008b500000| PB 0x000000008b500000| Untracked |  0
|  66|0x000000008b600000, 0x000000008b600000, 0x000000008b700000|  0%| F|  |TAMS 0x000000008b600000| PB 0x000000008b600000| Untracked |  0
|  67|0x000000008b700000, 0x000000008b700000, 0x000000008b800000|  0%| F|  |TAMS 0x000000008b700000| PB 0x000000008b700000| Untracked |  0
|  68|0x000000008b800000, 0x000000008b800000, 0x000000008b900000|  0%| F|  |TAMS 0x000000008b800000| PB 0x000000008b800000| Untracked |  0
|  69|0x000000008b900000, 0x000000008b900000, 0x000000008ba00000|  0%| F|  |TAMS 0x000000008b900000| PB 0x000000008b900000| Untracked |  0
|  70|0x000000008ba00000, 0x000000008ba00000, 0x000000008bb00000|  0%| F|  |TAMS 0x000000008ba00000| PB 0x000000008ba00000| Untracked |  0
|  71|0x000000008bb00000, 0x000000008bb00000, 0x000000008bc00000|  0%| F|  |TAMS 0x000000008bb00000| PB 0x000000008bb00000| Untracked |  0
|  72|0x000000008bc00000, 0x000000008bc00000, 0x000000008bd00000|  0%| F|  |TAMS 0x000000008bc00000| PB 0x000000008bc00000| Untracked |  0
|  73|0x000000008bd00000, 0x000000008bd00000, 0x000000008be00000|  0%| F|  |TAMS 0x000000008bd00000| PB 0x000000008bd00000| Untracked |  0
|  74|0x000000008be00000, 0x000000008be00000, 0x000000008bf00000|  0%| F|  |TAMS 0x000000008be00000| PB 0x000000008be00000| Untracked |  0
|  75|0x000000008bf00000, 0x000000008bf00000, 0x000000008c000000|  0%| F|  |TAMS 0x000000008bf00000| PB 0x000000008bf00000| Untracked |  0
|  76|0x000000008c000000, 0x000000008c000000, 0x000000008c100000|  0%| F|  |TAMS 0x000000008c000000| PB 0x000000008c000000| Untracked |  0
|  77|0x000000008c100000, 0x000000008c100000, 0x000000008c200000|  0%| F|  |TAMS 0x000000008c100000| PB 0x000000008c100000| Untracked |  0
|  78|0x000000008c200000, 0x000000008c200000, 0x000000008c300000|  0%| F|  |TAMS 0x000000008c200000| PB 0x000000008c200000| Untracked |  0
|  79|0x000000008c300000, 0x000000008c300000, 0x000000008c400000|  0%| F|  |TAMS 0x000000008c300000| PB 0x000000008c300000| Untracked |  0
|  80|0x000000008c400000, 0x000000008c400000, 0x000000008c500000|  0%| F|  |TAMS 0x000000008c400000| PB 0x000000008c400000| Untracked |  0
|  81|0x000000008c500000, 0x000000008c500000, 0x000000008c600000|  0%| F|  |TAMS 0x000000008c500000| PB 0x000000008c500000| Untracked |  0
|  82|0x000000008c600000, 0x000000008c600000, 0x000000008c700000|  0%| F|  |TAMS 0x000000008c600000| PB 0x000000008c600000| Untracked |  0
|  83|0x000000008c700000, 0x000000008c700000, 0x000000008c800000|  0%| F|  |TAMS 0x000000008c700000| PB 0x000000008c700000| Untracked |  0
|  84|0x000000008c800000, 0x000000008c800000, 0x000000008c900000|  0%| F|  |TAMS 0x000000008c800000| PB 0x000000008c800000| Untracked |  0
|  85|0x000000008c900000, 0x000000008c900000, 0x000000008ca00000|  0%| F|  |TAMS 0x000000008c900000| PB 0x000000008c900000| Untracked |  0
|  86|0x000000008ca00000, 0x000000008ca00000, 0x000000008cb00000|  0%| F|  |TAMS 0x000000008ca00000| PB 0x000000008ca00000| Untracked |  0
|  87|0x000000008cb00000, 0x000000008cb00000, 0x000000008cc00000|  0%| F|  |TAMS 0x000000008cb00000| PB 0x000000008cb00000| Untracked |  0
|  88|0x000000008cc00000, 0x000000008cc00000, 0x000000008cd00000|  0%| F|  |TAMS 0x000000008cc00000| PB 0x000000008cc00000| Untracked |  0
|  89|0x000000008cd00000, 0x000000008cd00000, 0x000000008ce00000|  0%| F|  |TAMS 0x000000008cd00000| PB 0x000000008cd00000| Untracked |  0
|  90|0x000000008ce00000, 0x000000008ce00000, 0x000000008cf00000|  0%| F|  |TAMS 0x000000008ce00000| PB 0x000000008ce00000| Untracked |  0
|  91|0x000000008cf00000, 0x000000008cf00000, 0x000000008d000000|  0%| F|  |TAMS 0x000000008cf00000| PB 0x000000008cf00000| Untracked |  0
|  92|0x000000008d000000, 0x000000008d000000, 0x000000008d100000|  0%| F|  |TAMS 0x000000008d000000| PB 0x000000008d000000| Untracked |  0
|  93|0x000000008d100000, 0x000000008d100000, 0x000000008d200000|  0%| F|  |TAMS 0x000000008d100000| PB 0x000000008d100000| Untracked |  0
|  94|0x000000008d200000, 0x000000008d200000, 0x000000008d300000|  0%| F|  |TAMS 0x000000008d200000| PB 0x000000008d200000| Untracked |  0
|  95|0x000000008d300000, 0x000000008d300000, 0x000000008d400000|  0%| F|  |TAMS 0x000000008d300000| PB 0x000000008d300000| Untracked |  0
|  96|0x000000008d400000, 0x000000008d400000, 0x000000008d500000|  0%| F|  |TAMS 0x000000008d400000| PB 0x000000008d400000| Untracked |  0
|  97|0x000000008d500000, 0x000000008d500000, 0x000000008d600000|  0%| F|  |TAMS 0x000000008d500000| PB 0x000000008d500000| Untracked |  0
|  98|0x000000008d600000, 0x000000008d600000, 0x000000008d700000|  0%| F|  |TAMS 0x000000008d600000| PB 0x000000008d600000| Untracked |  0
|  99|0x000000008d700000, 0x000000008d700000, 0x000000008d800000|  0%| F|  |TAMS 0x000000008d700000| PB 0x000000008d700000| Untracked |  0
| 100|0x000000008d800000, 0x000000008d880000, 0x000000008d900000| 50%| E|  |TAMS 0x000000008d800000| PB 0x000000008d800000| Complete |  0
| 101|0x000000008d900000, 0x000000008da00000, 0x000000008da00000|100%| E|CS|TAMS 0x000000008d900000| PB 0x000000008d900000| Complete |  0
| 102|0x000000008da00000, 0x000000008db00000, 0x000000008db00000|100%| E|CS|TAMS 0x000000008da00000| PB 0x000000008da00000| Complete |  0
| 103|0x000000008db00000, 0x000000008dc00000, 0x000000008dc00000|100%| E|CS|TAMS 0x000000008db00000| PB 0x000000008db00000| Complete |  0
| 104|0x000000008dc00000, 0x000000008dd00000, 0x000000008dd00000|100%| E|CS|TAMS 0x000000008dc00000| PB 0x000000008dc00000| Complete |  0
| 105|0x000000008dd00000, 0x000000008de00000, 0x000000008de00000|100%| E|CS|TAMS 0x000000008dd00000| PB 0x000000008dd00000| Complete |  0
| 106|0x000000008de00000, 0x000000008df00000, 0x000000008df00000|100%| E|CS|TAMS 0x000000008de00000| PB 0x000000008de00000| Complete |  0
| 107|0x000000008df00000, 0x000000008e000000, 0x000000008e000000|100%| E|CS|TAMS 0x000000008df00000| PB 0x000000008df00000| Complete |  0
| 108|0x000000008e000000, 0x000000008e100000, 0x000000008e100000|100%| E|CS|TAMS 0x000000008e000000| PB 0x000000008e000000| Complete |  0
| 109|0x000000008e100000, 0x000000008e200000, 0x000000008e200000|100%| E|CS|TAMS 0x000000008e100000| PB 0x000000008e100000| Complete |  0
| 110|0x000000008e200000, 0x000000008e300000, 0x000000008e300000|100%| E|CS|TAMS 0x000000008e200000| PB 0x000000008e200000| Complete |  0
| 111|0x000000008e300000, 0x000000008e400000, 0x000000008e400000|100%| E|CS|TAMS 0x000000008e300000| PB 0x000000008e300000| Complete |  0
| 112|0x000000008e400000, 0x000000008e500000, 0x000000008e500000|100%| E|CS|TAMS 0x000000008e400000| PB 0x000000008e400000| Complete |  0
| 113|0x000000008e500000, 0x000000008e600000, 0x000000008e600000|100%| E|CS|TAMS 0x000000008e500000| PB 0x000000008e500000| Complete |  0
| 114|0x000000008e600000, 0x000000008e700000, 0x000000008e700000|100%| E|CS|TAMS 0x000000008e600000| PB 0x000000008e600000| Complete |  0
| 115|0x000000008e700000, 0x000000008e800000, 0x000000008e800000|100%| E|CS|TAMS 0x000000008e700000| PB 0x000000008e700000| Complete |  0
| 116|0x000000008e800000, 0x000000008e900000, 0x000000008e900000|100%| E|CS|TAMS 0x000000008e800000| PB 0x000000008e800000| Complete |  0
| 117|0x000000008e900000, 0x000000008ea00000, 0x000000008ea00000|100%| E|CS|TAMS 0x000000008e900000| PB 0x000000008e900000| Complete |  0
| 118|0x000000008ea00000, 0x000000008eb00000, 0x000000008eb00000|100%| E|CS|TAMS 0x000000008ea00000| PB 0x000000008ea00000| Complete |  0
| 119|0x000000008eb00000, 0x000000008ec00000, 0x000000008ec00000|100%| E|CS|TAMS 0x000000008eb00000| PB 0x000000008eb00000| Complete |  0
| 120|0x000000008ec00000, 0x000000008ed00000, 0x000000008ed00000|100%| E|CS|TAMS 0x000000008ec00000| PB 0x000000008ec00000| Complete |  0
| 121|0x000000008ed00000, 0x000000008ee00000, 0x000000008ee00000|100%| E|CS|TAMS 0x000000008ed00000| PB 0x000000008ed00000| Complete |  0
|1930|0x00000000ffe00000, 0x00000000fff00000, 0x00000000fff00000|100%| O|  |TAMS 0x00000000ffe00000| PB 0x00000000ffe00000| Untracked |  0
|1931|0x00000000fff00000, 0x00000000fff21de0, 0x0000000100000000| 13%| O|  |TAMS 0x00000000fff00000| PB 0x00000000fff00000| Untracked |  0

Card table byte_map: [0x00007cd043b71000,0x00007cd043f37000] _byte_map_base: 0x00007cd043737000

Marking Bits: (CMBitMap*) 0x00007cd05c086e80
 Bits: [0x00007cd041d41000, 0x00007cd043b71000)

Polling page: 0x00007cd062162000

Metaspace:
Metaspace        used 7238K, committed 7424K, reserved 1114112K
 class space     used 480K, committed 576K, reserved 1048576K

Usage:
  Non-class:      6,60 MB used.
      Class:    480,02 KB used.
       Both:      7,07 MB used.

Virtual space:
  Non-class space:       64,00 MB reserved,       6,69 MB ( 10%) committed,  1 nodes.
      Class space:        1,00 GB reserved,     576,00 KB ( <1%) committed,  1 nodes.
             Both:        1,06 GB reserved,       7,25 MB ( <1%) committed. 

Chunk freelists:
   Non-Class:  8,70 MB
       Class:  15,47 MB
        Both:  24,17 MB

MaxMetaspaceSize: unlimited
CompressedClassSpaceSize: 1,00 GB
Initial GC threshold: 21,00 MB
Current GC threshold: 21,00 MB
CDS: on
 - commit_granule_bytes: 65536.
 - commit_granule_words: 8192.
 - virtual_space_node_default_size: 8388608.
 - enlarge_chunks_in_place: 1.
UseCompressedClassPointers 1, UseCompactObjectHeaders 0
Narrow klass pointer bits 32, Max shift 3
Narrow klass base: 0x0000000032000000, Narrow klass shift: 0
Encoding Range: [0x0000000032000000 - 0x0000000132000000), (4294967296 bytes)
Klass Range:    [0x0000000032001000 - 0x0000000073000000), (1090514944 bytes)
Klass ID Range:  [4096 - 1090519033) (1090514937)
Protection zone: [0x0000000032000000 - 0x0000000032001000), (4096 bytes)


Internal statistics:

num_allocs_failed_limit: 0.
num_arena_births: 122.
num_arena_deaths: 0.
num_vsnodes_births: 2.
num_vsnodes_deaths: 0.
num_space_committed: 116.
num_space_uncommitted: 0.
num_chunks_returned_to_freelist: 0.
num_chunks_taken_from_freelist: 300.
num_chunk_merges: 0.
num_chunk_splits: 203.
num_chunks_enlarged: 131.
num_inconsistent_stats: 0.

CodeHeap 'non-profiled nmethods': size=120032Kb used=520Kb max_used=520Kb free=119512Kb
 bounds [0x00007cd04c0c8000, 0x00007cd04c338000, 0x00007cd053600000]
CodeHeap 'profiled nmethods': size=120028Kb used=2271Kb max_used=2271Kb free=117756Kb
 bounds [0x00007cd044600000, 0x00007cd044870000, 0x00007cd04bb37000]
CodeHeap 'non-nmethods': size=5700Kb used=2424Kb max_used=2454Kb free=3275Kb
 bounds [0x00007cd04bb37000, 0x00007cd04bda7000, 0x00007cd04c0c8000]
CodeCache: size=245760Kb, used=5215Kb, max_used=5245Kb, free=240543Kb
 total_blobs=2837, nmethods=1709, adapters=1033, full_count=0
Compilation: enabled, stopped_count=0, restarted_count=0

Compilation events (20 events):
Event: 184,765 Thread 0x00007cd05c122650 1700       3       org.lwjgl.system.MemoryStack::checkPointer (23 bytes)
Event: 184,765 Thread 0x00007cd05c122650 nmethod 1700 0x00007cd044834588 code [0x00007cd044834680, 0x00007cd0448348a8]
Event: 186,135 Thread 0x00007cd05c122650 1701   !   3       java.util.jar.JarFile::getManifestFromReference (197 bytes)
Event: 186,143 Thread 0x00007cd05c122650 nmethod 1701 0x00007cd044834908 code [0x00007cd044834a00, 0x00007cd044836020]
Event: 186,274 Thread 0x00007cd05c120c60 1702   !   4       com.badlogic.gdx.backends.lwjgl3.Sync::sync (145 bytes)
Event: 186,307 Thread 0x00007cd05c120c60 nmethod 1702 0x00007cd04c147088 code [0x00007cd04c1471a0, 0x00007cd04c147f08]
Event: 186,635 Thread 0x00007cd05c122650 1703       3       com.badlogic.gdx.utils.Array::iterator (43 bytes)
Event: 186,636 Thread 0x00007cd05c122650 nmethod 1703 0x00007cd044836088 code [0x00007cd044836180, 0x00007cd044836710]
Event: 186,647 Thread 0x00007cd05c122650 1704       3       com.badlogic.gdx.utils.Array$ArrayIterable::iterator (135 bytes)
Event: 186,647 Thread 0x00007cd05c122650 nmethod 1704 0x00007cd044836788 code [0x00007cd044836880, 0x00007cd044836fd0]
Event: 207,425 Thread 0x00007cd05c120c60 1705       4       com.badlogic.gdx.utils.Array::iterator (43 bytes)
Event: 207,432 Thread 0x00007cd05c120c60 nmethod 1705 0x00007cd04c147f88 code [0x00007cd04c148080, 0x00007cd04c148658]
Event: 223,773 Thread 0x00007cd05c122650 1706       3       org.lwjgl.system.MemoryStack::callocInt (30 bytes)
Event: 223,774 Thread 0x00007cd05c122650 nmethod 1706 0x00007cd044837008 code [0x00007cd044837100, 0x00007cd044837420]
Event: 223,774 Thread 0x00007cd05c122650 1707       3       org.lwjgl.system.MemoryUtil::memSet (92 bytes)
Event: 223,774 Thread 0x00007cd05c122650 nmethod 1707 0x00007cd044837488 code [0x00007cd044837580, 0x00007cd044837768]
Event: 234,778 Thread 0x00007cd05c122650 1708       3       org.lwjgl.openal.ALC10::nalcGetString (14 bytes)
Event: 234,784 Thread 0x00007cd05c122650 nmethod 1708 0x00007cd044837788 code [0x00007cd044837880, 0x00007cd044837d70]
Event: 239,500 Thread 0x00007cd05c120c60 1709   !   4       com.badlogic.gdx.backends.lwjgl3.Lwjgl3Window::update (312 bytes)
Event: 239,526 Thread 0x00007cd05c120c60 nmethod 1709 0x00007cd04c148688 code [0x00007cd04c1487a0, 0x00007cd04c149f80]

GC Heap Usage History (0 events):
No events

Metaspace Usage History (0 events):
No events

Dll operation events (13 events):
Event: 0,015 Loaded shared library /opt/jdk-25/lib/libjava.so
Event: 0,047 Loaded shared library /opt/jdk-25/lib/libsimdsort.so
Event: 0,060 Loaded shared library /opt/jdk-25/lib/libnio.so
Event: 0,065 Loaded shared library /opt/jdk-25/lib/libzip.so
Event: 0,259 Loaded shared library /opt/jdk-25/lib/libjimage.so
Event: 0,280 Loaded shared library /tmp/libgdxabdenours/da3a4817/libgdx64.so
Event: 0,326 Loaded shared library /opt/jdk-25/lib/libnet.so
Event: 0,335 Loaded shared library /tmp/lwjgl_abdenours/3.3.3+5/x64/liblwjgl.so
Event: 0,600 Loaded shared library /tmp/libgdxabdenours/7f47ef07a3b30ad5/libEGL.so
Event: 0,605 Loaded shared library /tmp/libgdxabdenours/7f47ef07a3b30ad5/libGLESv2.so
Event: 1,406 Loaded shared library /tmp/lwjgl_abdenours/3.3.3+5/x64/liblwjgl_opengles.so
Event: 1,638 Loaded shared library /opt/jdk-25/lib/libawt.so
Event: 1,644 Loaded shared library /opt/jdk-25/lib/libawt_xawt.so

Deoptimization events (20 events):
Event: 1,687 Thread 0x00007cd05c02d9c0 DEOPT PACKING pc=0x00007cd04c0eeec8 sp=0x00007cd061dfd460
Event: 1,687 Thread 0x00007cd05c02d9c0 DEOPT UNPACKING pc=0x00007cd04bc685f9 sp=0x00007cd061dfd3d8 mode 2
Event: 2,502 Thread 0x00007cd05c02d9c0 DEOPT PACKING pc=0x00007cd0447eca97 sp=0x00007cd061dfe400
Event: 2,502 Thread 0x00007cd05c02d9c0 DEOPT UNPACKING pc=0x00007cd04bb87b8f sp=0x00007cd061dfd848 mode 0
Event: 124,063 Thread 0x00007cd05c02d9c0 Uncommon trap: trap_request=0xffffff45 fr.pc=0x00007cd04c141f94 relative=0x00000000000004f4
Event: 124,063 Thread 0x00007cd05c02d9c0 Uncommon trap: reason=unstable_if action=reinterpret pc=0x00007cd04c141f94 method=com.badlogic.gdx.backends.lwjgl3.Sync.sync(I)V @ 35 c2
Event: 124,063 Thread 0x00007cd05c02d9c0 DEOPT PACKING pc=0x00007cd04c141f94 sp=0x00007cd061dfe750
Event: 124,063 Thread 0x00007cd05c02d9c0 DEOPT UNPACKING pc=0x00007cd04bc685f9 sp=0x00007cd061dfe700 mode 2
Event: 154,222 Thread 0x00007cd05c02d9c0 Uncommon trap: trap_request=0xffffff45 fr.pc=0x00007cd04c144bf4 relative=0x0000000000000d54
Event: 154,222 Thread 0x00007cd05c02d9c0 Uncommon trap: reason=unstable_if action=reinterpret pc=0x00007cd04c144bf4 method=com.badlogic.gdx.backends.lwjgl3.DefaultLwjgl3Input.prepareNext()V @ 4 c2
Event: 154,222 Thread 0x00007cd05c02d9c0 DEOPT PACKING pc=0x00007cd04c144bf4 sp=0x00007cd061dfe740
Event: 154,222 Thread 0x00007cd05c02d9c0 DEOPT UNPACKING pc=0x00007cd04bc685f9 sp=0x00007cd061dfe6a0 mode 2
Event: 186,144 Thread 0x00007cd05c02d9c0 Uncommon trap: trap_request=0xffffff45 fr.pc=0x00007cd04c12a15c relative=0x00000000000000dc
Event: 186,144 Thread 0x00007cd05c02d9c0 Uncommon trap: reason=unstable_if action=reinterpret pc=0x00007cd04c12a15c method=com.badlogic.gdx.utils.Array.iterator()Lcom/badlogic/gdx/utils/Array$ArrayIterator; @ 20 c2
Event: 186,144 Thread 0x00007cd05c02d9c0 DEOPT PACKING pc=0x00007cd04c12a15c sp=0x00007cd061dfe5c0
Event: 186,144 Thread 0x00007cd05c02d9c0 DEOPT UNPACKING pc=0x00007cd04bc685f9 sp=0x00007cd061dfe580 mode 2
Event: 186,144 Thread 0x00007cd05c02d9c0 Uncommon trap: trap_request=0xffffff45 fr.pc=0x00007cd04c12a454 relative=0x00000000000000d4
Event: 186,144 Thread 0x00007cd05c02d9c0 Uncommon trap: reason=unstable_if action=reinterpret pc=0x00007cd04c12a454 method=com.badlogic.gdx.utils.Array$ArrayIterable.iterator()Lcom/badlogic/gdx/utils/Array$ArrayIterator; @ 26 c2
Event: 186,144 Thread 0x00007cd05c02d9c0 DEOPT PACKING pc=0x00007cd04c12a454 sp=0x00007cd061dfe560
Event: 186,144 Thread 0x00007cd05c02d9c0 DEOPT UNPACKING pc=0x00007cd04bc685f9 sp=0x00007cd061dfe520 mode 2

Classes loaded (20 events):
Event: 1,702 Loading class sun/awt/image/IntegerComponentRaster
Event: 1,702 Loading class sun/awt/image/IntegerComponentRaster done
Event: 1,702 Loading class java/awt/image/IndexColorModel
Event: 1,702 Loading class java/awt/image/IndexColorModel done
Event: 1,702 Loading class sun/awt/image/ShortComponentRaster
Event: 1,703 Loading class sun/awt/image/ShortComponentRaster done
Event: 1,713 Loading class java/lang/Math$RandomNumberGeneratorHolder
Event: 1,713 Loading class java/lang/Math$RandomNumberGeneratorHolder done
Event: 249,179 Loading class jdk/internal/misc/Signal$1
Event: 249,191 Loading class jdk/internal/misc/Signal$1 done
Event: 249,192 Loading class jdk/internal/logger/SurrogateLogger
Event: 249,193 Loading class jdk/internal/logger/SimpleConsoleLogger
Event: 249,193 Loading class sun/util/logging/PlatformLogger$ConfigurableBridge$LoggerConfiguration
Event: 249,194 Loading class sun/util/logging/PlatformLogger$ConfigurableBridge$LoggerConfiguration done
Event: 249,195 Loading class jdk/internal/logger/SimpleConsoleLogger done
Event: 249,195 Loading class jdk/internal/logger/SurrogateLogger done
Event: 249,196 Loading class java/util/WeakHashMap$KeyIterator
Event: 249,198 Loading class java/util/WeakHashMap$HashIterator
Event: 249,199 Loading class java/util/WeakHashMap$HashIterator done
Event: 249,199 Loading class java/util/WeakHashMap$KeyIterator done

Classes unloaded (0 events):
No events

Classes redefined (0 events):
No events

Internal exceptions (20 events):
Event: 0,408 Thread 0x00007cd05c02d9c0 Exception <a 'java/lang/NoSuchMethodError'{0x000000008e8ebc88}: 'int java.lang.invoke.DirectMethodHandle$Holder.invokeStaticInit(java.lang.Object, java.lang.Object, long, long)'> (0x000000008e8ebc88) 
thrown [open/src/hotspot/share/interpreter/linkResolver.cpp, line 803]
Event: 0,408 Thread 0x00007cd05c02d9c0 Exception <a 'java/lang/NoSuchMethodError'{0x000000008e8fb098}: 'java.lang.Object java.lang.invoke.DirectMethodHandle$Holder.newInvokeSpecial(java.lang.Object, java.lang.Object, long)'> (0x000000008e8fb098) 
thrown [open/src/hotspot/share/interpreter/linkResolver.cpp, line 803]
Event: 0,409 Thread 0x00007cd05c02d9c0 Exception <a 'java/lang/NoSuchMethodError'{0x000000008e8ffb48}: 'java.lang.Object java.lang.invoke.Invokers$Holder.linkToTargetMethod(java.lang.Object, long, java.lang.Object)'> (0x000000008e8ffb48) 
thrown [open/src/hotspot/share/interpreter/linkResolver.cpp, line 803]
Event: 0,410 Thread 0x00007cd05c02d9c0 Exception <a 'java/lang/NoSuchMethodError'{0x000000008e7144c0}: 'int java.lang.invoke.DirectMethodHandle$Holder.invokeStaticInit(java.lang.Object, java.lang.Object, java.lang.Object, long)'> (0x000000008e7144c0) 
thrown [open/src/hotspot/share/interpreter/linkResolver.cpp, line 803]
Event: 0,452 Thread 0x00007cd05c02d9c0 Exception <a 'java/lang/NoSuchMethodError'{0x000000008e7fd7a0}: 'int java.lang.invoke.Invokers$Holder.invokeExact_MT(java.lang.Object, java.lang.Object)'> (0x000000008e7fd7a0) 
thrown [open/src/hotspot/share/interpreter/linkResolver.cpp, line 803]
Event: 0,526 Thread 0x00007cd05c02d9c0 Exception <a 'java/lang/NoSuchMethodError'{0x000000008e640ca8}: 'java.lang.Object java.lang.invoke.DirectMethodHandle$Holder.invokeStaticInit(java.lang.Object, int)'> (0x000000008e640ca8) 
thrown [open/src/hotspot/share/interpreter/linkResolver.cpp, line 803]
Event: 0,587 Thread 0x00007cd05c02d9c0 Exception <a 'java/lang/NoSuchMethodError'{0x000000008e68cef0}: 'int java.lang.invoke.DirectMethodHandle$Holder.invokeVirtual(java.lang.Object, java.lang.Object)'> (0x000000008e68cef0) 
thrown [open/src/hotspot/share/interpreter/linkResolver.cpp, line 803]
Event: 0,591 Thread 0x00007cd05c02d9c0 Exception <a 'java/lang/NoSuchMethodError'{0x000000008e6a9dc0}: 'int java.lang.invoke.DirectMethodHandle$Holder.invokeVirtual(java.lang.Object, java.lang.Object, int, int)'> (0x000000008e6a9dc0) 
thrown [open/src/hotspot/share/interpreter/linkResolver.cpp, line 803]
Event: 0,596 Thread 0x00007cd05c02d9c0 Exception <a 'java/lang/NoSuchMethodError'{0x000000008e6c2a00}: 'java.lang.Object java.lang.invoke.DirectMethodHandle$Holder.invokeStatic(java.lang.Object, java.lang.Object, java.lang.Object, java.lang.Object, int)'> (0x000000008e6c2a00) 
thrown [open/src/hotspot/share/interpreter/linkResolver.cpp, line 803]
Event: 0,599 Thread 0x00007cd05c02d9c0 Exception <a 'java/lang/NoSuchMethodError'{0x000000008e6f6c20}: 'java.lang.Object java.lang.invoke.Invokers$Holder.invokeExact_MT(java.lang.Object, java.lang.Object, java.lang.Object, java.lang.Object, java.lang.Object)'> (0x000000008e6f6c20) 
thrown [open/src/hotspot/share/interpreter/linkResolver.cpp, line 803]
Event: 0,695 Thread 0x00007cd05c02d9c0 Exception <a 'java/lang/NoSuchMethodError'{0x000000008e5d5120}: 'java.lang.Object java.lang.invoke.DirectMethodHandle$Holder.newInvokeSpecial(java.lang.Object, long)'> (0x000000008e5d5120) 
thrown [open/src/hotspot/share/interpreter/linkResolver.cpp, line 803]
Event: 1,394 Thread 0x00007cd05c02d9c0 Exception <a 'java/lang/NoSuchMethodError'{0x000000008e366ef8}: 'void java.lang.invoke.DirectMethodHandle$Holder.invokeStatic(java.lang.Object, long)'> (0x000000008e366ef8) 
thrown [open/src/hotspot/share/interpreter/linkResolver.cpp, line 803]
Event: 1,402 Thread 0x00007cd05c02d9c0 Exception <a 'java/lang/NoSuchMethodError'{0x000000008e385168}: 'void java.lang.System.load(java.lang.String, java.lang.Class)'> (0x000000008e385168) 
thrown [open/src/hotspot/share/interpreter/linkResolver.cpp, line 803]
Event: 1,403 Thread 0x00007cd05c02d9c0 Exception <a 'java/lang/NoSuchMethodError'{0x000000008e38cf60}: 'void java.lang.System.loadLibrary(java.lang.String, java.lang.Class)'> (0x000000008e38cf60) 
thrown [open/src/hotspot/share/interpreter/linkResolver.cpp, line 803]
Event: 1,631 Thread 0x00007cd05c02d9c0 Exception <a 'java/lang/ClassNotFoundException'{0x000000008db1fa38}: sun/awt/resources/spi/awtProvider> (0x000000008db1fa38) 
thrown [open/src/hotspot/share/classfile/systemDictionary.cpp, line 327]
Event: 1,644 Thread 0x00007cd05c02d9c0 Exception <a 'java/io/FileNotFoundException'{0x000000008db2f3c8}> (0x000000008db2f3c8) 
thrown [open/src/hotspot/share/prims/jni.cpp, line 516]
Event: 1,646 Thread 0x00007cd05c02d9c0 Exception <a 'java/io/FileNotFoundException'{0x000000008db41c88}> (0x000000008db41c88) 
thrown [open/src/hotspot/share/prims/jni.cpp, line 516]
Event: 1,716 Thread 0x00007cd05c02d9c0 Exception <a 'java/lang/NoSuchMethodError'{0x000000008da292a8}: 'java.lang.Object java.lang.invoke.DelegatingMethodHandle$Holder.reinvoke_L(java.lang.Object, java.lang.Object, float, float)'> (0x000000008da292a8) 
thrown [open/src/hotspot/share/interpreter/linkResolver.cpp, line 803]
Event: 186,144 Thread 0x00007cd05c02d9c0 Implicit null exception at 0x00007cd04c12a0c2 to 0x00007cd04c12a148
Event: 186,144 Thread 0x00007cd05c02d9c0 Implicit null exception at 0x00007cd04c12a3c1 to 0x00007cd04c12a444

VM Operations (17 events):
Event: 0,276 Executing non-safepoint VM operation: HandshakeAllThreads (Deoptimize)
Event: 0,276 Executing non-safepoint VM operation: HandshakeAllThreads (Deoptimize) done
Event: 0,294 Executing non-safepoint VM operation: HandshakeAllThreads (Deoptimize)
Event: 0,294 Executing non-safepoint VM operation: HandshakeAllThreads (Deoptimize) done
Event: 0,309 Executing non-safepoint VM operation: HandshakeAllThreads (Deoptimize)
Event: 0,309 Executing non-safepoint VM operation: HandshakeAllThreads (Deoptimize) done
Event: 1,614 Executing non-safepoint VM operation: HandshakeAllThreads (Deoptimize)
Event: 1,615 Executing non-safepoint VM operation: HandshakeAllThreads (Deoptimize) done
Event: 1,623 Executing non-safepoint VM operation: HandshakeAllThreads (Deoptimize)
Event: 1,623 Executing non-safepoint VM operation: HandshakeAllThreads (Deoptimize) done
Event: 1,670 Executing non-safepoint VM operation: HandshakeAllThreads (Deoptimize)
Event: 1,670 Executing non-safepoint VM operation: HandshakeAllThreads (Deoptimize) done
Event: 60,076 Executing non-safepoint VM operation: HandshakeAllThreads (HandshakeForDeflation)
Event: 60,076 Executing non-safepoint VM operation: HandshakeAllThreads (HandshakeForDeflation) done
Event: 60,076 Executing non-safepoint VM operation: RendezvousGCThreads
Event: 60,076 Executing non-safepoint VM operation: RendezvousGCThreads done
Event: 249,199 Executing safepoint VM operation: Exit

Memory protections (15 events):
Event: 0,014 Protecting memory [0x00007cd061d00000,0x00007cd061d04000] with protection modes 0
Event: 0,029 Protecting memory [0x0000000032000000,0x0000000032001000] with protection modes 0
Event: 0,045 Protecting memory [0x00007cd040eb7000,0x00007cd040ebb000] with protection modes 0
Event: 0,045 Protecting memory [0x00007cd040b33000,0x00007cd040b37000] with protection modes 0
Event: 0,045 Protecting memory [0x00007cd040700000,0x00007cd040704000] with protection modes 0
Event: 0,045 Protecting memory [0x00007cd0405ff000,0x00007cd040603000] with protection modes 0
Event: 0,045 Protecting memory [0x00007cd0404fe000,0x00007cd040502000] with protection modes 0
Event: 0,045 Protecting memory [0x00007cd0403fd000,0x00007cd040401000] with protection modes 0
Event: 0,045 Protecting memory [0x00007cd0402fc000,0x00007cd040300000] with protection modes 0
Event: 0,054 Protecting memory [0x00007cd0401fb000,0x00007cd0401ff000] with protection modes 0
Event: 0,056 Protecting memory [0x00007cd0400fa000,0x00007cd0400fe000] with protection modes 0
Event: 0,702 Protecting memory [0x00007ccff4a31000,0x00007ccff4a35000] with protection modes 0
Event: 1,680 Protecting memory [0x00007ccfc40fe000,0x00007ccfc4102000] with protection modes 0
Event: 249,192 Protecting memory [0x00007ccfbf2ff000,0x00007ccfbf303000] with protection modes 0
Event: 249,196 Protecting memory [0x00007ccfbf1fe000,0x00007ccfbf202000] with protection modes 0

Nmethod flushes (0 events):
No events

Events (16 events):
Event: 0,035 Thread 0x00007cd05c02d9c0 Thread added: 0x00007cd05c02d9c0
Event: 0,045 Thread 0x00007cd05c02d9c0 Thread added: 0x00007cd05c119080
Event: 0,045 Thread 0x00007cd05c02d9c0 Thread added: 0x00007cd05c11a270
Event: 0,045 Thread 0x00007cd05c02d9c0 Thread added: 0x00007cd05c11bcc0
Event: 0,045 Thread 0x00007cd05c02d9c0 Thread added: 0x00007cd05c11d5e0
Event: 0,045 Thread 0x00007cd05c02d9c0 Thread added: 0x00007cd05c11ee60
Event: 0,045 Thread 0x00007cd05c02d9c0 Thread added: 0x00007cd05c120c60
Event: 0,045 Thread 0x00007cd05c02d9c0 Thread added: 0x00007cd05c122650
Event: 0,054 Thread 0x00007cd05c02d9c0 Thread added: 0x00007cd05c12f580
Event: 0,056 Thread 0x00007cd05c02d9c0 Thread added: 0x00007cd05c132100
Event: 0,702 Thread 0x00007cd05c02d9c0 Thread added: 0x00007cd05c947060
Event: 1,680 Thread 0x00007cd05c02d9c0 Thread added: 0x00007cd05d3df2f0
Event: 249,192 Thread 0x00007cd05c11bcc0 Thread added: 0x00007cd0140090a0
Event: 249,196 Thread 0x00007cd0140090a0 Thread added: 0x00007ccfb0001520
Event: 249,199 Thread 0x00007ccfb0001520 Thread exited: 0x00007ccfb0001520
Event: 249,199 Thread 0x00007cd0140090a0 Before exit entered


Dynamic libraries:
32000000-32001000 ---p 00000000 00:00 0 
32001000-32d92000 rw-p 00001000 00:21 4164603                            /opt/jdk-25/lib/server/classes.jsa
32d92000-33000000 ---p 00000000 00:00 0 
33000000-33040000 rw-p 00000000 00:00 0 
33040000-33090000 rw-p 00000000 00:00 0 
33090000-73000000 ---p 00000000 00:00 0 
87400000-8ee00000 rw-p 00000000 00:00 0 
8ee00000-ffe00000 ---p 00000000 00:00 0 
ffe00000-fff22000 rw-p 00dc5000 00:21 4164603                            /opt/jdk-25/lib/server/classes.jsa
fff22000-100000000 rw-p 00000000 00:00 0 
5f13884e7000-5f13884e8000 r-xp 00000000 00:21 4164165                    /opt/jdk-25/bin/java
5f13884e9000-5f13884ea000 r--p 00001000 00:21 4164165                    /opt/jdk-25/bin/java
5f13884ea000-5f13884eb000 rw-p 00002000 00:21 4164165                    /opt/jdk-25/bin/java
5f13899da000-5f1389a08000 rw-p 00000000 00:00 0                          [heap]
7ccfb0000000-7ccfb0021000 rw-p 00000000 00:00 0 
7ccfb0021000-7ccfb4000000 ---p 00000000 00:00 0 
7ccfb4000000-7ccfb4021000 rw-p 00000000 00:00 0 
7ccfb4021000-7ccfb8000000 ---p 00000000 00:00 0 
7ccfb8000000-7ccfb8021000 rw-p 00000000 00:00 0 
7ccfb8021000-7ccfbc000000 ---p 00000000 00:00 0 
7ccfbf1fd000-7ccfbf1fe000 ---p 00000000 00:00 0 
7ccfbf1fe000-7ccfbf202000 ---p 00000000 00:00 0 
7ccfbf202000-7ccfbf2fe000 rw-p 00000000 00:00 0 
7ccfbf2fe000-7ccfbf2ff000 ---p 00000000 00:00 0 
7ccfbf2ff000-7ccfbf303000 ---p 00000000 00:00 0 
7ccfbf303000-7ccfbf3ff000 rw-p 00000000 00:00 0 
7ccfbf3ff000-7ccfbf5ff000 rw-s 10b16a000 00:10 1078                      anon_inode:i915.gem
7ccfbf5ff000-7ccfbf7ff000 rw-s 10907a000 00:10 1078                      anon_inode:i915.gem
7ccfbf7ff000-7ccfbf800000 ---p 00000000 00:00 0 
7ccfbf800000-7ccfc0000000 rw-p 00000000 00:00 0 
7ccfc0000000-7ccfc0021000 rw-p 00000000 00:00 0 
7ccfc0021000-7ccfc4000000 ---p 00000000 00:00 0 
7ccfc40fd000-7ccfc40fe000 ---p 00000000 00:00 0 
7ccfc40fe000-7ccfc4102000 ---p 00000000 00:00 0 
7ccfc4102000-7ccfc41fe000 rw-p 00000000 00:00 0 
7ccfc42fe000-7ccfc437e000 rw-s 103ad6000 00:10 1078                      anon_inode:i915.gem
7ccfc43fe000-7ccfc43ff000 ---p 00000000 00:00 0 
7ccfc43ff000-7ccfc4bff000 rw-p 00000000 00:00 0 
7ccfc4bff000-7ccfc4c00000 ---p 00000000 00:00 0 
7ccfc4c00000-7ccfc5400000 rw-p 00000000 00:00 0 
7ccfc5400000-7ccfc7394000 r--p 00000000 00:21 4671479                    /usr/lib/libicudata.so.78.1
7ccfc7394000-7ccfc7395000 r--p 01f93000 00:21 4671479                    /usr/lib/libicudata.so.78.1
7ccfc73c0000-7ccfc7400000 rw-s 108f2a000 00:10 1078                      anon_inode:i915.gem
7ccfc7400000-7ccfc793e000 r--p 00000000 00:21 4751803                    /usr/lib/libLLVM.so.21.1
7ccfc793e000-7ccfcd157000 r-xp 0053e000 00:21 4751803                    /usr/lib/libLLVM.so.21.1
7ccfcd157000-7ccfd0781000 r--p 05d57000 00:21 4751803                    /usr/lib/libLLVM.so.21.1
7ccfd0781000-7ccfd098a000 r--p 09380000 00:21 4751803                    /usr/lib/libLLVM.so.21.1
7ccfd098a000-7ccfd09cf000 rw-p 09589000 00:21 4751803                    /usr/lib/libLLVM.so.21.1
7ccfd09cf000-7ccfd0a97000 rw-p 00000000 00:00 0 
7ccfd0a9a000-7ccfd0b00000 r-xp 00000000 00:21 4164561                    /opt/jdk-25/lib/libawt_xawt.so
7ccfd0b00000-7ccfd0b02000 r--p 00065000 00:21 4164561                    /opt/jdk-25/lib/libawt_xawt.so
7ccfd0b02000-7ccfd0b04000 rw-p 00067000 00:21 4164561                    /opt/jdk-25/lib/libawt_xawt.so
7ccfd0b04000-7ccfd0b06000 rw-p 00000000 00:00 0 
7ccfd0b06000-7ccfd0bcf000 r-xp 00000000 00:21 4164559                    /opt/jdk-25/lib/libawt.so
7ccfd0bcf000-7ccfd0bd0000 r--p 000c8000 00:21 4164559                    /opt/jdk-25/lib/libawt.so
7ccfd0bd0000-7ccfd0bdb000 rw-p 000c9000 00:21 4164559                    /opt/jdk-25/lib/libawt.so
7ccfd0bdb000-7ccfd0c00000 rw-p 00000000 00:00 0 
7ccfd0c00000-7ccfd0c19000 r--p 00000000 00:21 5574215                    /usr/lib/libgallium-25.3.2-arch1.1.so
7ccfd0c19000-7ccfd26b2000 r-xp 00019000 00:21 5574215                    /usr/lib/libgallium-25.3.2-arch1.1.so
7ccfd26b2000-7ccfd36a9000 r--p 01ab2000 00:21 5574215                    /usr/lib/libgallium-25.3.2-arch1.1.so
7ccfd36a9000-7ccfd37c9000 r--p 02aa9000 00:21 5574215                    /usr/lib/libgallium-25.3.2-arch1.1.so
7ccfd37c9000-7ccfd37ea000 rw-p 02bc9000 00:21 5574215                    /usr/lib/libgallium-25.3.2-arch1.1.so
7ccfd37ea000-7ccfd39b5000 rw-p 00000000 00:00 0 
7ccfd39c0000-7ccfd3a00000 rw-s 100cce000 00:10 1078                      anon_inode:i915.gem
7ccfd3a00000-7ccfd3cab000 r--p 00000000 00:21 5740363                    /usr/lib/libnvidia-gpucomp.so.580.119.02
7ccfd3cab000-7ccfd6d98000 r-xp 002ab000 00:21 5740363                    /usr/lib/libnvidia-gpucomp.so.580.119.02
7ccfd6d98000-7ccfd7c08000 r--p 03398000 00:21 5740363                    /usr/lib/libnvidia-gpucomp.so.580.119.02
7ccfd7c08000-7ccfd7c09000 ---p 04208000 00:21 5740363                    /usr/lib/libnvidia-gpucomp.so.580.119.02
7ccfd7c09000-7ccfd7de0000 r--p 04208000 00:21 5740363                    /usr/lib/libnvidia-gpucomp.so.580.119.02
7ccfd7de0000-7ccfd7eeb000 rw-p 043df000 00:21 5740363                    /usr/lib/libnvidia-gpucomp.so.580.119.02
7ccfd7eeb000-7ccfd7f8b000 rw-p 00000000 00:00 0 
7ccfd7fc9000-7ccfd7fd9000 rw-s 1052c6000 00:10 1078                      anon_inode:i915.gem
7ccfd7fd9000-7ccfd7fee000 r--p 00000000 00:32 1303                       /tmp/lwjgl_abdenours/3.3.3+5/x64/liblwjgl_opengles.so
7ccfd7fee000-7ccfd7ff7000 r-xp 00015000 00:32 1303                       /tmp/lwjgl_abdenours/3.3.3+5/x64/liblwjgl_opengles.so
7ccfd7ff7000-7ccfd7ffe000 r--p 0001e000 00:32 1303                       /tmp/lwjgl_abdenours/3.3.3+5/x64/liblwjgl_opengles.so
7ccfd7ffe000-7ccfd7fff000 r--p 00024000 00:32 1303                       /tmp/lwjgl_abdenours/3.3.3+5/x64/liblwjgl_opengles.so
7ccfd7fff000-7ccfd8000000 rw-p 00025000 00:32 1303                       /tmp/lwjgl_abdenours/3.3.3+5/x64/liblwjgl_opengles.so
7ccfd8000000-7ccfd8021000 rw-p 00000000 00:00 0 
7ccfd8021000-7ccfdc000000 ---p 00000000 00:00 0 
7ccfdc00f000-7ccfdc015000 r--p 00000000 00:21 1611714                    /usr/lib/libGLESv2.so.2.1.0
7ccfdc015000-7ccfdc01a000 r-xp 00006000 00:21 1611714                    /usr/lib/libGLESv2.so.2.1.0
7ccfdc01a000-7ccfdc01c000 r--p 0000b000 00:21 1611714                    /usr/lib/libGLESv2.so.2.1.0
7ccfdc01c000-7ccfdc01e000 r--p 0000d000 00:21 1611714                    /usr/lib/libGLESv2.so.2.1.0
7ccfdc01e000-7ccfdc01f000 rw-p 0000f000 00:21 1611714                    /usr/lib/libGLESv2.so.2.1.0
7ccfdc01f000-7ccfdc03f000 rw-s 1052a6000 00:10 1078                      anon_inode:i915.gem
7ccfdc03f000-7ccfdc23f000 rw-s 10b61a000 00:10 1078                      anon_inode:i915.gem
7ccfdc2af000-7ccfdc2bf000 rw-s 108f6a000 00:10 1078                      anon_inode:i915.gem
7ccfdc2bf000-7ccfdc400000 rw-s 00000000 00:21 2875055                    /home/abdenours/.cache/mesa_shader_cache/index
7ccfdc400000-7ccfdc448000 r--p 00000000 00:21 4671494                    /usr/lib/libicuuc.so.78.1
7ccfdc448000-7ccfdc565000 r-xp 00048000 00:21 4671494                    /usr/lib/libicuuc.so.78.1
7ccfdc565000-7ccfdc5f8000 r--p 00165000 00:21 4671494                    /usr/lib/libicuuc.so.78.1
7ccfdc5f8000-7ccfdc60b000 r--p 001f8000 00:21 4671494                    /usr/lib/libicuuc.so.78.1
7ccfdc60b000-7ccfdc60c000 rw-p 0020b000 00:21 4671494                    /usr/lib/libicuuc.so.78.1
7ccfdc60c000-7ccfdc60e000 rw-p 00000000 00:00 0 
7ccfdc618000-7ccfdc628000 rw-s 102fe6000 00:10 1078                      anon_inode:i915.gem
7ccfdc628000-7ccfdc638000 rw-s 102566000 00:10 1078                      anon_inode:i915.gem
7ccfdc638000-7ccfdc648000 rw-s 105856000 00:10 1078                      anon_inode:i915.gem
7ccfdc648000-7ccfdc668000 rw-s 104e86000 00:10 1078                      anon_inode:i915.gem
7ccfdc668000-7ccfdc688000 rw-s 103196000 00:10 1078                      anon_inode:i915.gem
7ccfdc688000-7ccfdc6c8000 rw-s 104ea6000 00:10 1078                      anon_inode:i915.gem
7ccfdc6c8000-7ccfdc6d4000 r--p 00000000 00:21 1004347                    /usr/lib/libxcb-glx.so.0.0.0
7ccfdc6d4000-7ccfdc6dd000 r-xp 0000c000 00:21 1004347                    /usr/lib/libxcb-glx.so.0.0.0
7ccfdc6dd000-7ccfdc6e2000 r--p 00015000 00:21 1004347                    /usr/lib/libxcb-glx.so.0.0.0
7ccfdc6e2000-7ccfdc6e4000 r--p 0001a000 00:21 1004347                    /usr/lib/libxcb-glx.so.0.0.0
7ccfdc6e4000-7ccfdc6e5000 rw-p 0001c000 00:21 1004347                    /usr/lib/libxcb-glx.so.0.0.0
7ccfdc6e5000-7ccfdc6f2000 r--p 00000000 00:21 1348711                    /usr/lib/libncursesw.so.6.5
7ccfdc6f2000-7ccfdc739000 r-xp 0000d000 00:21 1348711                    /usr/lib/libncursesw.so.6.5
7ccfdc739000-7ccfdc74f000 r--p 00054000 00:21 1348711                    /usr/lib/libncursesw.so.6.5
7ccfdc74f000-7ccfdc753000 r--p 0006a000 00:21 1348711                    /usr/lib/libncursesw.so.6.5
7ccfdc753000-7ccfdc754000 rw-p 0006e000 00:21 1348711                    /usr/lib/libncursesw.so.6.5
7ccfdc754000-7ccfdc756000 r--p 00000000 00:21 1022793                    /usr/lib/libpciaccess.so.0.11.1
7ccfdc756000-7ccfdc75b000 r-xp 00002000 00:21 1022793                    /usr/lib/libpciaccess.so.0.11.1
7ccfdc75b000-7ccfdc75d000 r--p 00007000 00:21 1022793                    /usr/lib/libpciaccess.so.0.11.1
7ccfdc75d000-7ccfdc75e000 r--p 00008000 00:21 1022793                    /usr/lib/libpciaccess.so.0.11.1
7ccfdc75e000-7ccfdc75f000 rw-p 00009000 00:21 1022793                    /usr/lib/libpciaccess.so.0.11.1
7ccfdc75f000-7ccfdc779000 r--p 00000000 00:21 4751781                    /usr/lib/libxml2.so.16.1.1
7ccfdc779000-7ccfdc84c000 r-xp 0001a000 00:21 4751781                    /usr/lib/libxml2.so.16.1.1
7ccfdc84c000-7ccfdc889000 r--p 000ed000 00:21 4751781                    /usr/lib/libxml2.so.16.1.1
7ccfdc889000-7ccfdc892000 r--p 0012a000 00:21 4751781                    /usr/lib/libxml2.so.16.1.1
7ccfdc892000-7ccfdc893000 rw-p 00133000 00:21 4751781                    /usr/lib/libxml2.so.16.1.1
7ccfdc893000-7ccfdc894000 rw-p 00000000 00:00 0 
7ccfdc894000-7ccfdc89a000 r--p 00000000 00:21 1022928                    /usr/lib/libedit.so.0.0.75
7ccfdc89a000-7ccfdc8bb000 r-xp 00006000 00:21 1022928                    /usr/lib/libedit.so.0.0.75
7ccfdc8bb000-7ccfdc8c8000 r--p 00027000 00:21 1022928                    /usr/lib/libedit.so.0.0.75
7ccfdc8c8000-7ccfdc8ca000 r--p 00034000 00:21 1022928                    /usr/lib/libedit.so.0.0.75
7ccfdc8ca000-7ccfdc8cb000 rw-p 00036000 00:21 1022928                    /usr/lib/libedit.so.0.0.75
7ccfdc8cb000-7ccfdc8ce000 rw-p 00000000 00:00 0 
7ccfdc8ce000-7ccfdc8d1000 r--p 00000000 00:21 5479047                    /usr/lib/libdrm_intel.so.1.131.0
7ccfdc8d1000-7ccfdc8e8000 r-xp 00003000 00:21 5479047                    /usr/lib/libdrm_intel.so.1.131.0
7ccfdc8e8000-7ccfdc8f1000 r--p 0001a000 00:21 5479047                    /usr/lib/libdrm_intel.so.1.131.0
7ccfdc8f1000-7ccfdc8f2000 r--p 00023000 00:21 5479047                    /usr/lib/libdrm_intel.so.1.131.0
7ccfdc8f2000-7ccfdc8f3000 rw-p 00024000 00:21 5479047                    /usr/lib/libdrm_intel.so.1.131.0
7ccfdc8f3000-7ccfdc8f6000 r--p 00000000 00:21 4223473                    /usr/lib/libelf-0.194.so
7ccfdc8f6000-7ccfdc909000 r-xp 00003000 00:21 4223473                    /usr/lib/libelf-0.194.so
7ccfdc909000-7ccfdc90d000 r--p 00016000 00:21 4223473                    /usr/lib/libelf-0.194.so
7ccfdc90d000-7ccfdc90e000 r--p 0001a000 00:21 4223473                    /usr/lib/libelf-0.194.so
7ccfdc90e000-7ccfdc90f000 rw-p 0001b000 00:21 4223473                    /usr/lib/libelf-0.194.so
7ccfdc90f000-7ccfdc912000 r--p 00000000 00:21 5479044                    /usr/lib/libdrm_amdgpu.so.1.131.0
7ccfdc912000-7ccfdc918000 r-xp 00003000 00:21 5479044                    /usr/lib/libdrm_amdgpu.so.1.131.0
7ccfdc918000-7ccfdc91a000 r--p 00009000 00:21 5479044                    /usr/lib/libdrm_amdgpu.so.1.131.0
7ccfdc91a000-7ccfdc91b000 r--p 0000a000 00:21 5479044                    /usr/lib/libdrm_amdgpu.so.1.131.0
7ccfdc91b000-7ccfdc91c000 rw-p 0000b000 00:21 5479044                    /usr/lib/libdrm_amdgpu.so.1.131.0
7ccfdc91c000-7ccfdc91d000 r--p 00000000 00:21 1022884                    /usr/lib/libxshmfence.so.1.0.0
7ccfdc91d000-7ccfdc91e000 r-xp 00001000 00:21 1022884                    /usr/lib/libxshmfence.so.1.0.0
7ccfdc91e000-7ccfdc91f000 r--p 00002000 00:21 1022884                    /usr/lib/libxshmfence.so.1.0.0
7ccfdc91f000-7ccfdc920000 r--p 00002000 00:21 1022884                    /usr/lib/libxshmfence.so.1.0.0
7ccfdc920000-7ccfdc921000 rw-p 00003000 00:21 1022884                    /usr/lib/libxshmfence.so.1.0.0
7ccfdc921000-7ccfdc923000 r--p 00000000 00:21 1358871                    /usr/lib/libsensors.so.5.0.0
7ccfdc923000-7ccfdc92b000 r-xp 00002000 00:21 1358871                    /usr/lib/libsensors.so.5.0.0
7ccfdc92b000-7ccfdc92f000 r--p 0000a000 00:21 1358871                    /usr/lib/libsensors.so.5.0.0
7ccfdc92f000-7ccfdc930000 r--p 0000e000 00:21 1358871                    /usr/lib/libsensors.so.5.0.0
7ccfdc930000-7ccfdc931000 rw-p 0000f000 00:21 1358871                    /usr/lib/libsensors.so.5.0.0
7ccfdc931000-7ccfdc946000 r--p 00000000 00:21 5484775                    /usr/lib/libSPIRV-Tools.so
7ccfdc946000-7ccfdca61000 r-xp 00015000 00:21 5484775                    /usr/lib/libSPIRV-Tools.so
7ccfdca61000-7ccfdcada000 r--p 00130000 00:21 5484775                    /usr/lib/libSPIRV-Tools.so
7ccfdcada000-7ccfdcadd000 r--p 001a8000 00:21 5484775                    /usr/lib/libSPIRV-Tools.so
7ccfdcadd000-7ccfdcade000 rw-p 001ab000 00:21 5484775                    /usr/lib/libSPIRV-Tools.so
7ccfdcade000-7ccfdd400000 rw-p 00000000 00:00 0 
7ccfdd400000-7ccfdd642000 r--p 00000000 00:21 5740349                    /usr/lib/libnvidia-eglcore.so.580.119.02
7ccfdd642000-7ccfde306000 r-xp 00242000 00:21 5740349                    /usr/lib/libnvidia-eglcore.so.580.119.02
7ccfde306000-7ccfdf3a8000 r--p 00f06000 00:21 5740349                    /usr/lib/libnvidia-eglcore.so.580.119.02
7ccfdf3a8000-7ccfdf520000 r--p 01fa7000 00:21 5740349                    /usr/lib/libnvidia-eglcore.so.580.119.02
7ccfdf520000-7ccfdf574000 rw-p 0211f000 00:21 5740349                    /usr/lib/libnvidia-eglcore.so.580.119.02
7ccfdf574000-7ccfdf58a000 rw-p 00000000 00:00 0 
7ccfdf58a000-7ccfdf58b000 rw-s 00000000 00:01 43516                      /memfd:xshmfence (deleted)
7ccfdf58b000-7ccfdf58d000 rw-s 101873000 00:10 1078                      anon_inode:i915.gem
7ccfdf58d000-7ccfdf590000 r--p 00000000 00:21 1004374                    /usr/lib/libxcb-sync.so.1.0.0
7ccfdf590000-7ccfdf593000 r-xp 00003000 00:21 1004374                    /usr/lib/libxcb-sync.so.1.0.0
7ccfdf593000-7ccfdf594000 r--p 00006000 00:21 1004374                    /usr/lib/libxcb-sync.so.1.0.0
7ccfdf594000-7ccfdf595000 r--p 00007000 00:21 1004374                    /usr/lib/libxcb-sync.so.1.0.0
7ccfdf595000-7ccfdf596000 rw-p 00008000 00:21 1004374                    /usr/lib/libxcb-sync.so.1.0.0
7ccfdf596000-7ccfdf5a2000 r--p 00000000 00:21 1002974                    /usr/lib/libzstd.so.1.5.7
7ccfdf5a2000-7ccfdf668000 r-xp 0000c000 00:21 1002974                    /usr/lib/libzstd.so.1.5.7
7ccfdf668000-7ccfdf679000 r--p 000d2000 00:21 1002974                    /usr/lib/libzstd.so.1.5.7
7ccfdf679000-7ccfdf67a000 r--p 000e3000 00:21 1002974                    /usr/lib/libzstd.so.1.5.7
7ccfdf67a000-7ccfdf67b000 rw-p 000e4000 00:21 1002974                    /usr/lib/libzstd.so.1.5.7
7ccfdf67b000-7ccfdf67e000 r--p 00000000 00:21 1004380                    /usr/lib/libxcb-xfixes.so.0.0.0
7ccfdf67e000-7ccfdf681000 r-xp 00003000 00:21 1004380                    /usr/lib/libxcb-xfixes.so.0.0.0
7ccfdf681000-7ccfdf682000 r--p 00006000 00:21 1004380                    /usr/lib/libxcb-xfixes.so.0.0.0
7ccfdf682000-7ccfdf683000 r--p 00007000 00:21 1004380                    /usr/lib/libxcb-xfixes.so.0.0.0
7ccfdf683000-7ccfdf684000 rw-p 00008000 00:21 1004380                    /usr/lib/libxcb-xfixes.so.0.0.0
7ccfdf684000-7ccfdf68b000 r--p 00000000 00:21 1004353                    /usr/lib/libxcb-randr.so.0.1.0
7ccfdf68b000-7ccfdf691000 r-xp 00007000 00:21 1004353                    /usr/lib/libxcb-randr.so.0.1.0
7ccfdf691000-7ccfdf694000 r--p 0000d000 00:21 1004353                    /usr/lib/libxcb-randr.so.0.1.0
7ccfdf694000-7ccfdf695000 r--p 00010000 00:21 1004353                    /usr/lib/libxcb-randr.so.0.1.0
7ccfdf695000-7ccfdf696000 rw-p 00011000 00:21 1004353                    /usr/lib/libxcb-randr.so.0.1.0
7ccfdf696000-7ccfdf69c000 r--p 00000000 00:21 5574210                    /usr/lib/libEGL_mesa.so.0.0.0
7ccfdf69c000-7ccfdf6c7000 r-xp 00006000 00:21 5574210                    /usr/lib/libEGL_mesa.so.0.0.0
7ccfdf6c7000-7ccfdf6db000 r--p 00031000 00:21 5574210                    /usr/lib/libEGL_mesa.so.0.0.0
7ccfdf6db000-7ccfdf6e7000 r--p 00045000 00:21 5574210                    /usr/lib/libEGL_mesa.so.0.0.0
7ccfdf6e7000-7ccfdf6e8000 rw-p 00051000 00:21 5574210                    /usr/lib/libEGL_mesa.so.0.0.0
7ccfdf738000-7ccfdf73a000 r--p 00000000 00:21 4047303                    /usr/lib/libexpat.so.1.11.1
7ccfdf73a000-7ccfdf758000 r-xp 00002000 00:21 4047303                    /usr/lib/libexpat.so.1.11.1
7ccfdf758000-7ccfdf760000 r--p 00020000 00:21 4047303                    /usr/lib/libexpat.so.1.11.1
7ccfdf760000-7ccfdf762000 r--p 00028000 00:21 4047303                    /usr/lib/libexpat.so.1.11.1
7ccfdf762000-7ccfdf763000 rw-p 0002a000 00:21 4047303                    /usr/lib/libexpat.so.1.11.1
7ccfdf763000-7ccfdf773000 r--p 00000000 00:21 5740359                    /usr/lib/libnvidia-glsi.so.580.119.02
7ccfdf773000-7ccfdf7d3000 r-xp 00010000 00:21 5740359                    /usr/lib/libnvidia-glsi.so.580.119.02
7ccfdf7d3000-7ccfdf7f0000 r--p 00070000 00:21 5740359                    /usr/lib/libnvidia-glsi.so.580.119.02
7ccfdf7f0000-7ccfdf7f6000 r--p 0008c000 00:21 5740359                    /usr/lib/libnvidia-glsi.so.580.119.02
7ccfdf7f6000-7ccfdf7f7000 rw-p 00092000 00:21 5740359                    /usr/lib/libnvidia-glsi.so.580.119.02
7ccfdf7f7000-7ccfdf7ff000 rw-p 00000000 00:00 0 
7ccfdf7ff000-7ccfdf800000 ---p 00000000 00:00 0 
7ccfdf800000-7ccfe0000000 rw-p 00000000 00:00 0 
7ccfe0000000-7ccfe008b000 rw-p 00000000 00:00 0 
7ccfe008b000-7ccfe4000000 ---p 00000000 00:00 0 
7ccfe4000000-7ccfe4080000 rw-p 00000000 00:00 0 
7ccfe4080000-7ccfe8000000 ---p 00000000 00:00 0 
7ccfe8000000-7ccfe8022000 rw-p 00000000 00:00 0 
7ccfe8022000-7ccfec000000 ---p 00000000 00:00 0 
7ccfec000000-7ccfec021000 rw-p 00000000 00:00 0 
7ccfec021000-7ccff0000000 ---p 00000000 00:00 0 
7ccff0000000-7ccff0021000 rw-p 00000000 00:00 0 
7ccff0021000-7ccff4000000 ---p 00000000 00:00 0 
7ccff4000000-7ccff4001000 r--p 00000000 00:21 1004371                    /usr/lib/libxcb-shm.so.0.0.0
7ccff4001000-7ccff4002000 r-xp 00001000 00:21 1004371                    /usr/lib/libxcb-shm.so.0.0.0
7ccff4002000-7ccff4003000 r--p 00002000 00:21 1004371                    /usr/lib/libxcb-shm.so.0.0.0
7ccff4003000-7ccff4004000 r--p 00002000 00:21 1004371                    /usr/lib/libxcb-shm.so.0.0.0
7ccff4004000-7ccff4005000 rw-p 00003000 00:21 1004371                    /usr/lib/libxcb-shm.so.0.0.0
7ccff4005000-7ccff4007000 r--p 00000000 00:21 1004344                    /usr/lib/libxcb-dri3.so.0.1.0
7ccff4007000-7ccff4009000 r-xp 00002000 00:21 1004344                    /usr/lib/libxcb-dri3.so.0.1.0
7ccff4009000-7ccff400a000 r--p 00004000 00:21 1004344                    /usr/lib/libxcb-dri3.so.0.1.0
7ccff400a000-7ccff400b000 r--p 00004000 00:21 1004344                    /usr/lib/libxcb-dri3.so.0.1.0
7ccff400b000-7ccff400c000 rw-p 00005000 00:21 1004344                    /usr/lib/libxcb-dri3.so.0.1.0
7ccff400c000-7ccff400d000 r--p 00000000 00:21 1004350                    /usr/lib/libxcb-present.so.0.0.0
7ccff400d000-7ccff400e000 r-xp 00001000 00:21 1004350                    /usr/lib/libxcb-present.so.0.0.0
7ccff400e000-7ccff400f000 r--p 00002000 00:21 1004350                    /usr/lib/libxcb-present.so.0.0.0
7ccff400f000-7ccff4010000 r--p 00002000 00:21 1004350                    /usr/lib/libxcb-present.so.0.0.0
7ccff4010000-7ccff4011000 rw-p 00003000 00:21 1004350                    /usr/lib/libxcb-present.so.0.0.0
7ccff4011000-7ccff4013000 r--p 00000000 00:21 3544466                    /usr/lib/libffi.so.8.2.0
7ccff4013000-7ccff401a000 r-xp 00002000 00:21 3544466                    /usr/lib/libffi.so.8.2.0
7ccff401a000-7ccff401b000 r--p 00009000 00:21 3544466                    /usr/lib/libffi.so.8.2.0
7ccff401b000-7ccff401c000 r--p 0000a000 00:21 3544466                    /usr/lib/libffi.so.8.2.0
7ccff401c000-7ccff401d000 rw-p 0000b000 00:21 3544466                    /usr/lib/libffi.so.8.2.0
7ccff401d000-7ccff4020000 r--p 00000000 00:21 2532346                    /usr/lib/libwayland-client.so.0.24.0
7ccff4020000-7ccff4027000 r-xp 00003000 00:21 2532346                    /usr/lib/libwayland-client.so.0.24.0
7ccff4027000-7ccff402a000 r--p 0000a000 00:21 2532346                    /usr/lib/libwayland-client.so.0.24.0
7ccff402a000-7ccff402c000 r--p 0000c000 00:21 2532346                    /usr/lib/libwayland-client.so.0.24.0
7ccff402c000-7ccff402d000 rw-p 0000e000 00:21 2532346                    /usr/lib/libwayland-client.so.0.24.0
7ccff402d000-7ccff4032000 r--p 00000000 00:21 5479041                    /usr/lib/libdrm.so.2.131.0
7ccff4032000-7ccff403e000 r-xp 00005000 00:21 5479041                    /usr/lib/libdrm.so.2.131.0
7ccff403e000-7ccff4042000 r--p 00011000 00:21 5479041                    /usr/lib/libdrm.so.2.131.0
7ccff4042000-7ccff4043000 r--p 00015000 00:21 5479041                    /usr/lib/libdrm.so.2.131.0
7ccff4043000-7ccff4044000 rw-p 00016000 00:21 5479041                    /usr/lib/libdrm.so.2.131.0
7ccff4044000-7ccff4078000 r--p 00000000 00:21 5740321                    /usr/lib/libEGL_nvidia.so.580.119.02
7ccff4078000-7ccff410f000 r-xp 00034000 00:21 5740321                    /usr/lib/libEGL_nvidia.so.580.119.02
7ccff410f000-7ccff4163000 r--p 000cb000 00:21 5740321                    /usr/lib/libEGL_nvidia.so.580.119.02
7ccff4163000-7ccff4164000 ---p 0011f000 00:21 5740321                    /usr/lib/libEGL_nvidia.so.580.119.02
7ccff4164000-7ccff416c000 r--p 0011f000 00:21 5740321                    /usr/lib/libEGL_nvidia.so.580.119.02
7ccff416c000-7ccff4182000 rw-p 00127000 00:21 5740321                    /usr/lib/libEGL_nvidia.so.580.119.02
7ccff4182000-7ccff4187000 rw-p 00000000 00:00 0 
7ccff4187000-7ccff4189000 r--p 00000000 00:21 1611720                    /usr/lib/libGLdispatch.so.0.0.0
7ccff4189000-7ccff41c8000 r-xp 00002000 00:21 1611720                    /usr/lib/libGLdispatch.so.0.0.0
7ccff41c8000-7ccff41db000 r--p 00041000 00:21 1611720                    /usr/lib/libGLdispatch.so.0.0.0
7ccff41db000-7ccff41f7000 r--p 00054000 00:21 1611720                    /usr/lib/libGLdispatch.so.0.0.0
7ccff41f7000-7ccff41f8000 rw-p 00070000 00:21 1611720                    /usr/lib/libGLdispatch.so.0.0.0
7ccff41f8000-7ccff4200000 rw-p 00000000 00:00 0 
7ccff4200000-7ccff4202000 rw-s 101871000 00:10 1078                      anon_inode:i915.gem
7ccff4202000-7ccff4204000 r--p 00000000 00:21 1009608                    /usr/lib/libXtst.so.6.1.0
7ccff4204000-7ccff4207000 r-xp 00002000 00:21 1009608                    /usr/lib/libXtst.so.6.1.0
7ccff4207000-7ccff4208000 r--p 00005000 00:21 1009608                    /usr/lib/libXtst.so.6.1.0
7ccff4208000-7ccff4209000 r--p 00005000 00:21 1009608                    /usr/lib/libXtst.so.6.1.0
7ccff4209000-7ccff420a000 rw-p 00006000 00:21 1009608                    /usr/lib/libXtst.so.6.1.0
7ccff420f000-7ccff421f000 rw-s 105846000 00:10 1078                      anon_inode:i915.gem
7ccff421f000-7ccff422f000 rw-s 10820e000 00:10 1078                      anon_inode:i915.gem
7ccff422f000-7ccff4230000 ---p 00000000 00:00 0 
7ccff4230000-7ccff4a30000 rw-p 00000000 00:00 0 
7ccff4a30000-7ccff4a31000 ---p 00000000 00:00 0 
7ccff4a31000-7ccff4a35000 ---p 00000000 00:00 0 
7ccff4a35000-7ccff4b31000 rw-p 00000000 00:00 0 
7ccff4b31000-7ccff4b32000 ---p 00000000 00:00 0 
7ccff4b32000-7ccff5332000 rw-p 00000000 00:00 0 
7ccff5332000-7ccff5334000 r--p 00000000 00:21 5211370                    /usr/lib/spa-0.2/audioconvert/libspa-audioconvert.so
7ccff5334000-7ccff538a000 r-xp 00002000 00:21 5211370                    /usr/lib/spa-0.2/audioconvert/libspa-audioconvert.so
7ccff538a000-7ccff53f1000 r--p 00058000 00:21 5211370                    /usr/lib/spa-0.2/audioconvert/libspa-audioconvert.so
7ccff53f1000-7ccff53f8000 r--p 000bf000 00:21 5211370                    /usr/lib/spa-0.2/audioconvert/libspa-audioconvert.so
7ccff53f8000-7ccff53fb000 rw-p 000c6000 00:21 5211370                    /usr/lib/spa-0.2/audioconvert/libspa-audioconvert.so
7ccff53fb000-7ccff53fc000 ---p 00000000 00:00 0 
7ccff53fc000-7ccff5bfc000 rw-p 00000000 00:00 0 
7ccff5bfc000-7ccff5bfd000 ---p 00000000 00:00 0 
7ccff5bfd000-7ccff63fd000 rw-p 00000000 00:00 0 
7ccff63fd000-7ccff63fe000 ---p 00000000 00:00 0 
7ccff63fe000-7ccff6bfe000 rw-p 00000000 00:00 0 
7ccff6bfe000-7ccff6bff000 ---p 00000000 00:00 0 
7ccff6bff000-7ccff73ff000 rw-p 00000000 00:00 0 
7ccff73ff000-7ccff7400000 ---p 00000000 00:00 0 
7ccff7400000-7ccff7c00000 rw-p 00000000 00:00 0 
7ccff7c00000-7ccff7c97000 r--p 00000000 00:21 4749907                    /usr/lib/libstdc++.so.6.0.34
7ccff7c97000-7ccff7dec000 r-xp 00097000 00:21 4749907                    /usr/lib/libstdc++.so.6.0.34
7ccff7dec000-7ccff7e7e000 r--p 001ec000 00:21 4749907                    /usr/lib/libstdc++.so.6.0.34
7ccff7e7e000-7ccff7e8f000 r--p 0027e000 00:21 4749907                    /usr/lib/libstdc++.so.6.0.34
7ccff7e8f000-7ccff7e90000 rw-p 0028f000 00:21 4749907                    /usr/lib/libstdc++.so.6.0.34
7ccff7e90000-7ccff7e94000 rw-p 00000000 00:00 0 
7ccff7eac000-7ccff7eae000 r--p 00000000 00:21 1611708                    /usr/lib/libEGL.so.1.1.0
7ccff7eae000-7ccff7eb8000 r-xp 00002000 00:21 1611708                    /usr/lib/libEGL.so.1.1.0
7ccff7eb8000-7ccff7ebc000 r--p 0000c000 00:21 1611708                    /usr/lib/libEGL.so.1.1.0
7ccff7ebc000-7ccff7ebd000 r--p 0000f000 00:21 1611708                    /usr/lib/libEGL.so.1.1.0
7ccff7ebd000-7ccff7ebe000 rw-p 00010000 00:21 1611708                    /usr/lib/libEGL.so.1.1.0
7ccff7ebe000-7ccff7ec7000 rw-s 00008000 00:01 47410                      /memfd:pipewire-memfd:flags=0x0000000f,type=2,size=65664 (deleted)
7ccff7ec7000-7ccff7ed0000 rw-s 00000000 00:01 47410                      /memfd:pipewire-memfd:flags=0x0000000f,type=2,size=65664 (deleted)
7ccff7ed0000-7ccff7ed9000 rw-s 00008000 00:01 47409                      /memfd:pipewire-memfd:flags=0x0000000f,type=2,size=65664 (deleted)
7ccff7ed9000-7ccff7eee000 r--p 00000000 00:21 5573291                    /usr/lib/libsystemd.so.0.42.0
7ccff7eee000-7ccff7fb2000 r-xp 00015000 00:21 5573291                    /usr/lib/libsystemd.so.0.42.0
7ccff7fb2000-7ccff7ff5000 r--p 000d9000 00:21 5573291                    /usr/lib/libsystemd.so.0.42.0
7ccff7ff5000-7ccff7ffe000 r--p 0011c000 00:21 5573291                    /usr/lib/libsystemd.so.0.42.0
7ccff7ffe000-7ccff7fff000 rw-p 00125000 00:21 5573291                    /usr/lib/libsystemd.so.0.42.0
7ccff7fff000-7ccff8021000 rw-p 00000000 00:00 0 
7ccff8021000-7ccffc000000 ---p 00000000 00:00 0 
7ccffc000000-7ccffc021000 rw-p 00000000 00:00 0 
7ccffc021000-7cd000000000 ---p 00000000 00:00 0 
7cd000000000-7cd001231000 rw-p 00000000 00:00 0 
7cd001231000-7cd004000000 ---p 00000000 00:00 0 
7cd004000000-7cd00465f000 rw-p 00000000 00:00 0 
7cd00465f000-7cd008000000 ---p 00000000 00:00 0 
7cd008000000-7cd008021000 rw-p 00000000 00:00 0 
7cd008021000-7cd00c000000 ---p 00000000 00:00 0 
7cd00c000000-7cd00c021000 rw-p 00000000 00:00 0 
7cd00c021000-7cd010000000 ---p 00000000 00:00 0 
7cd010000000-7cd010021000 rw-p 00000000 00:00 0 
7cd010021000-7cd014000000 ---p 00000000 00:00 0 
7cd014000000-7cd014021000 rw-p 00000000 00:00 0 
7cd014021000-7cd018000000 ---p 00000000 00:00 0 
7cd018000000-7cd018360000 rw-p 00000000 00:00 0 
7cd018360000-7cd018400000 ---p 00000000 00:00 0 
7cd018400000-7cd018750000 rw-p 00000000 00:00 0 
7cd018750000-7cd01c000000 ---p 00000000 00:00 0 
7cd01c000000-7cd01c021000 rw-p 00000000 00:00 0 
7cd01c021000-7cd020000000 ---p 00000000 00:00 0 
7cd020000000-7cd020021000 rw-p 00000000 00:00 0 
7cd020021000-7cd024000000 ---p 00000000 00:00 0 
7cd024000000-7cd024021000 rw-p 00000000 00:00 0 
7cd024021000-7cd028000000 ---p 00000000 00:00 0 
7cd028000000-7cd028021000 rw-p 00000000 00:00 0 
7cd028021000-7cd02c000000 ---p 00000000 00:00 0 
7cd02c000000-7cd02c021000 rw-p 00000000 00:00 0 
7cd02c021000-7cd030000000 ---p 00000000 00:00 0 
7cd030002000-7cd03000b000 rw-s 00000000 00:01 47409                      /memfd:pipewire-memfd:flags=0x0000000f,type=2,size=65664 (deleted)
7cd03000b000-7cd03000d000 r--p 00000000 00:21 5211165                    /usr/lib/pipewire-0.3/libpipewire-module-session-manager.so
7cd03000d000-7cd03002a000 r-xp 00002000 00:21 5211165                    /usr/lib/pipewire-0.3/libpipewire-module-session-manager.so
7cd03002a000-7cd03002f000 r--p 0001f000 00:21 5211165                    /usr/lib/pipewire-0.3/libpipewire-module-session-manager.so
7cd03002f000-7cd030031000 r--p 00023000 00:21 5211165                    /usr/lib/pipewire-0.3/libpipewire-module-session-manager.so
7cd030031000-7cd030032000 rw-p 00025000 00:21 5211165                    /usr/lib/pipewire-0.3/libpipewire-module-session-manager.so
7cd030032000-7cd030034000 r--p 00000000 00:21 5211159                    /usr/lib/pipewire-0.3/libpipewire-module-metadata.so
7cd030034000-7cd03003d000 r-xp 00002000 00:21 5211159                    /usr/lib/pipewire-0.3/libpipewire-module-metadata.so
7cd03003d000-7cd03003f000 r--p 0000b000 00:21 5211159                    /usr/lib/pipewire-0.3/libpipewire-module-metadata.so
7cd03003f000-7cd030040000 r--p 0000c000 00:21 5211159                    /usr/lib/pipewire-0.3/libpipewire-module-metadata.so
7cd030040000-7cd030041000 rw-p 0000d000 00:21 5211159                    /usr/lib/pipewire-0.3/libpipewire-module-metadata.so
7cd030041000-7cd030044000 r--p 00000000 00:21 5211156                    /usr/lib/pipewire-0.3/libpipewire-module-client-node.so
7cd030044000-7cd030067000 r-xp 00003000 00:21 5211156                    /usr/lib/pipewire-0.3/libpipewire-module-client-node.so
7cd030067000-7cd03006d000 r--p 00026000 00:21 5211156                    /usr/lib/pipewire-0.3/libpipewire-module-client-node.so
7cd03006d000-7cd03006f000 r--p 0002c000 00:21 5211156                    /usr/lib/pipewire-0.3/libpipewire-module-client-node.so
7cd03006f000-7cd030070000 rw-p 0002e000 00:21 5211156                    /usr/lib/pipewire-0.3/libpipewire-module-client-node.so
7cd030070000-7cd030073000 r--p 00000000 00:21 5211162                    /usr/lib/pipewire-0.3/libpipewire-module-protocol-native.so
7cd030073000-7cd030095000 r-xp 00003000 00:21 5211162                    /usr/lib/pipewire-0.3/libpipewire-module-protocol-native.so
7cd030095000-7cd0300a1000 r--p 00025000 00:21 5211162                    /usr/lib/pipewire-0.3/libpipewire-module-protocol-native.so
7cd0300a1000-7cd0300b1000 r--p 00030000 00:21 5211162                    /usr/lib/pipewire-0.3/libpipewire-module-protocol-native.so
7cd0300b1000-7cd0300b2000 rw-p 00040000 00:21 5211162                    /usr/lib/pipewire-0.3/libpipewire-module-protocol-native.so
7cd0300b2000-7cd0300c0000 r--p 00000000 00:21 1308389                    /usr/lib/libdbus-1.so.3.38.3
7cd0300c0000-7cd0300f1000 r-xp 0000e000 00:21 1308389                    /usr/lib/libdbus-1.so.3.38.3
7cd0300f1000-7cd030102000 r--p 0003f000 00:21 1308389                    /usr/lib/libdbus-1.so.3.38.3
7cd030102000-7cd030104000 r--p 0004f000 00:21 1308389                    /usr/lib/libdbus-1.so.3.38.3
7cd030104000-7cd030105000 rw-p 00051000 00:21 1308389                    /usr/lib/libdbus-1.so.3.38.3
7cd030105000-7cd030118000 r--p 00000000 00:32 1302                       /tmp/lwjgl_abdenours/3.3.3+5/x64/libopenal.so
7cd030118000-7cd0301b8000 r-xp 00013000 00:32 1302                       /tmp/lwjgl_abdenours/3.3.3+5/x64/libopenal.so
7cd0301b8000-7cd03021a000 r--p 000b3000 00:32 1302                       /tmp/lwjgl_abdenours/3.3.3+5/x64/libopenal.so
7cd03021a000-7cd03021b000 ---p 00115000 00:32 1302                       /tmp/lwjgl_abdenours/3.3.3+5/x64/libopenal.so
7cd03021b000-7cd030220000 r--p 00115000 00:32 1302                       /tmp/lwjgl_abdenours/3.3.3+5/x64/libopenal.so
7cd030220000-7cd030221000 rw-p 0011a000 00:32 1302                       /tmp/lwjgl_abdenours/3.3.3+5/x64/libopenal.so
7cd030221000-7cd03029c000 rw-p 00000000 00:00 0 
7cd03029c000-7cd0304d4000 r--p 00000000 00:32 1301                       /tmp/libgdxabdenours/7f47ef07a3b30ad5/libGLESv2.so
7cd0304d4000-7cd03096f000 r-xp 00237000 00:32 1301                       /tmp/libgdxabdenours/7f47ef07a3b30ad5/libGLESv2.so
7cd03096f000-7cd0309b0000 r--p 006d1000 00:32 1301                       /tmp/libgdxabdenours/7f47ef07a3b30ad5/libGLESv2.so
7cd0309b0000-7cd0309ea000 rw-p 00711000 00:32 1301                       /tmp/libgdxabdenours/7f47ef07a3b30ad5/libGLESv2.so
7cd0309ea000-7cd031000000 rw-p 00000000 00:00 0 
7cd031000000-7cd031800000 rw-p 00000000 00:00 0 
7cd031808000-7cd03180a000 r--p 00000000 00:21 5211154                    /usr/lib/pipewire-0.3/libpipewire-module-adapter.so
7cd03180a000-7cd03180e000 r-xp 00002000 00:21 5211154                    /usr/lib/pipewire-0.3/libpipewire-module-adapter.so
7cd03180e000-7cd031810000 r--p 00006000 00:21 5211154                    /usr/lib/pipewire-0.3/libpipewire-module-adapter.so
7cd031810000-7cd031811000 r--p 00007000 00:21 5211154                    /usr/lib/pipewire-0.3/libpipewire-module-adapter.so
7cd031811000-7cd031812000 rw-p 00008000 00:21 5211154                    /usr/lib/pipewire-0.3/libpipewire-module-adapter.so
7cd031812000-7cd031814000 r--p 00000000 00:21 5211155                    /usr/lib/pipewire-0.3/libpipewire-module-client-device.so
7cd031814000-7cd03181f000 r-xp 00002000 00:21 5211155                    /usr/lib/pipewire-0.3/libpipewire-module-client-device.so
7cd03181f000-7cd031820000 r--p 0000d000 00:21 5211155                    /usr/lib/pipewire-0.3/libpipewire-module-client-device.so
7cd031820000-7cd031821000 r--p 0000e000 00:21 5211155                    /usr/lib/pipewire-0.3/libpipewire-module-client-device.so
7cd031821000-7cd031822000 rw-p 0000f000 00:21 5211155                    /usr/lib/pipewire-0.3/libpipewire-module-client-device.so
7cd031822000-7cd031824000 r--p 00000000 00:21 5211163                    /usr/lib/pipewire-0.3/libpipewire-module-rt.so
7cd031824000-7cd031828000 r-xp 00002000 00:21 5211163                    /usr/lib/pipewire-0.3/libpipewire-module-rt.so
7cd031828000-7cd03182a000 r--p 00006000 00:21 5211163                    /usr/lib/pipewire-0.3/libpipewire-module-rt.so
7cd03182a000-7cd03182b000 r--p 00007000 00:21 5211163                    /usr/lib/pipewire-0.3/libpipewire-module-rt.so
7cd03182b000-7cd03182c000 rw-p 00008000 00:21 5211163                    /usr/lib/pipewire-0.3/libpipewire-module-rt.so
7cd03182c000-7cd031833000 r--s 00000000 00:21 4749867                    /usr/lib/gconv/gconv-modules.cache
7cd031833000-7cd031834000 r--p 00000000 00:21 5211171                    /usr/lib/spa-0.2/support/libspa-dbus.so
7cd031834000-7cd031837000 r-xp 00001000 00:21 5211171                    /usr/lib/spa-0.2/support/libspa-dbus.so
7cd031837000-7cd031838000 r--p 00004000 00:21 5211171                    /usr/lib/spa-0.2/support/libspa-dbus.so
7cd031838000-7cd031839000 r--p 00004000 00:21 5211171                    /usr/lib/spa-0.2/support/libspa-dbus.so
7cd031839000-7cd03183a000 rw-p 00005000 00:21 5211171                    /usr/lib/spa-0.2/support/libspa-dbus.so
7cd03183a000-7cd031847000 r--p 00000000 00:21 5211128                    /usr/lib/libpipewire-0.3.so.0.1409.0
7cd031847000-7cd0318c1000 r-xp 0000d000 00:21 5211128                    /usr/lib/libpipewire-0.3.so.0.1409.0
7cd0318c1000-7cd0318dd000 r--p 00087000 00:21 5211128                    /usr/lib/libpipewire-0.3.so.0.1409.0
7cd0318dd000-7cd0318fa000 r--p 000a2000 00:21 5211128                    /usr/lib/libpipewire-0.3.so.0.1409.0
7cd0318fa000-7cd0318fb000 rw-p 000bf000 00:21 5211128                    /usr/lib/libpipewire-0.3.so.0.1409.0
7cd0318fb000-7cd0318fc000 rw-p 00000000 00:00 0 
7cd0318fc000-7cd031900000 r--p 00000000 00:21 4749877                    /usr/lib/libgcc_s.so.1
7cd031900000-7cd031923000 r-xp 00004000 00:21 4749877                    /usr/lib/libgcc_s.so.1
7cd031923000-7cd031927000 r--p 00027000 00:21 4749877                    /usr/lib/libgcc_s.so.1
7cd031927000-7cd031928000 r--p 0002a000 00:21 4749877                    /usr/lib/libgcc_s.so.1
7cd031928000-7cd031929000 rw-p 0002b000 00:21 4749877                    /usr/lib/libgcc_s.so.1
7cd031929000-7cd03193d000 r--p 00000000 00:32 1300                       /tmp/libgdxabdenours/7f47ef07a3b30ad5/libEGL.so
7cd03193d000-7cd031966000 r-xp 00013000 00:32 1300                       /tmp/libgdxabdenours/7f47ef07a3b30ad5/libEGL.so
7cd031966000-7cd031969000 r--p 0003b000 00:32 1300                       /tmp/libgdxabdenours/7f47ef07a3b30ad5/libEGL.so
7cd031969000-7cd03196a000 rw-p 0003d000 00:32 1300                       /tmp/libgdxabdenours/7f47ef07a3b30ad5/libEGL.so
7cd03196a000-7cd03196c000 rw-p 00000000 00:00 0 
7cd03196c000-7cd03196e000 r--p 00000000 00:21 3383373                    /usr/lib/libXfixes.so.3.1.0
7cd03196e000-7cd031971000 r-xp 00002000 00:21 3383373                    /usr/lib/libXfixes.so.3.1.0
7cd031971000-7cd031972000 r--p 00005000 00:21 3383373                    /usr/lib/libXfixes.so.3.1.0
7cd031972000-7cd031973000 r--p 00005000 00:21 3383373                    /usr/lib/libXfixes.so.3.1.0
7cd031973000-7cd031974000 rw-p 00006000 00:21 3383373                    /usr/lib/libXfixes.so.3.1.0
7cd031974000-7cd031977000 r--p 00000000 00:21 1023920                    /usr/lib/libXcursor.so.1.0.2
7cd031977000-7cd03197d000 r-xp 00003000 00:21 1023920                    /usr/lib/libXcursor.so.1.0.2
7cd03197d000-7cd03197f000 r--p 00009000 00:21 1023920                    /usr/lib/libXcursor.so.1.0.2
7cd03197f000-7cd031980000 r--p 0000a000 00:21 1023920                    /usr/lib/libXcursor.so.1.0.2
7cd031980000-7cd031981000 rw-p 0000b000 00:21 1023920                    /usr/lib/libXcursor.so.1.0.2
7cd031981000-7cd031989000 r--p 00000000 00:32 1295                       /tmp/lwjgl_abdenours/3.3.3+5/x64/libjemalloc.so
7cd031989000-7cd0319de000 r-xp 00008000 00:32 1295                       /tmp/lwjgl_abdenours/3.3.3+5/x64/libjemalloc.so
7cd0319de000-7cd0319ee000 r--p 0005d000 00:32 1295                       /tmp/lwjgl_abdenours/3.3.3+5/x64/libjemalloc.so
7cd0319ee000-7cd0319ef000 ---p 0006d000 00:32 1295                       /tmp/lwjgl_abdenours/3.3.3+5/x64/libjemalloc.so
7cd0319ef000-7cd0319f5000 r--p 0006d000 00:32 1295                       /tmp/lwjgl_abdenours/3.3.3+5/x64/libjemalloc.so
7cd0319f5000-7cd0319f6000 rw-p 00073000 00:32 1295                       /tmp/lwjgl_abdenours/3.3.3+5/x64/libjemalloc.so
7cd0319f6000-7cd031c00000 rw-p 00000000 00:00 0 
7cd031c00000-7cd031c20000 r-xp 00000000 00:32 1289                       /tmp/libgdxabdenours/da3a4817/libgdx64.so
7cd031c20000-7cd031e20000 ---p 00020000 00:32 1289                       /tmp/libgdxabdenours/da3a4817/libgdx64.so
7cd031e20000-7cd031e21000 r--p 00020000 00:32 1289                       /tmp/libgdxabdenours/da3a4817/libgdx64.so
7cd031e21000-7cd031e22000 rw-p 00021000 00:32 1289                       /tmp/libgdxabdenours/da3a4817/libgdx64.so
7cd031e23000-7cd031e24000 r--p 00000000 00:21 5782360                    /usr/lib/libX11-xcb.so.1.0.0
7cd031e24000-7cd031e25000 r-xp 00001000 00:21 5782360                    /usr/lib/libX11-xcb.so.1.0.0
7cd031e25000-7cd031e26000 r--p 00002000 00:21 5782360                    /usr/lib/libX11-xcb.so.1.0.0
7cd031e26000-7cd031e27000 r--p 00002000 00:21 5782360                    /usr/lib/libX11-xcb.so.1.0.0
7cd031e27000-7cd031e28000 rw-p 00003000 00:21 5782360                    /usr/lib/libX11-xcb.so.1.0.0
7cd031e28000-7cd031e2a000 r--p 00000000 00:21 1010367                    /usr/lib/libXrender.so.1.3.0
7cd031e2a000-7cd031e31000 r-xp 00002000 00:21 1010367                    /usr/lib/libXrender.so.1.3.0
7cd031e31000-7cd031e32000 r--p 00009000 00:21 1010367                    /usr/lib/libXrender.so.1.3.0
7cd031e32000-7cd031e33000 r--p 00009000 00:21 1010367                    /usr/lib/libXrender.so.1.3.0
7cd031e33000-7cd031e34000 rw-p 0000a000 00:21 1010367                    /usr/lib/libXrender.so.1.3.0
7cd031e34000-7cd031e4b000 r--p 00000000 00:21 5782363                    /usr/lib/libX11.so.6.4.0
7cd031e4b000-7cd031ee0000 r-xp 00017000 00:21 5782363                    /usr/lib/libX11.so.6.4.0
7cd031ee0000-7cd031f6f000 r--p 000ac000 00:21 5782363                    /usr/lib/libX11.so.6.4.0
7cd031f6f000-7cd031f72000 r--p 0013a000 00:21 5782363                    /usr/lib/libX11.so.6.4.0
7cd031f72000-7cd031f76000 rw-p 0013d000 00:21 5782363                    /usr/lib/libX11.so.6.4.0
7cd031f76000-7cd031f84000 r--p 00000000 00:32 1296                       /tmp/lwjgl_abdenours/3.3.3+5/x64/libglfw.so
7cd031f84000-7cd031fa3000 r-xp 0000e000 00:32 1296                       /tmp/lwjgl_abdenours/3.3.3+5/x64/libglfw.so
7cd031fa3000-7cd031fd6000 r--p 0002d000 00:32 1296                       /tmp/lwjgl_abdenours/3.3.3+5/x64/libglfw.so
7cd031fd6000-7cd031fd7000 ---p 00060000 00:32 1296                       /tmp/lwjgl_abdenours/3.3.3+5/x64/libglfw.so
7cd031fd7000-7cd031fda000 r--p 00060000 00:32 1296                       /tmp/lwjgl_abdenours/3.3.3+5/x64/libglfw.so
7cd031fda000-7cd031fdd000 rw-p 00063000 00:32 1296                       /tmp/lwjgl_abdenours/3.3.3+5/x64/libglfw.so
7cd031fdd000-7cd034021000 rw-p 00000000 00:00 0 
7cd034021000-7cd038000000 ---p 00000000 00:00 0 
7cd038000000-7cd038021000 rw-p 00000000 00:00 0 
7cd038021000-7cd03c000000 ---p 00000000 00:00 0 
7cd03c000000-7cd03c021000 rw-p 00000000 00:00 0 
7cd03c021000-7cd040000000 ---p 00000000 00:00 0 
7cd040000000-7cd040001000 rw-s 00000000 00:01 41716                      /memfd:xshmfence (deleted)
7cd040001000-7cd040004000 r--p 00000000 00:21 1009520                    /usr/lib/libXi.so.6.1.0
7cd040004000-7cd040010000 r-xp 00003000 00:21 1009520                    /usr/lib/libXi.so.6.1.0
7cd040010000-7cd040012000 r--p 0000f000 00:21 1009520                    /usr/lib/libXi.so.6.1.0
7cd040012000-7cd040013000 r--p 00011000 00:21 1009520                    /usr/lib/libXi.so.6.1.0
7cd040013000-7cd040014000 rw-p 00012000 00:21 1009520                    /usr/lib/libXi.so.6.1.0
7cd040014000-7cd040018000 r--p 00000000 00:21 1009432                    /usr/lib/libXext.so.6.4.0
7cd040018000-7cd040023000 r-xp 00004000 00:21 1009432                    /usr/lib/libXext.so.6.4.0
7cd040023000-7cd040027000 r--p 0000f000 00:21 1009432                    /usr/lib/libXext.so.6.4.0
7cd040027000-7cd040028000 r--p 00012000 00:21 1009432                    /usr/lib/libXext.so.6.4.0
7cd040028000-7cd040029000 rw-p 00013000 00:21 1009432                    /usr/lib/libXext.so.6.4.0
7cd040029000-7cd040035000 r--p 00000000 00:21 1004401                    /usr/lib/libxcb.so.1.1.0
7cd040035000-7cd040049000 r-xp 0000c000 00:21 1004401                    /usr/lib/libxcb.so.1.1.0
7cd040049000-7cd040052000 r--p 00020000 00:21 1004401                    /usr/lib/libxcb.so.1.1.0
7cd040052000-7cd040053000 r--p 00028000 00:21 1004401                    /usr/lib/libxcb.so.1.1.0
7cd040053000-7cd040054000 rw-p 00029000 00:21 1004401                    /usr/lib/libxcb.so.1.1.0
7cd040054000-7cd040056000 r--p 00000000 00:21 5574218                    /usr/lib/libgbm.so.1.0.0
7cd040056000-7cd040057000 r-xp 00002000 00:21 5574218                    /usr/lib/libgbm.so.1.0.0
7cd040057000-7cd040058000 r--p 00003000 00:21 5574218                    /usr/lib/libgbm.so.1.0.0
7cd040058000-7cd040059000 r--p 00003000 00:21 5574218                    /usr/lib/libgbm.so.1.0.0
7cd040059000-7cd04005a000 rw-p 00004000 00:21 5574218                    /usr/lib/libgbm.so.1.0.0
7cd04005a000-7cd04005b000 r--p 00000000 00:21 5211172                    /usr/lib/spa-0.2/support/libspa-journal.so
7cd04005b000-7cd04005d000 r-xp 00001000 00:21 5211172                    /usr/lib/spa-0.2/support/libspa-journal.so
7cd04005d000-7cd04005e000 r--p 00003000 00:21 5211172                    /usr/lib/spa-0.2/support/libspa-journal.so
7cd04005e000-7cd04005f000 r--p 00003000 00:21 5211172                    /usr/lib/spa-0.2/support/libspa-journal.so
7cd04005f000-7cd040060000 rw-p 00004000 00:21 5211172                    /usr/lib/spa-0.2/support/libspa-journal.so
7cd040060000-7cd040062000 r--p 00000000 00:21 5211173                    /usr/lib/spa-0.2/support/libspa-support.so
7cd040062000-7cd04007b000 r-xp 00002000 00:21 5211173                    /usr/lib/spa-0.2/support/libspa-support.so
7cd04007b000-7cd040080000 r--p 0001b000 00:21 5211173                    /usr/lib/spa-0.2/support/libspa-support.so
7cd040080000-7cd040082000 r--p 00020000 00:21 5211173                    /usr/lib/spa-0.2/support/libspa-support.so
7cd040082000-7cd040083000 rw-p 00022000 00:21 5211173                    /usr/lib/spa-0.2/support/libspa-support.so
7cd040083000-7cd0400ac000 r--p 00000000 00:32 1294                       /tmp/lwjgl_abdenours/3.3.3+5/x64/liblwjgl.so
7cd0400ac000-7cd0400de000 r-xp 00029000 00:32 1294                       /tmp/lwjgl_abdenours/3.3.3+5/x64/liblwjgl.so
7cd0400de000-7cd0400f7000 r--p 0005b000 00:32 1294                       /tmp/lwjgl_abdenours/3.3.3+5/x64/liblwjgl.so
7cd0400f7000-7cd0400f8000 r--p 00073000 00:32 1294                       /tmp/lwjgl_abdenours/3.3.3+5/x64/liblwjgl.so
7cd0400f8000-7cd0400f9000 rw-p 00074000 00:32 1294                       /tmp/lwjgl_abdenours/3.3.3+5/x64/liblwjgl.so
7cd0400f9000-7cd0400fa000 ---p 00000000 00:00 0 
7cd0400fa000-7cd0400fe000 ---p 00000000 00:00 0 
7cd0400fe000-7cd0401fa000 rw-p 00000000 00:00 0 
7cd0401fa000-7cd0401fb000 ---p 00000000 00:00 0 
7cd0401fb000-7cd0401ff000 ---p 00000000 00:00 0 
7cd0401ff000-7cd0402fb000 rw-p 00000000 00:00 0 
7cd0402fb000-7cd0402fc000 ---p 00000000 00:00 0 
7cd0402fc000-7cd040300000 ---p 00000000 00:00 0 
7cd040300000-7cd0403fc000 rw-p 00000000 00:00 0 
7cd0403fc000-7cd0403fd000 ---p 00000000 00:00 0 
7cd0403fd000-7cd040401000 ---p 00000000 00:00 0 
7cd040401000-7cd0404fd000 rw-p 00000000 00:00 0 
7cd0404fd000-7cd0404fe000 ---p 00000000 00:00 0 
7cd0404fe000-7cd040502000 ---p 00000000 00:00 0 
7cd040502000-7cd0405fe000 rw-p 00000000 00:00 0 
7cd0405fe000-7cd0405ff000 ---p 00000000 00:00 0 
7cd0405ff000-7cd040603000 ---p 00000000 00:00 0 
7cd040603000-7cd0406ff000 rw-p 00000000 00:00 0 
7cd0406ff000-7cd040700000 ---p 00000000 00:00 0 
7cd040700000-7cd040704000 ---p 00000000 00:00 0 
7cd040704000-7cd040800000 rw-p 00000000 00:00 0 
7cd040800000-7cd040aed000 r--p 00000000 00:21 4749865                    /usr/lib/locale/locale-archive
7cd040aed000-7cd040aee000 rw-s 103b98000 00:10 1078                      anon_inode:i915.gem
7cd040aee000-7cd040aef000 rw-s 100bd1000 00:10 1078                      anon_inode:i915.gem
7cd040aef000-7cd040af0000 rw-s 100bd0000 00:10 1078                      anon_inode:i915.gem
7cd040af0000-7cd040af1000 rw-s 00000000 00:01 3078                       /memfd:pipewire-memfd:flags=0x0000000f,type=2,size=2312 (deleted)
7cd040af1000-7cd040b2f000 r-xp 00000000 00:21 4164590                    /opt/jdk-25/lib/libsimdsort.so
7cd040b2f000-7cd040b30000 ---p 0003e000 00:21 4164590                    /opt/jdk-25/lib/libsimdsort.so
7cd040b30000-7cd040b31000 r--p 0003e000 00:21 4164590                    /opt/jdk-25/lib/libsimdsort.so
7cd040b31000-7cd040b32000 rw-p 0003f000 00:21 4164590                    /opt/jdk-25/lib/libsimdsort.so
7cd040b32000-7cd040b33000 ---p 00000000 00:00 0 
7cd040b33000-7cd040b37000 ---p 00000000 00:00 0 
7cd040b37000-7cd040c33000 rw-p 00000000 00:00 0 
7cd040c33000-7cd040cb4000 rw-p 00000000 00:00 0 
7cd040cb4000-7cd040cb5000 ---p 00000000 00:00 0 
7cd040cb5000-7cd040db5000 rw-p 00000000 00:00 0 
7cd040db5000-7cd040db6000 ---p 00000000 00:00 0 
7cd040db6000-7cd040eb6000 rw-p 00000000 00:00 0 
7cd040eb6000-7cd040eb7000 ---p 00000000 00:00 0 
7cd040eb7000-7cd040ebb000 ---p 00000000 00:00 0 
7cd040ebb000-7cd040fb7000 rw-p 00000000 00:00 0 
7cd040fb7000-7cd040fb8000 ---p 00000000 00:00 0 
7cd040fb8000-7cd0410b8000 rw-p 00000000 00:00 0 
7cd0410b8000-7cd0410b9000 ---p 00000000 00:00 0 
7cd0410b9000-7cd0411b9000 rw-p 00000000 00:00 0 
7cd0411b9000-7cd0419c1000 rw-p 00000000 00:00 0 
7cd0419c1000-7cd0419c2000 ---p 00000000 00:00 0 
7cd0419c2000-7cd041ac2000 rw-p 00000000 00:00 0 
7cd041ac2000-7cd041ac3000 ---p 00000000 00:00 0 
7cd041ac3000-7cd041bc3000 rw-p 00000000 00:00 0 
7cd041bc3000-7cd041bc4000 ---p 00000000 00:00 0 
7cd041bc4000-7cd041cc4000 rw-p 00000000 00:00 0 
7cd041cc4000-7cd041f29000 rw-p 00000000 00:00 0 
7cd041f29000-7cd043b69000 ---p 00000000 00:00 0 
7cd043b69000-7cd043bae000 rw-p 00000000 00:00 0 
7cd043bae000-7cd043f36000 ---p 00000000 00:00 0 
7cd043f36000-7cd043f74000 rw-p 00000000 00:00 0 
7cd043f74000-7cd0442fc000 ---p 00000000 00:00 0 
7cd0442fc000-7cd044600000 rw-p 00000000 00:00 0 
7cd044600000-7cd044870000 rwxp 00000000 00:00 0 
7cd044870000-7cd04bb37000 ---p 00000000 00:00 0 
7cd04bb37000-7cd04bda7000 rwxp 00000000 00:00 0 
7cd04bda7000-7cd04c0c8000 ---p 00000000 00:00 0 
7cd04c0c8000-7cd04c338000 rwxp 00000000 00:00 0 
7cd04c338000-7cd053600000 ---p 00000000 00:00 0 
7cd053600000-7cd05bea3000 r--s 00000000 00:21 4164595                    /opt/jdk-25/lib/modules
7cd05bea3000-7cd05bea4000 rw-s 00000000 00:01 47408                      /memfd:pipewire-memfd:flags=0x0000000f,type=2,size=4096 (deleted)
7cd05bea4000-7cd05d50d000 rw-p 00000000 00:00 0 
7cd05d50d000-7cd060000000 ---p 00000000 00:00 0 
7cd060000000-7cd060001000 r--p 00000000 00:21 1024001                    /usr/lib/libXinerama.so.1.0.0
7cd060001000-7cd060002000 r-xp 00001000 00:21 1024001                    /usr/lib/libXinerama.so.1.0.0
7cd060002000-7cd060003000 r--p 00002000 00:21 1024001                    /usr/lib/libXinerama.so.1.0.0
7cd060003000-7cd060004000 r--p 00002000 00:21 1024001                    /usr/lib/libXinerama.so.1.0.0
7cd060004000-7cd060005000 rw-p 00003000 00:21 1024001                    /usr/lib/libXinerama.so.1.0.0
7cd060005000-7cd060007000 r--p 00000000 00:21 1024400                    /usr/lib/libXrandr.so.2.2.0
7cd060007000-7cd06000e000 r-xp 00002000 00:21 1024400                    /usr/lib/libXrandr.so.2.2.0
7cd06000e000-7cd060010000 r--p 00009000 00:21 1024400                    /usr/lib/libXrandr.so.2.2.0
7cd060010000-7cd060011000 r--p 0000a000 00:21 1024400                    /usr/lib/libXrandr.so.2.2.0
7cd060011000-7cd060012000 rw-p 0000b000 00:21 1024400                    /usr/lib/libXrandr.so.2.2.0
7cd060012000-7cd060013000 r--p 00000000 00:21 1022894                    /usr/lib/libXxf86vm.so.1.0.0
7cd060013000-7cd060016000 r-xp 00001000 00:21 1022894                    /usr/lib/libXxf86vm.so.1.0.0
7cd060016000-7cd060017000 r--p 00004000 00:21 1022894                    /usr/lib/libXxf86vm.so.1.0.0
7cd060017000-7cd060018000 r--p 00004000 00:21 1022894                    /usr/lib/libXxf86vm.so.1.0.0
7cd060018000-7cd060019000 rw-p 00005000 00:21 1022894                    /usr/lib/libXxf86vm.so.1.0.0
7cd060019000-7cd06001b000 r--p 00000000 00:21 1004267                    /usr/lib/libXdmcp.so.6.0.0
7cd06001b000-7cd06001d000 r-xp 00002000 00:21 1004267                    /usr/lib/libXdmcp.so.6.0.0
7cd06001d000-7cd06001f000 r--p 00004000 00:21 1004267                    /usr/lib/libXdmcp.so.6.0.0
7cd06001f000-7cd060020000 r--p 00005000 00:21 1004267                    /usr/lib/libXdmcp.so.6.0.0
7cd060020000-7cd060021000 rw-p 00006000 00:21 1004267                    /usr/lib/libXdmcp.so.6.0.0
7cd060021000-7cd060022000 r--p 00000000 00:21 1004278                    /usr/lib/libXau.so.6.0.0
7cd060022000-7cd060023000 r-xp 00001000 00:21 1004278                    /usr/lib/libXau.so.6.0.0
7cd060023000-7cd060024000 r--p 00002000 00:21 1004278                    /usr/lib/libXau.so.6.0.0
7cd060024000-7cd060025000 r--p 00002000 00:21 1004278                    /usr/lib/libXau.so.6.0.0
7cd060025000-7cd060026000 rw-p 00003000 00:21 1004278                    /usr/lib/libXau.so.6.0.0
7cd060026000-7cd06042f000 rw-p 00000000 00:00 0 
7cd06042f000-7cd060515000 ---p 00000000 00:00 0 
7cd060515000-7cd06051a000 rw-p 00000000 00:00 0 
7cd06051a000-7cd060600000 ---p 00000000 00:00 0 
7cd060600000-7cd061add000 r-xp 00000000 00:21 4164608                    /opt/jdk-25/lib/server/libjvm.so
7cd061add000-7cd061ade000 ---p 014dd000 00:21 4164608                    /opt/jdk-25/lib/server/libjvm.so
7cd061ade000-7cd061bc4000 r--p 014dd000 00:21 4164608                    /opt/jdk-25/lib/server/libjvm.so
7cd061bc4000-7cd061bed000 rw-p 015c3000 00:21 4164608                    /opt/jdk-25/lib/server/libjvm.so
7cd061bed000-7cd061c69000 rw-p 00000000 00:00 0 
7cd061c69000-7cd061c6a000 rw-s 00000000 00:01 47407                      /memfd:pipewire-memfd:flags=0x0000000f,type=2,size=2312 (deleted)
7cd061c6a000-7cd061c6b000 rw-s 00000000 00:01 48287                      /memfd:pipewire-memfd:flags=0x0000000f,type=2,size=2312 (deleted)
7cd061c6b000-7cd061c6c000 rw-p 00000000 00:00 0 
7cd061c6c000-7cd061c6d000 rw-p 00000000 00:00 0 
7cd061c6d000-7cd061c6e000 rw-p 00000000 00:00 0 
7cd061c6e000-7cd061c75000 r-xp 00000000 00:21 4164594                    /opt/jdk-25/lib/libzip.so
7cd061c75000-7cd061c76000 ---p 00007000 00:21 4164594                    /opt/jdk-25/lib/libzip.so
7cd061c76000-7cd061c77000 r--p 00007000 00:21 4164594                    /opt/jdk-25/lib/libzip.so
7cd061c77000-7cd061c78000 rw-p 00008000 00:21 4164594                    /opt/jdk-25/lib/libzip.so
7cd061c78000-7cd061c84000 r-xp 00000000 00:21 4164584                    /opt/jdk-25/lib/libnet.so
7cd061c84000-7cd061c85000 r--p 0000b000 00:21 4164584                    /opt/jdk-25/lib/libnet.so
7cd061c85000-7cd061c86000 rw-p 0000c000 00:21 4164584                    /opt/jdk-25/lib/libnet.so
7cd061c86000-7cd061c9a000 r-xp 00000000 00:21 4164585                    /opt/jdk-25/lib/libnio.so
7cd061c9a000-7cd061c9b000 r--p 00013000 00:21 4164585                    /opt/jdk-25/lib/libnio.so
7cd061c9b000-7cd061c9c000 rw-p 00014000 00:21 4164585                    /opt/jdk-25/lib/libnio.so
7cd061c9c000-7cd061cdd000 rw-p 00000000 00:00 0 
7cd061cdd000-7cd061cfd000 r-xp 00000000 00:21 4164570                    /opt/jdk-25/lib/libjava.so
7cd061cfd000-7cd061cfe000 r--p 0001f000 00:21 4164570                    /opt/jdk-25/lib/libjava.so
7cd061cfe000-7cd061cff000 rw-p 00020000 00:21 4164570                    /opt/jdk-25/lib/libjava.so
7cd061cff000-7cd061d00000 rw-p 00000000 00:00 0 
7cd061d00000-7cd061d04000 ---p 00000000 00:00 0 
7cd061d04000-7cd061e00000 rw-p 00000000 00:00 0 
7cd061e00000-7cd061e24000 r--p 00000000 00:21 4749148                    /usr/lib/libc.so.6
7cd061e24000-7cd061f95000 r-xp 00024000 00:21 4749148                    /usr/lib/libc.so.6
7cd061f95000-7cd062004000 r--p 00195000 00:21 4749148                    /usr/lib/libc.so.6
7cd062004000-7cd062008000 r--p 00203000 00:21 4749148                    /usr/lib/libc.so.6
7cd062008000-7cd06200a000 rw-p 00207000 00:21 4749148                    /usr/lib/libc.so.6
7cd06200a000-7cd062012000 rw-p 00000000 00:00 0 
7cd062012000-7cd062013000 r-xp 00059000 00:32 1294                       /tmp/lwjgl_abdenours/3.3.3+5/x64/liblwjgl.so
7cd062013000-7cd062014000 rw-p 00000000 00:00 0 
7cd062014000-7cd062019000 rw-p 00000000 00:00 0 
7cd062019000-7cd062020000 ---p 00000000 00:00 0 
7cd062020000-7cd06202f000 r--p 00000000 00:21 4749158                    /usr/lib/libm.so.6
7cd06202f000-7cd0620ba000 r-xp 0000f000 00:21 4749158                    /usr/lib/libm.so.6
7cd0620ba000-7cd06212c000 r--p 0009a000 00:21 4749158                    /usr/lib/libm.so.6
7cd06212c000-7cd06212d000 r--p 0010b000 00:21 4749158                    /usr/lib/libm.so.6
7cd06212d000-7cd06212e000 rw-p 0010c000 00:21 4749158                    /usr/lib/libm.so.6
7cd06212e000-7cd06212f000 r--p 00000000 00:21 4749180                    /usr/lib/librt.so.1
7cd06212f000-7cd062130000 r-xp 00001000 00:21 4749180                    /usr/lib/librt.so.1
7cd062130000-7cd062131000 r--p 00002000 00:21 4749180                    /usr/lib/librt.so.1
7cd062131000-7cd062132000 r--p 00002000 00:21 4749180                    /usr/lib/librt.so.1
7cd062132000-7cd062133000 rw-p 00003000 00:21 4749180                    /usr/lib/librt.so.1
7cd062133000-7cd062137000 rw-p 00000000 00:00 0 
7cd062137000-7cd062138000 r--p 00000000 00:21 4749175                    /usr/lib/libpthread.so.0
7cd062138000-7cd062139000 r-xp 00001000 00:21 4749175                    /usr/lib/libpthread.so.0
7cd062139000-7cd06213a000 r--p 00002000 00:21 4749175                    /usr/lib/libpthread.so.0
7cd06213a000-7cd06213b000 r--p 00002000 00:21 4749175                    /usr/lib/libpthread.so.0
7cd06213b000-7cd06213c000 rw-p 00003000 00:21 4749175                    /usr/lib/libpthread.so.0
7cd06213c000-7cd06213d000 r--p 00000000 00:21 4749153                    /usr/lib/libdl.so.2
7cd06213d000-7cd06213e000 r-xp 00001000 00:21 4749153                    /usr/lib/libdl.so.2
7cd06213e000-7cd06213f000 r--p 00002000 00:21 4749153                    /usr/lib/libdl.so.2
7cd06213f000-7cd062140000 r--p 00002000 00:21 4749153                    /usr/lib/libdl.so.2
7cd062140000-7cd062141000 rw-p 00003000 00:21 4749153                    /usr/lib/libdl.so.2
7cd062141000-7cd062144000 r--p 00000000 00:21 994070                     /usr/lib/libz.so.1.3.1
7cd062144000-7cd062152000 r-xp 00003000 00:21 994070                     /usr/lib/libz.so.1.3.1
7cd062152000-7cd062158000 r--p 00011000 00:21 994070                     /usr/lib/libz.so.1.3.1
7cd062158000-7cd062159000 r--p 00017000 00:21 994070                     /usr/lib/libz.so.1.3.1
7cd062159000-7cd06215a000 rw-p 00018000 00:21 994070                     /usr/lib/libz.so.1.3.1
7cd06215a000-7cd062162000 rw-s 00000000 00:32 28563                      /tmp/hsperfdata_abdenours/181684 (deleted)
7cd062162000-7cd062163000 ---p 00000000 00:00 0 
7cd062163000-7cd062164000 r--p 00000000 00:00 0 
7cd062164000-7cd062165000 ---p 00000000 00:00 0 
7cd062165000-7cd062185000 r-xp 00000000 00:21 4164574                    /opt/jdk-25/lib/libjimage.so
7cd062185000-7cd062186000 ---p 00020000 00:21 4164574                    /opt/jdk-25/lib/libjimage.so
7cd062186000-7cd062188000 r--p 00020000 00:21 4164574                    /opt/jdk-25/lib/libjimage.so
7cd062188000-7cd062189000 rw-p 00022000 00:21 4164574                    /opt/jdk-25/lib/libjimage.so
7cd062189000-7cd062198000 r-xp 00000000 00:21 4164575                    /opt/jdk-25/lib/libjli.so
7cd062198000-7cd062199000 r--p 0000e000 00:21 4164575                    /opt/jdk-25/lib/libjli.so
7cd062199000-7cd06219a000 rw-p 0000f000 00:21 4164575                    /opt/jdk-25/lib/libjli.so
7cd06219a000-7cd06219c000 rw-p 00000000 00:00 0 
7cd06219c000-7cd0621a0000 r--p 00000000 00:00 0                          [vvar]
7cd0621a0000-7cd0621a2000 r-xp 00000000 00:00 0                          [vdso]
7cd0621a2000-7cd0621a3000 r--p 00000000 00:21 4749139                    /usr/lib/ld-linux-x86-64.so.2
7cd0621a3000-7cd0621cd000 r-xp 00001000 00:21 4749139                    /usr/lib/ld-linux-x86-64.so.2
7cd0621cd000-7cd0621db000 r--p 0002b000 00:21 4749139                    /usr/lib/ld-linux-x86-64.so.2
7cd0621db000-7cd0621dd000 r--p 00039000 00:21 4749139                    /usr/lib/ld-linux-x86-64.so.2
7cd0621dd000-7cd0621de000 rw-p 0003b000 00:21 4749139                    /usr/lib/ld-linux-x86-64.so.2
7cd0621de000-7cd0621df000 rw-p 00000000 00:00 0 
7ffe4ae15000-7ffe4ae38000 rw-p 00000000 00:00 0                          [stack]
ffffffffff600000-ffffffffff601000 --xp 00000000 00:00 0                  [vsyscall]
Total number of mappings: 679

JVMTI agents: none


VM Arguments:
jvm_args: -Dfile.encoding=UTF-8 -Duser.country=US -Duser.language=en -Duser.variant 
java_command: com.mygdx.game.lwjgl3.Lwjgl3Launcher
java_class_path (initial): /home/abdenours/Desktop/friend_graphics_test/lwjgl3/build/classes/java/main:/home/abdenours/Desktop/friend_graphics_test/lwjgl3/build/resources/main:/home/abdenours/.gradle/caches/modules-2/files-2.1/com.badlogicgames.gdx/gdx-backend-lwjgl3/1.14.0/122cf51d4a3bcd4e14e8fbd16ae2b65f27fe2d57/gdx-backend-lwjgl3-1.14.0.jar:/home/abdenours/.gradle/caches/modules-2/files-2.1/com.badlogicgames.gdx/gdx-lwjgl3-angle/1.14.0/f15d8d7ec09ef7486490f05f098ab57b4d318073/gdx-lwjgl3-angle-1.14.0.jar:/home/abdenours/.gradle/caches/modules-2/files-2.1/com.badlogicgames.gdx/gdx-platform/1.14.0/d0ecc53f2c20576f1ba4ac9ba157cf48f7bd9821/gdx-platform-1.14.0-natives-desktop.jar:/home/abdenours/Desktop/friend_graphics_test/core/build/libs/core-1.0.0.jar:/home/abdenours/.gradle/caches/modules-2/files-2.1/com.badlogicgames.gdx/gdx/1.14.0/8accfce8d9313d9ddd23a2c9e315179783085ef2/gdx-1.14.0.jar:/home/abdenours/.gradle/caches/modules-2/files-2.1/org.lwjgl/lwjgl-glfw/3.3.3/efa1eb78c5ccd840e9f329717109b5e892d72f8e/lwjgl-glfw-3.3.3.jar:/home/abdenours/.gradle/caches/modules-2/files-2.1/org.lwjgl/lwjgl-glfw/3.3.3/a03684c5e4b1b1dbbe0d29dbbdc27b985b6840f2/lwjgl-glfw-3.3.3-natives-linux.jar:/home/abdenours/.gradle/caches/modules-2/files-2.1/org.lwjgl/lwjgl-glfw/3.3.3/d9af485c32545b37dd5359b163161d42d7534dcf/lwjgl-glfw-3.3.3-natives-linux-arm32.jar:/home/abdenours/.gradle/caches/modules-2/files-2.1/org.lwjgl/lwjgl-glfw/3.3.3/492a0f11f85b85899a6568f07511160c1b87cd38/lwjgl-glfw-3.3.3-natives-linux-arm64.jar:/home/abdenours/.gradle/caches/modules-2/files-2.1/org.lwjgl/lwjgl-glfw/3.3.3/a1bf400f6bc64e6195596cb1430dafda46090751/lwjgl-glfw-3.3.3-natives-macos.jar:/home/abdenours/.gradle/caches/modules-2/files-2.1/org.lwjgl/lwjgl-glfw/3.3.3/ee8cc78d0a4a5b3b4600fade6d927c9fc320c858/lwjgl-glfw-3.3.3-natives-macos-arm64.jar:/home/abdenours/.gradle/caches/modules-2/files-2.1/org.lwjgl/lwjgl-glfw/3.3.3/e449e28b4891fc423c54c85fbc5bb0b9efece67a/lwjgl-glfw-3.3.3-natives-windows.jar:/home/abdenours/.gradle/caches/modules-2/files-2.1/org.lwjgl/lwjgl-glfw/3.3.3/32334f3fd5270a59bad9939a93115acb6de36dcf/lwjgl-glfw-3.3.3-natives-windows-x86.jar:/home/abdenours/.gradle/caches/modules-2/files-2.1/org.lwjgl/lwjgl-jemalloc/3.3.3/b543467b7ff3c6920539a88ee602d34098628be5/lwjgl-jemalloc-3.3.3.jar:/home/abdenours/.gradle/caches/modules-2/files-2.1/org.lwjgl/lwjgl-jemalloc/3.3.3/4f86728bf449b1dd61251c4e0ac01df1389cb51e/lwjgl-jemalloc-3.3.3-natives-linux.jar:/home/abdenours/.gradle/caches/modules-2/files-2.1/org.lwjgl/lwjgl-jemalloc/3.3.3/109b6931880d02d4e65ced38928a16e41d19873e/lwjgl-jemalloc-3.3.3-natives-linux-arm32.jar:/home/abdenours/.gradle/caches/modules-2/files-2.1/org.lwjgl/lwjgl-jemalloc/3.3.3/eff8b86798191192fe2cba2dc2776109f30c239d/lwjgl-jemalloc-3.3.3-natives-linux-arm64.jar:/home/abdenours/.gradle/caches/modules-2/files-2.1/org.lwjgl/lwjgl-jemalloc/3.3.3/2906637657a57579847238c9c72d2c4bde7083f8/lwjgl-jemalloc-3.3.3-natives-macos.jar:/home/abdenours/.gradle/caches/modules-2/files-2.1/org.lwjgl/lwjgl-jemalloc/3.3.3/e9412c3ff8cb3a3bad1d3f52909ad74d8a5bdad1/lwjgl-jemalloc-3.3.3-natives-macos-arm64.jar:/home/abdenours/.gradle/caches/modules-2/files-2.1/org.lwjgl/lwjgl-jemalloc/3.3.3/426222fc027602a5f21b9c0fe79cde6a4c7a011f/lwjgl-jemalloc-3.3.3-natives-windows.jar:/home/abdenours/.gradle/caches/modules-2/files-2.1/org.lwjgl/lwjgl-jemalloc/3.3.3/f6063b6e0f23be483c5c88d84ce51b39dc69126c/lwjgl-jemalloc-3.3.3-natives-windows-x86.jar:/home/abdenours/.gradle/caches/modules-2/files-2.1/org.lwjgl/lwjgl-openal/3.3.3/daada81ceb5fc0c291fbfdd4433cb8d9423577f2/lwjgl-openal-3.3.3.jar:/home/abdenours/.gradle/caches/modules-2/files-2.1/org.lwjgl/lwjgl-openal/3.3.3/3037360cc4595079bea240af250b6d1a527e0905/lwjgl-openal-3.3.3-natives-linux.jar:/home/abdenours/.gradle/caches/modules-2/files-2.1/org.lwjgl/lwjgl-openal/3.3.3/e1702aa09d20359d6cf5cb2999fa7685a785eca7/lwjgl-openal-3.3.3-natives-linux-arm32.jar:/home/abdenours/.gradle/caches/modules-2/files-2.1/org.lwjgl/lwjgl-openal/3.3.3/ad8f302118a65bb8d615f8a2a680db58fb8f835e/lwjgl-openal-3.3.3-natives-linux-arm64.jar:/home/abdenours/.gradle/caches/modules-2/files-2.1/org.lwjgl/lwjgl-openal/3.3.3/8df8338bfa77f2ebabef4e58964bd04d24805cbf/lwjgl-openal-3.3.3-natives-macos.jar:/home/abdenours/.gradle/caches/modules-2/files-2.1/org.lwjgl/lwjgl-openal/3.3.3/c78b078de2fb52f45aa55d04db889a560f3544f/lwjgl-openal-3.3.3-natives-macos-arm64.jar:/home/abdenours/.gradle/caches/modules-2/files-2.1/org.lwjgl/lwjgl-openal/3.3.3/cf83862ae95d98496b26915024c7e666d8ab1c8f/lwjgl-openal-3.3.3-natives-windows.jar:/home/abdenours/.gradle/caches/modules-2/files-2.1/org.lwjgl/lwjgl-openal/3.3.3/87b8d5050e3adb46bb58fe1cb2669a4a48fce10d/lwjgl-openal-3.3.3-natives-windows-x86.jar:/home/abdenours/.gradle/caches/modules-2/files-2.1/org.lwjgl/lwjgl-opengl/3.3.3/2f6b0147078396a58979125a4c947664e98293a/lwjgl-opengl-3.3.3.jar:/home/abdenours/.gradle/caches/modules-2/files-2.1/org.lwjgl/lwjgl-opengl/3.3.3/62c70a4b00ca5391882b0f4b787c1588d24f1c86/lwjgl-opengl-3.3.3-natives-linux.jar:/home/abdenours/.gradle/caches/modules-2/files-2.1/org.lwjgl/lwjgl-opengl/3.3.3/dbba17fc5ac0985d14a57c11f9537617d67b9952/lwjgl-opengl-3.3.3-natives-linux-arm32.jar:/home/abdenours/.gradle/caches/modules-2/files-2.1/org.lwjgl/lwjgl-opengl/3.3.3/2096f6b94b2d68745d858fbfe53aacf5f0c8074c/lwjgl-opengl-3.3.3-natives-linux-arm64.jar:/home/abdenours/.gradle/caches/modules-2/files-2.1/org.lwjgl/lwjgl-opengl/3.3.3/1bd45997551ae8a28469f3a2b678f4b7289e12c0/lwjgl-opengl-3.3.3-natives-macos.jar:/home/abdenours/.gradle/caches/modules-2/files-2.1/org.lwjgl/lwjgl-opengl/3.3.3/d213ddef27637b1af87961ffa94d6b27036becc8/lwjgl-opengl-3.3.3-natives-macos-arm64.jar:/home/abdenours/.gradle/caches/modules-2/files-2.1/org.lwjgl/lwjgl-opengl/3.3.3/e6c1eec8be8a71951b830a4d69efc01c6531900c/lwjgl-opengl-3.3.3-natives-windows.jar:/home/abdenours/.gradle/caches/modules-2/files-2.1/org.lwjgl/lwjgl-opengl/3.3.3/d32d833dcaa2f355a886eaf21f0408b5f03241d/lwjgl-opengl-3.3.3-natives-windows-x86.jar:/home/abdenours/.gradle/caches/modules-2/files-2.1/org.lwjgl/lwjgl-stb/3.3.3/25dd6161988d7e65f71d5065c99902402ee32746/lwjgl-stb-3.3.3.jar:/home/abdenours/.gradle/caches/modules-2/files-2.1/org.lwjgl/lwjgl-stb/3.3.3/fd1271ccd9d85eff2fa31f3fd543e02ccfaf5041/lwjgl-stb-3.3.3-natives-linux.jar:/home/abdenours/.gradle/caches/modules-2/files-2.1/org.lwjgl/lwjgl-stb/3.3.3/1ae28ff044699ff29b0e980ffabd73fba8a664b3/lwjgl-stb-3.3.3-natives-linux-arm32.jar:/home/abdenours/.gradle/caches/modules-2/files-2.1/org.lwjgl/lwjgl-stb/3.3.3/ddc177afc2be1ee8d93684b11363b80589a13fe1/lwjgl-stb-3.3.3-natives-linux-arm64.jar:/home/abdenours/.gradle/caches/modules-2/files-2.1/org.lwjgl/lwjgl-stb/3.3.3/472792c98fb2c1557c060cb9da5fca6a9773621f/lwjgl-stb-3.3.3-natives-macos.jar:/home/abdenours/.gradle/caches/modules-2/files-2.1/org.lwjgl/lwjgl-stb/3.3.3/51c6955571fbcdb7bb538c6aa589b953b584c6af/lwjgl-stb-3.3.3-natives-macos-arm64.jar:/home/abdenours/.gradle/caches/modules-2/files-2.1/org.lwjgl/lwjgl-stb/3.3.3/1d9facdf6541de114b0f963be33505b7679c78cb/lwjgl-stb-3.3.3-natives-windows.jar:/home/abdenours/.gradle/caches/modules-2/files-2.1/org.lwjgl/lwjgl-stb/3.3.3/b5c874687b9aac1a936501d4ed2c49567fd1b575/lwjgl-stb-3.3.3-natives-windows-x86.jar:/home/abdenours/.gradle/caches/modules-2/files-2.1/org.lwjgl/lwjgl-opengles/3.3.3/b3a29ff95bdb320122839741a3723338e6ecfa28/lwjgl-opengles-3.3.3.jar:/home/abdenours/.gradle/caches/modules-2/files-2.1/org.lwjgl/lwjgl-opengles/3.3.3/d59211c8746d50cfb610bd38f8d817a94fbdf013/lwjgl-opengles-3.3.3-natives-linux.jar:/home/abdenours/.gradle/caches/modules-2/files-2.1/org.lwjgl/lwjgl-opengles/3.3.3/8b0c02692d6f869dee1060f290fd157f05dfa999/lwjgl-opengles-3.3.3-natives-linux-arm32.jar:/home/abdenours/.gradle/caches/modules-2/files-2.1/org.lwjgl/lwjgl-opengles/3.3.3/af05595560d4ae6117242ca051e5ae4f27aea9e3/lwjgl-opengles-3.3.3-natives-linux-arm64.jar:/home/abdenours/.gradle/caches/modules-2/files-2.1/org.lwjgl/lwjgl-opengles/3.3.3/d6a20b1f204e48989d994923f4f5131c55424844/lwjgl-opengles-3.3.3-natives-macos.jar:/home/abdenours/.gradle/caches/modules-2/files-2.1/org.lwjgl/lwjgl-opengles/3.3.3/5aeb20635f6d20f2f7f69fe9c05cab831e574b8c/lwjgl-opengles-3.3.3-natives-macos-arm64.jar:/home/abdenours/.gradle/caches/modules-2/files-2.1/org.lwjgl/lwjgl-opengles/3.3.3/22939720fc2737b419dd52db84b8c56bcfab3aac/lwjgl-opengles-3.3.3-natives-windows.jar:/home/abdenours/.gradle/caches/modules-2/files-2.1/org.lwjgl/lwjgl-opengles/3.3.3/331b739ab66790449888e553052ecb051f37ad3f/lwjgl-opengles-3.3.3-natives-windows-x86.jar:/home/abdenours/.gradle/caches/modules-2/files-2.1/org.lwjgl/lwjgl-egl/3.3.3/2f0d613e3f769577548f08b11ae9b7571980aeb1/lwjgl-egl-3.3.3.jar:/home/abdenours/.gradle/caches/modules-2/files-2.1/org.lwjgl/lwjgl/3.3.3/29589b5f87ed335a6c7e7ee6a5775f81f97ecb84/lwjgl-3.3.3.jar:/home/abdenours/.gradle/caches/modules-2/files-2.1/org.lwjgl/lwjgl/3.3.3/1713758e3660ba66e1e954396fd18126038b33c0/lwjgl-3.3.3-natives-linux.jar:/home/abdenours/.gradle/caches/modules-2/files-2.1/org.lwjgl/lwjgl/3.3.3/2075c51a80f0ef0f22ba616ba54007ac2b0debd4/lwjgl-3.3.3-natives-linux-arm32.jar:/home/abdenours/.gradle/caches/modules-2/files-2.1/org.lwjgl/lwjgl/3.3.3/f35d8b6ffe1ac1e3a5eb1d4e33de80f044ad5fd8/lwjgl-3.3.3-natives-linux-arm64.jar:/home/abdenours/.gradle/caches/modules-2/files-2.1/org.lwjgl/lwjgl/3.3.3/33a6efa288390490ce6eb6c3df47ac21ecf648cf/lwjgl-3.3.3-natives-macos.jar:/home/abdenours/.gradle/caches/modules-2/files-2.1/org.lwjgl/lwjgl/3.3.3/226246e75f6bd8d4e1895bdce8638ef87808d114/lwjgl-3.3.3-natives-macos-arm64.jar:/home/abdenours/.gradle/caches/modules-2/files-2.1/org.lwjgl/lwjgl/3.3.3/a5ed18a2b82fc91b81f40d717cb1f64c9dcb0540/lwjgl-3.3.3-natives-windows.jar:/home/abdenours/.gradle/caches/modules-2/files-2.1/org.lwjgl/lwjgl/3.3.3/9e670718e050aeaeea0c2d5b907cffb142f2e58f/lwjgl-3.3.3-natives-windows-x86.jar:/home/abdenours/.gradle/caches/modules-2/files-2.1/com.badlogicgames.jlayer/jlayer/1.0.1-gdx/7cca83cec5c1b2f011362f4d85aabd71a73b049d/jlayer-1.0.1-gdx.jar:/home/abdenours/.gradle/caches/modules-2/files-2.1/org.jcraft/jorbis/0.0.17/8872d22b293e8f5d7d56ff92be966e6dc28ebdc6/jorbis-0.0.17.jar:/home/abdenours/.gradle/caches/modules-2/files-2.1/com.badlogicgames.gdx/gdx-jnigen-loader/2.5.2/f35e90affe07c46b4f5e5958a1a4c1820c4890e2/gdx-jnigen-loader-2.5.2.jar
Launcher Type: SUN_STANDARD

[Global flags]
     intx CICompilerCount                          = 4                                         {product} {ergonomic}
     uint ConcGCThreads                            = 2                                         {product} {ergonomic}
     uint G1ConcRefinementThreads                  = 8                                         {product} {ergonomic}
   size_t G1HeapRegionSize                         = 1048576                                   {product} {ergonomic}
   size_t InitialHeapSize                          = 127926272                                 {product} {ergonomic}
   size_t MarkStackSize                            = 4194304                                   {product} {ergonomic}
   size_t MarkStackSizeMax                         = 536870912                                 {product} {ergonomic}
   size_t MaxHeapSize                              = 2025848832                                {product} {ergonomic}
   size_t MaxNewSize                               = 1215299584                                {product} {ergonomic}
   size_t MinHeapDeltaBytes                        = 1048576                                   {product} {ergonomic}
   size_t MinHeapSize                              = 8388608                                   {product} {ergonomic}
    uintx NonNMethodCodeHeapSize                   = 5836800                                {pd product} {ergonomic}
    uintx NonProfiledCodeHeapSize                  = 122912768                              {pd product} {ergonomic}
    uintx ProfiledCodeHeapSize                     = 122908672                              {pd product} {ergonomic}
    uintx ReservedCodeCacheSize                    = 251658240                              {pd product} {ergonomic}
     bool SegmentedCodeCache                       = true                                      {product} {ergonomic}
   size_t SoftMaxHeapSize                          = 2025848832                             {manageable} {ergonomic}
     bool UseCompressedOops                        = true                           {product lp64_product} {ergonomic}
     bool UseG1GC                                  = true                                      {product} {ergonomic}

Logging:
Log output configuration:
 #0: 
[error occurred during error reporting (printing log configuration), id 0xb, SIGSEGV (0xb) at pc=0x00007cd0612bc576]
Release file:
IMPLEMENTOR="Oracle Corporation"
JAVA_RUNTIME_VERSION="25+37-LTS-3491"
JAVA_VERSION="25"
JAVA_VERSION_DATE="2025-09-16"
LIBC="gnu"
MODULES="java.base java.compiler java.datatransfer java.xml java.prefs java.desktop java.instrument java.logging java.management java.security.sasl java.naming java.rmi java.management.rmi java.net.http java.scripting java.security.jgss java.transaction.xa java.sql java.sql.rowset java.xml.crypto java.se java.smartcardio jdk.accessibility jdk.internal.jvmstat jdk.attach jdk.charsets jdk.internal.opt jdk.zipfs jdk.compiler jdk.crypto.cryptoki jdk.crypto.ec jdk.dynalink jdk.internal.ed jdk.editpad jdk.internal.vm.ci jdk.graal.compiler jdk.graal.compiler.management jdk.hotspot.agent jdk.httpserver jdk.incubator.vector jdk.internal.le jdk.internal.md jdk.jartool jdk.javadoc jdk.jcmd jdk.management jdk.management.agent jdk.jconsole jdk.jdeps jdk.jdwp.agent jdk.jdi jdk.jfr jdk.jlink jdk.jpackage jdk.jshell jdk.jsobject jdk.jstatd jdk.localedata jdk.management.jfr jdk.naming.dns jdk.naming.rmi jdk.net jdk.nio.mapmode jdk.sctp jdk.security.auth jdk.security.jgss jdk.unsupported jdk.unsupported.desktop jdk.xml.dom"
OS_ARCH="x86_64"
OS_NAME="Linux"
SOURCE=".:git:49d6a23b8806 open:git:6c48f4ed707b"

Environment Variables:
PATH=/usr/local/bin:/usr/bin:/bin:/usr/local/sbin:/usr/lib/jvm/default/bin:/usr/bin/site_perl:/usr/bin/vendor_perl:/usr/bin/core_perl
XDG_CACHE_HOME=/home/abdenours/.cache
XDG_CONFIG_HOME=/home/abdenours/.config
SHELL=/bin/bash
DISPLAY=:0.0
LANG=en_US.UTF-8
LC_NUMERIC=fr_FR.UTF-8
LC_TIME=fr_FR.UTF-8

Active Locale:
LC_ALL=LC_CTYPE=en_US.UTF-8;LC_NUMERIC=fr_FR.UTF-8;LC_TIME=fr_FR.UTF-8;LC_COLLATE=en_US.UTF-8;LC_MONETARY=fr_FR.UTF-8;LC_MESSAGES=en_US.UTF-8;LC_PAPER=fr_FR.UTF-8;LC_NAME=fr_FR.UTF-8;LC_ADDRESS=fr_FR.UTF-8;LC_TELEPHONE=fr_FR.UTF-8;LC_MEASUREMENT=fr_FR.UTF-8;LC_IDENTIFICATION=fr_FR.UTF-8
LC_COLLATE=en_US.UTF-8
LC_CTYPE=en_US.UTF-8
LC_MESSAGES=en_US.UTF-8
LC_MONETARY=fr_FR.UTF-8
LC_NUMERIC=fr_FR.UTF-8
LC_TIME=fr_FR.UTF-8

Signal Handlers:
   SIGSEGV: crash_handler in libjvm.so, mask=11100100010111111101111111111110, flags=SA_RESTART|SA_SIGINFO, unblocked
    SIGBUS: crash_handler in libjvm.so, mask=11100100010111111101111111111110, flags=SA_RESTART|SA_SIGINFO, unblocked
    SIGFPE: crash_handler in libjvm.so, mask=11100100010111111101111111111110, flags=SA_RESTART|SA_SIGINFO, unblocked
   SIGPIPE: javaSignalHandler in libjvm.so, mask=11100100010111111101111111111110, flags=SA_RESTART|SA_SIGINFO, blocked
   SIGXFSZ: javaSignalHandler in libjvm.so, mask=11100100010111111101111111111110, flags=SA_RESTART|SA_SIGINFO, blocked
    SIGILL: crash_handler in libjvm.so, mask=11100100010111111101111111111110, flags=SA_RESTART|SA_SIGINFO, unblocked
   SIGUSR2: SR_handler in libjvm.so, mask=00100000000000000000000000000000, flags=SA_RESTART|SA_SIGINFO, blocked
    SIGHUP: UserHandler in libjvm.so, mask=11100100010111111101111111111110, flags=SA_RESTART|SA_SIGINFO, blocked
    SIGINT: UserHandler in libjvm.so, mask=11100100010111111101111111111110, flags=SA_RESTART|SA_SIGINFO, blocked
   SIGTERM: UserHandler in libjvm.so, mask=11100100010111111101111111111110, flags=SA_RESTART|SA_SIGINFO, blocked
   SIGQUIT: UserHandler in libjvm.so, mask=11100100010111111101111111111110, flags=SA_RESTART|SA_SIGINFO, blocked
   SIGTRAP: crash_handler in libjvm.so, mask=11100100010111111101111111111110, flags=SA_RESTART|SA_SIGINFO, unblocked


Compilation memory statistics disabled.

Periodic native trim disabled

---------------  S Y S T E M  ---------------

OS:
DISTRIB_ID=Garuda
DISTRIB_RELEASE=Soaring
DISTRIB_DESCRIPTION="Garuda Linux Broadwing"
DISTRIB_CODENAME="Broadwing"
uname: Linux 6.12.63-1-lts #1 SMP PREEMPT_DYNAMIC Thu, 18 Dec 2025 14:48:15 +0000 x86_64
OS uptime: 1 days 7:23 hours
libc: glibc 2.42 NPTL 2.42 
rlimit (soft/hard): STACK 8192k/infinity , CORE infinity/infinity , NPROC 1048576/1048576 , NOFILE 1048576/1048576 , AS infinity/infinity , CPU infinity/infinity , DATA infinity/infinity , FSIZE infinity/infinity , MEMLOCK 8192k/8192k
load average: 2,16 2,53 1,95

/proc/meminfo:
MemTotal:        7908972 kB
MemFree:          119520 kB
MemAvailable:     878724 kB
Buffers:              12 kB
Cached:          1250616 kB
SwapCached:        25072 kB
Active:          3860808 kB
Inactive:        2427860 kB
Active(anon):    3264148 kB
Inactive(anon):  2078732 kB
Active(file):     596660 kB
Inactive(file):   349128 kB
Unevictable:      177032 kB
Mlocked:             264 kB
SwapTotal:      15848440 kB
SwapFree:       13501812 kB
Zswap:                 0 kB
Zswapped:              0 kB
Dirty:              2732 kB
Writeback:             0 kB
AnonPages:       5199940 kB
Mapped:           378212 kB
Shmem:            304160 kB
KReclaimable:      90968 kB
Slab:             261156 kB
SReclaimable:      90968 kB
SUnreclaim:       170188 kB
KernelStack:       16376 kB
PageTables:        62084 kB
SecPageTables:      2056 kB
NFS_Unstable:          0 kB
Bounce:                0 kB
WritebackTmp:          0 kB
CommitLimit:    19802924 kB
Committed_AS:   22007672 kB
VmallocTotal:   34359738367 kB
VmallocUsed:      276224 kB
VmallocChunk:          0 kB
Percpu:             5504 kB
HardwareCorrupted:     0 kB
AnonHugePages:    909312 kB
ShmemHugePages:    18432 kB
ShmemPmdMapped:        0 kB
FileHugePages:     59392 kB
FilePmdMapped:     59392 kB
CmaTotal:              0 kB
CmaFree:               0 kB
Unaccepted:            0 kB
HugePages_Total:       0
HugePages_Free:        0
HugePages_Rsvd:        0
HugePages_Surp:        0
Hugepagesize:       2048 kB
Hugetlb:               0 kB
DirectMap4k:      530576 kB
DirectMap2M:     4489216 kB
DirectMap1G:     3145728 kB

/sys/kernel/mm/transparent_hugepage/enabled: [always] madvise never
/sys/kernel/mm/transparent_hugepage/hpage_pmd_size: 2097152
/sys/kernel/mm/transparent_hugepage/shmem_enabled: always within_size advise [never] deny force
/sys/kernel/mm/transparent_hugepage/defrag (defrag/compaction efforts parameter): always defer defer+madvise [madvise] never

Process Memory:
Virtual Size: 5906692K (peak: 5907128K)
Resident Set Size: 202504K (peak: 230656K) (anon: 120564K, file: 78396K, shmem: 3544K)
Swapped out: 0K
C-Heap outstanding allocations: 48625K, retained: 33646K
glibc malloc tunables: (default)

/proc/sys/kernel/threads-max (system-wide limit on the number of threads): 59945
/proc/sys/vm/max_map_count (maximum number of memory map areas a process may have): 1048576
/proc/sys/vm/swappiness (control to define how aggressively the kernel swaps out anonymous memory): 133
/proc/sys/kernel/pid_max (system-wide limit on number of process identifiers): 4194304

container information not found.
Steal ticks since vm start: 0
Steal ticks percentage since vm start:  0,000

CPU: total 8 (initial active 8) (4 cores per cpu, 2 threads per core) family 6 model 126 stepping 5 microcode 0xca, cx8, cmov, fxsr, ht, mmx, 3dnowpref, sse, sse2, sse3, ssse3, sse4.1, sse4.2, popcnt, lzcnt, tsc, tscinvbit, avx, avx2, aes, erms, clmul, bmi1, bmi2, adx, avx512f, avx512dq, avx512cd, avx512bw, avx512vl, sha, fma, vzeroupper, avx512_vpopcntdq, avx512_vpclmulqdq, avx512_vaes, avx512_vnni, clflush, clflushopt, avx512_vbmi2, avx512_vbmi, rdtscp, rdpid, fsrm, gfni, avx512_bitalg, f16c, pku, ospke, avx512_ifma
CPU Model and flags from /proc/cpuinfo:
model name	: Intel(R) Core(TM) i7-1065G7 CPU @ 1.30GHz
flags		: fpu vme de pse tsc msr pae mce cx8 apic sep mtrr pge mca cmov pat pse36 clflush dts acpi mmx fxsr sse sse2 ss ht tm pbe syscall nx pdpe1gb rdtscp lm constant_tsc art arch_perfmon pebs bts rep_good nopl xtopology nonstop_tsc cpuid aperfmperf tsc_known_freq pni pclmulqdq dtes64 monitor ds_cpl vmx est tm2 ssse3 sdbg fma cx16 xtpr pdcm pcid sse4_1 sse4_2 x2apic movbe popcnt tsc_deadline_timer aes xsave avx f16c rdrand lahf_lm abm 3dnowprefetch cpuid_fault epb ssbd ibrs ibpb stibp ibrs_enhanced tpr_shadow flexpriority ept vpid ept_ad fsgsbase tsc_adjust bmi1 avx2 smep bmi2 erms invpcid avx512f avx512dq rdseed adx smap avx512ifma clflushopt intel_pt avx512cd sha_ni avx512bw avx512vl xsaveopt xsavec xgetbv1 xsaves split_lock_detect dtherm ida arat pln pts hwp hwp_notify hwp_act_window hwp_epp hwp_pkg_req vnmi avx512vbmi umip pku ospke avx512_vbmi2 gfni vaes vpclmulqdq avx512_vnni avx512_bitalg avx512_vpopcntdq rdpid fsrm md_clear flush_l1d arch_capabilities

Online cpus: 0-7
Offline cpus: 
BIOS frequency limitation: <Not Available>
Frequency switch latency (ns): 0
Available cpu frequencies: <Not Available>
Current governor: powersave
Core performance/turbo boost: <Not Available>

Memory: 4k page, physical 7908972k(878724k free), swap 15848440k(13501812k free)
Page Sizes: 4k

vm_info: Java HotSpot(TM) 64-Bit Server VM (25+37-LTS-3491) for linux-amd64 JRE (25+37-LTS-3491), built on 2025-08-14T21:13:00Z with gcc 14.2.0

END.
