#
# A fatal error has been detected by the Java Runtime Environment:
#
#  SIGSEGV (0xb) at pc=0x00007ca0e4d2a60e, pid=84999, tid=85035
#
# JRE version: Java(TM) SE Runtime Environment (25.0+37) (build 25+37-LTS-3491)
# Java VM: Java HotSpot(TM) 64-Bit Server VM (25+37-LTS-3491, mixed mode, sharing, tiered, compressed oops, compressed class ptrs, g1 gc, linux-amd64)
# Problematic frame:
# C  [libEGL_nvidia.so.0+0xb660e]
#
# Core dump will be written. Default location: Core dumps may be processed with "/usr/lib/systemd/systemd-coredump %P %u %g %s %t %c %h %d %F" (or dumping to /home/abdenours/Desktop/friend_graphics_test/core.84999)
#
# If you would like to submit a bug report, please visit:
#   https://bugreport.java.com/bugreport/crash.jsp
#

---------------  S U M M A R Y ------------

Command Line: -Dfile.encoding=UTF-8 -Duser.country=US -Duser.language=en -Duser.variant com.mygdx.game.lwjgl3.Lwjgl3Launcher

Host: Intel(R) Core(TM) i7-1065G7 CPU @ 1.30GHz, 8 cores, 7G, Garuda Linux Broadwing
Time: Tue Dec 30 17:28:45 2025 CET elapsed time: 13.768212 seconds (0d 0h 0m 13s)

---------------  T H R E A D  ---------------

Current thread is native thread

Stack: [0x00007ca0e67fe000,0x00007ca0e6ffe000],  sp=0x00007ca0e6ffce10,  free space=8187k
Native frames: (J=compiled Java code, j=interpreted, Vv=VM code, C=native code)
C  [libEGL_nvidia.so.0+0xb660e]

siginfo: si_signo: 11 (SIGSEGV), si_code: 1 (SEGV_MAPERR), si_addr: 0x0000000000000040

Registers:
RAX=0x0000000000000000, RBX=0x00007ca0e4b90f80, RCX=0x0000000000000001, RDX=0x00007ca0d7f7d7dc
RSP=0x00007ca0e6ffce10, RBP=0x00007ca0e4270040, RSI=0x00007ca0e4d1d840, RDI=0x00007ca0e4db64a8
R8 =0x0000000000000001, R9 =0x00000000008bb1aa, R10=0x0000000000000000, R11=0x00007ca15b5e8080
R12=0x00007ca0d7f82a60, R13=0x00007ca0e4270040, R14=0x00007ca0e4b91380, R15=0x0000000000000000
RIP=0x00007ca0e4d2a60e, EFLAGS=0x0000000000010206, CSGSFS=0x002b000000000033, ERR=0x0000000000000004
  TRAPNO=0x000000000000000e

XMM[0]=0x0000000000000000 0x000000004b4b30fc
XMM[1]=0x0000000000000000 0x0007000700070007
XMM[2]=0x00007ca15b410740 0x00007ca15b3978e0
XMM[3]=0x00007ca15b396fe0 0x00007ca15b3969e0
XMM[4]=0x0000000000000000 0x00007ca154000090
XMM[5]=0x0000000000000000 0x0000000000000000
XMM[6]=0x0000000000000000 0x0000000000000000
XMM[7]=0x0000000000000000 0x0000000000000000
XMM[8]=0x00007ca0d64089f0 0x00007ca0d64089e0
XMM[9]=0x0000000000000001 0x0000000000000001
XMM[10]=0x0000000000000002 0x0000000000000002
XMM[11]=0xffffffffffffffff 0xffffffffffffffff
XMM[12]=0x0000000000000001 0x0000000000000001
XMM[13]=0x0000000000000000 0x00007ca1546680f0
XMM[14]=0x0000000000000000 0x00007ca1546680e0
XMM[15]=0x0000000000000000 0x00007ca1546680d0
  MXCSR=0x00001fa2


Top of Stack: (sp=0x00007ca0e6ffce10)
0x00007ca0e6ffce10:   00007ca0d7f7f8c0 00007ca0d6810fda   .....|.......|..
0x00007ca0e6ffce20:   00007ca0d7f7f8c0 00007ca0d663729f   .....|...rc..|..
0x00007ca0e6ffce30:   00007ca1549cf780 00007ca0d7f2bcc0   ...T.|.......|..
0x00007ca0e6ffce40:   00007ca0e6ffd6c0 00017ca000000000   .....|.......|..
0x00007ca0e6ffce50:   00007ca1549cde60 00007ca0e4b91380   `..T.|.......|..
0x00007ca0e6ffce60:   00007ca0d6812480 00007ca0e6ffd6c0   .$...|.......|..
0x00007ca0e6ffce70:   00007ca15b1fba00 00007ca0e6ffdce4   ...[.|.......|..
0x00007ca0e6ffce80:   00007ca15b1fbb07 00007ca0d681345a   ...[.|..Z4...|..
0x00007ca0e6ffce90:   00007ca0e6ffd6c0 00007ca0e6ffd6c0   .....|.......|..
0x00007ca0e6ffcea0:   00007ca0e6ffcf70 00007ca15b29698b   p....|...i)[.|..
0x00007ca0e6ffceb0:   0000000000801000 00007ca0e67fd000   .............|..
0x00007ca0e6ffcec0:   0000000000000000 0000008000000000   ................
0x00007ca0e6ffced0:   ffffffffffffff40 0000000000000000   @...............
0x00007ca0e6ffcee0:   0000000000000020 00007ca0e6ffd6c0    ............|..
0x00007ca0e6ffcef0:   00007ca0e6ffd6c0 6e4d36b8ee40ddb5   .....|....@..6Mn
0x00007ca0e6ffcf00:   00007ca0e6ffd6c0 00007ca15b1fba00   .....|.....[.|..
0x00007ca0e6ffcf10:   0000000000000000 00007ca15b1fbb07   ...........[.|..
0x00007ca0e6ffcf20:   6e4d36b8edc0ddb5 6e4e4d15bf98ddb5   .....6Mn.....MNn
0x00007ca0e6ffcf30:   0000000000000000 0000000000000000   ................
0x00007ca0e6ffcf40:   0000000000000000 0000000000000000   ................
0x00007ca0e6ffcf50:   0000000000000000 2775901cb8a8f600   ..............u'
0x00007ca0e6ffcf60:   00007ca15b2966a0 0000000000000000   .f)[.|..........
0x00007ca0e6ffcf70:   0000000000000000 00007ca15b31a9cc   ..........1[.|..
0x00007ca0e6ffcf80:   0000000000000000 0000000000000000   ................
0x00007ca0e6ffcf90:   0000000000000000 0000000000000000   ................
0x00007ca0e6ffcfa0:   0000000000000000 0000000000000000   ................
0x00007ca0e6ffcfb0:   0000000000000000 0000000000000000   ................
0x00007ca0e6ffcfc0:   0000000000000000 0000000000000000   ................
0x00007ca0e6ffcfd0:   0000000000000000 0000000000000000   ................
0x00007ca0e6ffcfe0:   0000000000000000 0000000000000000   ................
0x00007ca0e6ffcff0:   0000000000000000 0000000000000000   ................
0x00007ca0e6ffd000:   0000000000000000 0000000000000000   ................

Instructions: (pc=0x00007ca0e4d2a60e)
  0x00007ca0e4d2a50e:   4c 24 08 48 85 c0 48 89 c2 74 61 48 89 08 49 8b
  0x00007ca0e4d2a51e:   44 24 40 48 83 c2 08 48 85 c0 74 41 41 8b 4c 24
  0x00007ca0e4d2a52e:   34 31 c0 85 c9 74 19 49 8b 74 24 40 89 c1 83 c0
  0x00007ca0e4d2a53e:   01 48 8b 34 ce 48 89 34 ca 41 39 44 24 34 77 e7
  0x00007ca0e4d2a54e:   49 8b 44 24 40 48 85 c0 74 13 48 8d 78 f8 48 89
  0x00007ca0e4d2a55e:   54 24 08 e8 1a a8 00 00 48 8b 54 24 08 45 89 7c
  0x00007ca0e4d2a56e:   24 34 49 89 54 24 40 e9 9a fe ff ff 45 8b 74 24
  0x00007ca0e4d2a57e:   34 e9 90 fe ff ff 66 2e 0f 1f 84 00 00 00 00 00
  0x00007ca0e4d2a58e:   66 90 48 8b 07 48 39 f0 74 58 55 48 89 fd 53 48
  0x00007ca0e4d2a59e:   89 f3 48 83 ec 08 48 85 c0 74 15 48 8d 78 08 ff
  0x00007ca0e4d2a5ae:   50 18 85 c0 75 0a 48 8b 7d 00 48 8b 07 ff 50 08
  0x00007ca0e4d2a5be:   48 89 5d 00 48 85 db 74 19 48 8b 43 10 48 83 c4
  0x00007ca0e4d2a5ce:   08 48 8d 7b 08 5b 5d ff e0 66 0f 1f 84 00 00 00
  0x00007ca0e4d2a5de:   00 00 48 83 c4 08 5b 5d c3 66 0f 1f 84 00 00 00
  0x00007ca0e4d2a5ee:   00 00 c3 66 66 2e 0f 1f 84 00 00 00 00 00 0f 1f
  0x00007ca0e4d2a5fe:   40 00 48 83 ec 08 bf 01 00 00 00 e8 62 4a ff ff
=>0x00007ca0e4d2a60e:   8b 70 40 48 8d 78 30 48 83 c4 08 e9 62 68 f8 ff
  0x00007ca0e4d2a61e:   66 90 48 83 ec 18 48 8b 87 b0 04 00 00 ba 04 00
  0x00007ca0e4d2a62e:   00 00 be 01 00 00 00 48 8d 4c 24 0c bf 01 00 00
  0x00007ca0e4d2a63e:   00 ff 90 d8 00 00 00 48 83 c4 18 c3 66 0f 1f 44
  0x00007ca0e4d2a64e:   00 00 49 89 fa 41 89 d1 40 0f b6 fe 89 ca 49 8b
  0x00007ca0e4d2a65e:   82 b0 04 00 00 4c 89 c1 44 89 ce 48 8b 80 d8 00
  0x00007ca0e4d2a66e:   00 00 ff e0 66 66 2e 0f 1f 84 00 00 00 00 00 0f
  0x00007ca0e4d2a67e:   1f 00 55 40 0f b6 f6 53 48 89 fb 48 83 ec 08 48
  0x00007ca0e4d2a68e:   8b af b0 04 00 00 e8 b7 ff ff ff ff 95 00 01 00
  0x00007ca0e4d2a69e:   00 8b 10 89 53 28 48 83 c4 08 5b 5d c3 0f 1f 44
  0x00007ca0e4d2a6ae:   00 00 41 57 41 56 49 89 fe bf 01 00 00 00 41 55
  0x00007ca0e4d2a6be:   49 89 f5 41 54 55 53 48 83 ec 58 48 89 14 24 e8
  0x00007ca0e4d2a6ce:   9e 49 ff ff 48 c7 44 24 18 00 00 00 00 83 b8 a0
  0x00007ca0e4d2a6de:   04 00 00 03 4c 8b b8 b0 04 00 00 48 89 c3 44 8b
  0x00007ca0e4d2a6ee:   60 38 0f 84 02 01 00 00 48 8d 4c 24 20 48 8d 70
  0x00007ca0e4d2a6fe:   30 ba 01 00 00 00 48 89 cf 48 89 4c 24 08 e8 7f



---------------  P R O C E S S  ---------------

VM state: at safepoint (shutting down)

VM Mutex/Monitor currently owned by a thread:  ([mutex/lock_event])
[0x00007ca15b0370a8] Threads_lock - owner thread: 0x00007ca15410e2d0
[0x00007ca15b036f28] Heap_lock - owner thread: 0x00007ca10c0010a0

Heap address: 0x0000000087400000, size: 1932 MB, Compressed Oops mode: 32-bit

CDS archive(s) mapped at: [0x000000001f000000-0x000000001fd92000-0x000000001fd92000), size 14229504, SharedBaseAddress: 0x000000001f000000, ArchiveRelocationMode: 1.
Compressed class space mapped at: 0x0000000020000000-0x0000000060000000, reserved size: 1073741824
UseCompressedClassPointers 1, UseCompactObjectHeaders 0
Narrow klass pointer bits 32, Max shift 3
Narrow klass base: 0x000000001f000000, Narrow klass shift: 0
Encoding Range: [0x000000001f000000 - 0x000000011f000000), (4294967296 bytes)
Klass Range:    [0x000000001f001000 - 0x0000000060000000), (1090514944 bytes)
Klass ID Range:  [4096 - 1090519033) (1090514937)
Protection zone: [0x000000001f000000 - 0x000000001f001000), (4096 bytes)

GC Precious Log:
<Skipped>

Heap:
 garbage-first heap   total reserved 1978368K, committed 126976K, used 20615K [0x0000000087400000, 0x0000000100000000)
  region size 1024K, 20 young (20480K), 0 survivors (0K)

Heap Regions: E=young(eden), S=young(survivor), O=old, HS=humongous(starts), HC=humongous(continues), CS=collection set, F=free, TAMS=top-at-mark-start, PB=parsable bottom
|   0|0x0000000087400000, 0x0000000087400000, 0x0000000087500000|  0%| F|  |TAMS 0x0000000087400000| PB 0x0000000087400000| Untracked |  0
|   1|0x0000000087500000, 0x0000000087500000, 0x0000000087600000|  0%| F|  |TAMS 0x0000000087500000| PB 0x0000000087500000| Untracked |  0
|   2|0x0000000087600000, 0x0000000087600000, 0x0000000087700000|  0%| F|  |TAMS 0x0000000087600000| PB 0x0000000087600000| Untracked |  0
|   3|0x0000000087700000, 0x0000000087700000, 0x0000000087800000|  0%| F|  |TAMS 0x0000000087700000| PB 0x0000000087700000| Untracked |  0
|   4|0x0000000087800000, 0x0000000087800000, 0x0000000087900000|  0%| F|  |TAMS 0x0000000087800000| PB 0x0000000087800000| Untracked |  0
|   5|0x0000000087900000, 0x0000000087900000, 0x0000000087a00000|  0%| F|  |TAMS 0x0000000087900000| PB 0x0000000087900000| Untracked |  0
|   6|0x0000000087a00000, 0x0000000087a00000, 0x0000000087b00000|  0%| F|  |TAMS 0x0000000087a00000| PB 0x0000000087a00000| Untracked |  0
|   7|0x0000000087b00000, 0x0000000087b00000, 0x0000000087c00000|  0%| F|  |TAMS 0x0000000087b00000| PB 0x0000000087b00000| Untracked |  0
|   8|0x0000000087c00000, 0x0000000087c00000, 0x0000000087d00000|  0%| F|  |TAMS 0x0000000087c00000| PB 0x0000000087c00000| Untracked |  0
|   9|0x0000000087d00000, 0x0000000087d00000, 0x0000000087e00000|  0%| F|  |TAMS 0x0000000087d00000| PB 0x0000000087d00000| Untracked |  0
|  10|0x0000000087e00000, 0x0000000087e00000, 0x0000000087f00000|  0%| F|  |TAMS 0x0000000087e00000| PB 0x0000000087e00000| Untracked |  0
|  11|0x0000000087f00000, 0x0000000087f00000, 0x0000000088000000|  0%| F|  |TAMS 0x0000000087f00000| PB 0x0000000087f00000| Untracked |  0
|  12|0x0000000088000000, 0x0000000088000000, 0x0000000088100000|  0%| F|  |TAMS 0x0000000088000000| PB 0x0000000088000000| Untracked |  0
|  13|0x0000000088100000, 0x0000000088100000, 0x0000000088200000|  0%| F|  |TAMS 0x0000000088100000| PB 0x0000000088100000| Untracked |  0
|  14|0x0000000088200000, 0x0000000088200000, 0x0000000088300000|  0%| F|  |TAMS 0x0000000088200000| PB 0x0000000088200000| Untracked |  0
|  15|0x0000000088300000, 0x0000000088300000, 0x0000000088400000|  0%| F|  |TAMS 0x0000000088300000| PB 0x0000000088300000| Untracked |  0
|  16|0x0000000088400000, 0x0000000088400000, 0x0000000088500000|  0%| F|  |TAMS 0x0000000088400000| PB 0x0000000088400000| Untracked |  0
|  17|0x0000000088500000, 0x0000000088500000, 0x0000000088600000|  0%| F|  |TAMS 0x0000000088500000| PB 0x0000000088500000| Untracked |  0
|  18|0x0000000088600000, 0x0000000088600000, 0x0000000088700000|  0%| F|  |TAMS 0x0000000088600000| PB 0x0000000088600000| Untracked |  0
|  19|0x0000000088700000, 0x0000000088700000, 0x0000000088800000|  0%| F|  |TAMS 0x0000000088700000| PB 0x0000000088700000| Untracked |  0
|  20|0x0000000088800000, 0x0000000088800000, 0x0000000088900000|  0%| F|  |TAMS 0x0000000088800000| PB 0x0000000088800000| Untracked |  0
|  21|0x0000000088900000, 0x0000000088900000, 0x0000000088a00000|  0%| F|  |TAMS 0x0000000088900000| PB 0x0000000088900000| Untracked |  0
|  22|0x0000000088a00000, 0x0000000088a00000, 0x0000000088b00000|  0%| F|  |TAMS 0x0000000088a00000| PB 0x0000000088a00000| Untracked |  0
|  23|0x0000000088b00000, 0x0000000088b00000, 0x0000000088c00000|  0%| F|  |TAMS 0x0000000088b00000| PB 0x0000000088b00000| Untracked |  0
|  24|0x0000000088c00000, 0x0000000088c00000, 0x0000000088d00000|  0%| F|  |TAMS 0x0000000088c00000| PB 0x0000000088c00000| Untracked |  0
|  25|0x0000000088d00000, 0x0000000088d00000, 0x0000000088e00000|  0%| F|  |TAMS 0x0000000088d00000| PB 0x0000000088d00000| Untracked |  0
|  26|0x0000000088e00000, 0x0000000088e00000, 0x0000000088f00000|  0%| F|  |TAMS 0x0000000088e00000| PB 0x0000000088e00000| Untracked |  0
|  27|0x0000000088f00000, 0x0000000088f00000, 0x0000000089000000|  0%| F|  |TAMS 0x0000000088f00000| PB 0x0000000088f00000| Untracked |  0
|  28|0x0000000089000000, 0x0000000089000000, 0x0000000089100000|  0%| F|  |TAMS 0x0000000089000000| PB 0x0000000089000000| Untracked |  0
|  29|0x0000000089100000, 0x0000000089100000, 0x0000000089200000|  0%| F|  |TAMS 0x0000000089100000| PB 0x0000000089100000| Untracked |  0
|  30|0x0000000089200000, 0x0000000089200000, 0x0000000089300000|  0%| F|  |TAMS 0x0000000089200000| PB 0x0000000089200000| Untracked |  0
|  31|0x0000000089300000, 0x0000000089300000, 0x0000000089400000|  0%| F|  |TAMS 0x0000000089300000| PB 0x0000000089300000| Untracked |  0
|  32|0x0000000089400000, 0x0000000089400000, 0x0000000089500000|  0%| F|  |TAMS 0x0000000089400000| PB 0x0000000089400000| Untracked |  0
|  33|0x0000000089500000, 0x0000000089500000, 0x0000000089600000|  0%| F|  |TAMS 0x0000000089500000| PB 0x0000000089500000| Untracked |  0
|  34|0x0000000089600000, 0x0000000089600000, 0x0000000089700000|  0%| F|  |TAMS 0x0000000089600000| PB 0x0000000089600000| Untracked |  0
|  35|0x0000000089700000, 0x0000000089700000, 0x0000000089800000|  0%| F|  |TAMS 0x0000000089700000| PB 0x0000000089700000| Untracked |  0
|  36|0x0000000089800000, 0x0000000089800000, 0x0000000089900000|  0%| F|  |TAMS 0x0000000089800000| PB 0x0000000089800000| Untracked |  0
|  37|0x0000000089900000, 0x0000000089900000, 0x0000000089a00000|  0%| F|  |TAMS 0x0000000089900000| PB 0x0000000089900000| Untracked |  0
|  38|0x0000000089a00000, 0x0000000089a00000, 0x0000000089b00000|  0%| F|  |TAMS 0x0000000089a00000| PB 0x0000000089a00000| Untracked |  0
|  39|0x0000000089b00000, 0x0000000089b00000, 0x0000000089c00000|  0%| F|  |TAMS 0x0000000089b00000| PB 0x0000000089b00000| Untracked |  0
|  40|0x0000000089c00000, 0x0000000089c00000, 0x0000000089d00000|  0%| F|  |TAMS 0x0000000089c00000| PB 0x0000000089c00000| Untracked |  0
|  41|0x0000000089d00000, 0x0000000089d00000, 0x0000000089e00000|  0%| F|  |TAMS 0x0000000089d00000| PB 0x0000000089d00000| Untracked |  0
|  42|0x0000000089e00000, 0x0000000089e00000, 0x0000000089f00000|  0%| F|  |TAMS 0x0000000089e00000| PB 0x0000000089e00000| Untracked |  0
|  43|0x0000000089f00000, 0x0000000089f00000, 0x000000008a000000|  0%| F|  |TAMS 0x0000000089f00000| PB 0x0000000089f00000| Untracked |  0
|  44|0x000000008a000000, 0x000000008a000000, 0x000000008a100000|  0%| F|  |TAMS 0x000000008a000000| PB 0x000000008a000000| Untracked |  0
|  45|0x000000008a100000, 0x000000008a100000, 0x000000008a200000|  0%| F|  |TAMS 0x000000008a100000| PB 0x000000008a100000| Untracked |  0
|  46|0x000000008a200000, 0x000000008a200000, 0x000000008a300000|  0%| F|  |TAMS 0x000000008a200000| PB 0x000000008a200000| Untracked |  0
|  47|0x000000008a300000, 0x000000008a300000, 0x000000008a400000|  0%| F|  |TAMS 0x000000008a300000| PB 0x000000008a300000| Untracked |  0
|  48|0x000000008a400000, 0x000000008a400000, 0x000000008a500000|  0%| F|  |TAMS 0x000000008a400000| PB 0x000000008a400000| Untracked |  0
|  49|0x000000008a500000, 0x000000008a500000, 0x000000008a600000|  0%| F|  |TAMS 0x000000008a500000| PB 0x000000008a500000| Untracked |  0
|  50|0x000000008a600000, 0x000000008a600000, 0x000000008a700000|  0%| F|  |TAMS 0x000000008a600000| PB 0x000000008a600000| Untracked |  0
|  51|0x000000008a700000, 0x000000008a700000, 0x000000008a800000|  0%| F|  |TAMS 0x000000008a700000| PB 0x000000008a700000| Untracked |  0
|  52|0x000000008a800000, 0x000000008a800000, 0x000000008a900000|  0%| F|  |TAMS 0x000000008a800000| PB 0x000000008a800000| Untracked |  0
|  53|0x000000008a900000, 0x000000008a900000, 0x000000008aa00000|  0%| F|  |TAMS 0x000000008a900000| PB 0x000000008a900000| Untracked |  0
|  54|0x000000008aa00000, 0x000000008aa00000, 0x000000008ab00000|  0%| F|  |TAMS 0x000000008aa00000| PB 0x000000008aa00000| Untracked |  0
|  55|0x000000008ab00000, 0x000000008ab00000, 0x000000008ac00000|  0%| F|  |TAMS 0x000000008ab00000| PB 0x000000008ab00000| Untracked |  0
|  56|0x000000008ac00000, 0x000000008ac00000, 0x000000008ad00000|  0%| F|  |TAMS 0x000000008ac00000| PB 0x000000008ac00000| Untracked |  0
|  57|0x000000008ad00000, 0x000000008ad00000, 0x000000008ae00000|  0%| F|  |TAMS 0x000000008ad00000| PB 0x000000008ad00000| Untracked |  0
|  58|0x000000008ae00000, 0x000000008ae00000, 0x000000008af00000|  0%| F|  |TAMS 0x000000008ae00000| PB 0x000000008ae00000| Untracked |  0
|  59|0x000000008af00000, 0x000000008af00000, 0x000000008b000000|  0%| F|  |TAMS 0x000000008af00000| PB 0x000000008af00000| Untracked |  0
|  60|0x000000008b000000, 0x000000008b000000, 0x000000008b100000|  0%| F|  |TAMS 0x000000008b000000| PB 0x000000008b000000| Untracked |  0
|  61|0x000000008b100000, 0x000000008b100000, 0x000000008b200000|  0%| F|  |TAMS 0x000000008b100000| PB 0x000000008b100000| Untracked |  0
|  62|0x000000008b200000, 0x000000008b200000, 0x000000008b300000|  0%| F|  |TAMS 0x000000008b200000| PB 0x000000008b200000| Untracked |  0
|  63|0x000000008b300000, 0x000000008b300000, 0x000000008b400000|  0%| F|  |TAMS 0x000000008b300000| PB 0x000000008b300000| Untracked |  0
|  64|0x000000008b400000, 0x000000008b400000, 0x000000008b500000|  0%| F|  |TAMS 0x000000008b400000| PB 0x000000008b400000| Untracked |  0
|  65|0x000000008b500000, 0x000000008b500000, 0x000000008b600000|  0%| F|  |TAMS 0x000000008b500000| PB 0x000000008b500000| Untracked |  0
|  66|0x000000008b600000, 0x000000008b600000, 0x000000008b700000|  0%| F|  |TAMS 0x000000008b600000| PB 0x000000008b600000| Untracked |  0
|  67|0x000000008b700000, 0x000000008b700000, 0x000000008b800000|  0%| F|  |TAMS 0x000000008b700000| PB 0x000000008b700000| Untracked |  0
|  68|0x000000008b800000, 0x000000008b800000, 0x000000008b900000|  0%| F|  |TAMS 0x000000008b800000| PB 0x000000008b800000| Untracked |  0
|  69|0x000000008b900000, 0x000000008b900000, 0x000000008ba00000|  0%| F|  |TAMS 0x000000008b900000| PB 0x000000008b900000| Untracked |  0
|  70|0x000000008ba00000, 0x000000008ba00000, 0x000000008bb00000|  0%| F|  |TAMS 0x000000008ba00000| PB 0x000000008ba00000| Untracked |  0
|  71|0x000000008bb00000, 0x000000008bb00000, 0x000000008bc00000|  0%| F|  |TAMS 0x000000008bb00000| PB 0x000000008bb00000| Untracked |  0
|  72|0x000000008bc00000, 0x000000008bc00000, 0x000000008bd00000|  0%| F|  |TAMS 0x000000008bc00000| PB 0x000000008bc00000| Untracked |  0
|  73|0x000000008bd00000, 0x000000008bd00000, 0x000000008be00000|  0%| F|  |TAMS 0x000000008bd00000| PB 0x000000008bd00000| Untracked |  0
|  74|0x000000008be00000, 0x000000008be00000, 0x000000008bf00000|  0%| F|  |TAMS 0x000000008be00000| PB 0x000000008be00000| Untracked |  0
|  75|0x000000008bf00000, 0x000000008bf00000, 0x000000008c000000|  0%| F|  |TAMS 0x000000008bf00000| PB 0x000000008bf00000| Untracked |  0
|  76|0x000000008c000000, 0x000000008c000000, 0x000000008c100000|  0%| F|  |TAMS 0x000000008c000000| PB 0x000000008c000000| Untracked |  0
|  77|0x000000008c100000, 0x000000008c100000, 0x000000008c200000|  0%| F|  |TAMS 0x000000008c100000| PB 0x000000008c100000| Untracked |  0
|  78|0x000000008c200000, 0x000000008c200000, 0x000000008c300000|  0%| F|  |TAMS 0x000000008c200000| PB 0x000000008c200000| Untracked |  0
|  79|0x000000008c300000, 0x000000008c300000, 0x000000008c400000|  0%| F|  |TAMS 0x000000008c300000| PB 0x000000008c300000| Untracked |  0
|  80|0x000000008c400000, 0x000000008c400000, 0x000000008c500000|  0%| F|  |TAMS 0x000000008c400000| PB 0x000000008c400000| Untracked |  0
|  81|0x000000008c500000, 0x000000008c500000, 0x000000008c600000|  0%| F|  |TAMS 0x000000008c500000| PB 0x000000008c500000| Untracked |  0
|  82|0x000000008c600000, 0x000000008c600000, 0x000000008c700000|  0%| F|  |TAMS 0x000000008c600000| PB 0x000000008c600000| Untracked |  0
|  83|0x000000008c700000, 0x000000008c700000, 0x000000008c800000|  0%| F|  |TAMS 0x000000008c700000| PB 0x000000008c700000| Untracked |  0
|  84|0x000000008c800000, 0x000000008c800000, 0x000000008c900000|  0%| F|  |TAMS 0x000000008c800000| PB 0x000000008c800000| Untracked |  0
|  85|0x000000008c900000, 0x000000008c900000, 0x000000008ca00000|  0%| F|  |TAMS 0x000000008c900000| PB 0x000000008c900000| Untracked |  0
|  86|0x000000008ca00000, 0x000000008ca00000, 0x000000008cb00000|  0%| F|  |TAMS 0x000000008ca00000| PB 0x000000008ca00000| Untracked |  0
|  87|0x000000008cb00000, 0x000000008cb00000, 0x000000008cc00000|  0%| F|  |TAMS 0x000000008cb00000| PB 0x000000008cb00000| Untracked |  0
|  88|0x000000008cc00000, 0x000000008cc00000, 0x000000008cd00000|  0%| F|  |TAMS 0x000000008cc00000| PB 0x000000008cc00000| Untracked |  0
|  89|0x000000008cd00000, 0x000000008cd00000, 0x000000008ce00000|  0%| F|  |TAMS 0x000000008cd00000| PB 0x000000008cd00000| Untracked |  0
|  90|0x000000008ce00000, 0x000000008ce00000, 0x000000008cf00000|  0%| F|  |TAMS 0x000000008ce00000| PB 0x000000008ce00000| Untracked |  0
|  91|0x000000008cf00000, 0x000000008cf00000, 0x000000008d000000|  0%| F|  |TAMS 0x000000008cf00000| PB 0x000000008cf00000| Untracked |  0
|  92|0x000000008d000000, 0x000000008d000000, 0x000000008d100000|  0%| F|  |TAMS 0x000000008d000000| PB 0x000000008d000000| Untracked |  0
|  93|0x000000008d100000, 0x000000008d100000, 0x000000008d200000|  0%| F|  |TAMS 0x000000008d100000| PB 0x000000008d100000| Untracked |  0
|  94|0x000000008d200000, 0x000000008d200000, 0x000000008d300000|  0%| F|  |TAMS 0x000000008d200000| PB 0x000000008d200000| Untracked |  0
|  95|0x000000008d300000, 0x000000008d300000, 0x000000008d400000|  0%| F|  |TAMS 0x000000008d300000| PB 0x000000008d300000| Untracked |  0
|  96|0x000000008d400000, 0x000000008d400000, 0x000000008d500000|  0%| F|  |TAMS 0x000000008d400000| PB 0x000000008d400000| Untracked |  0
|  97|0x000000008d500000, 0x000000008d500000, 0x000000008d600000|  0%| F|  |TAMS 0x000000008d500000| PB 0x000000008d500000| Untracked |  0
|  98|0x000000008d600000, 0x000000008d600000, 0x000000008d700000|  0%| F|  |TAMS 0x000000008d600000| PB 0x000000008d600000| Untracked |  0
|  99|0x000000008d700000, 0x000000008d700000, 0x000000008d800000|  0%| F|  |TAMS 0x000000008d700000| PB 0x000000008d700000| Untracked |  0
| 100|0x000000008d800000, 0x000000008d800000, 0x000000008d900000|  0%| F|  |TAMS 0x000000008d800000| PB 0x000000008d800000| Untracked |  0
| 101|0x000000008d900000, 0x000000008d900000, 0x000000008da00000|  0%| F|  |TAMS 0x000000008d900000| PB 0x000000008d900000| Untracked |  0
| 102|0x000000008da00000, 0x000000008db00000, 0x000000008db00000|100%| E|  |TAMS 0x000000008da00000| PB 0x000000008da00000| Complete |  0
| 103|0x000000008db00000, 0x000000008dc00000, 0x000000008dc00000|100%| E|CS|TAMS 0x000000008db00000| PB 0x000000008db00000| Complete |  0
| 104|0x000000008dc00000, 0x000000008dd00000, 0x000000008dd00000|100%| E|CS|TAMS 0x000000008dc00000| PB 0x000000008dc00000| Complete |  0
| 105|0x000000008dd00000, 0x000000008de00000, 0x000000008de00000|100%| E|CS|TAMS 0x000000008dd00000| PB 0x000000008dd00000| Complete |  0
| 106|0x000000008de00000, 0x000000008df00000, 0x000000008df00000|100%| E|CS|TAMS 0x000000008de00000| PB 0x000000008de00000| Complete |  0
| 107|0x000000008df00000, 0x000000008e000000, 0x000000008e000000|100%| E|CS|TAMS 0x000000008df00000| PB 0x000000008df00000| Complete |  0
| 108|0x000000008e000000, 0x000000008e100000, 0x000000008e100000|100%| E|CS|TAMS 0x000000008e000000| PB 0x000000008e000000| Complete |  0
| 109|0x000000008e100000, 0x000000008e200000, 0x000000008e200000|100%| E|CS|TAMS 0x000000008e100000| PB 0x000000008e100000| Complete |  0
| 110|0x000000008e200000, 0x000000008e300000, 0x000000008e300000|100%| E|CS|TAMS 0x000000008e200000| PB 0x000000008e200000| Complete |  0
| 111|0x000000008e300000, 0x000000008e400000, 0x000000008e400000|100%| E|CS|TAMS 0x000000008e300000| PB 0x000000008e300000| Complete |  0
| 112|0x000000008e400000, 0x000000008e500000, 0x000000008e500000|100%| E|CS|TAMS 0x000000008e400000| PB 0x000000008e400000| Complete |  0
| 113|0x000000008e500000, 0x000000008e600000, 0x000000008e600000|100%| E|CS|TAMS 0x000000008e500000| PB 0x000000008e500000| Complete |  0
| 114|0x000000008e600000, 0x000000008e700000, 0x000000008e700000|100%| E|CS|TAMS 0x000000008e600000| PB 0x000000008e600000| Complete |  0
| 115|0x000000008e700000, 0x000000008e800000, 0x000000008e800000|100%| E|CS|TAMS 0x000000008e700000| PB 0x000000008e700000| Complete |  0
| 116|0x000000008e800000, 0x000000008e900000, 0x000000008e900000|100%| E|CS|TAMS 0x000000008e800000| PB 0x000000008e800000| Complete |  0
| 117|0x000000008e900000, 0x000000008ea00000, 0x000000008ea00000|100%| E|CS|TAMS 0x000000008e900000| PB 0x000000008e900000| Complete |  0
| 118|0x000000008ea00000, 0x000000008eb00000, 0x000000008eb00000|100%| E|CS|TAMS 0x000000008ea00000| PB 0x000000008ea00000| Complete |  0
| 119|0x000000008eb00000, 0x000000008ec00000, 0x000000008ec00000|100%| E|CS|TAMS 0x000000008eb00000| PB 0x000000008eb00000| Complete |  0
| 120|0x000000008ec00000, 0x000000008ed00000, 0x000000008ed00000|100%| E|CS|TAMS 0x000000008ec00000| PB 0x000000008ec00000| Complete |  0
| 121|0x000000008ed00000, 0x000000008ee00000, 0x000000008ee00000|100%| E|CS|TAMS 0x000000008ed00000| PB 0x000000008ed00000| Complete |  0
|1930|0x00000000ffe00000, 0x00000000fff00000, 0x00000000fff00000|100%| O|  |TAMS 0x00000000ffe00000| PB 0x00000000ffe00000| Untracked |  0
|1931|0x00000000fff00000, 0x00000000fff21de0, 0x0000000100000000| 13%| O|  |TAMS 0x00000000fff00000| PB 0x00000000fff00000| Untracked |  0

Card table byte_map: [0x00007ca158896000,0x00007ca158c5c000] _byte_map_base: 0x00007ca15845c000

Marking Bits: (CMBitMap*) 0x00007ca154086eb0
 Bits: [0x00007ca13a7d0000, 0x00007ca13c600000)

Polling page: 0x00007ca15b5ae000

Metaspace:
Metaspace        used 5693K, committed 5952K, reserved 1114112K
 class space     used 367K, committed 512K, reserved 1048576K

Usage:
  Non-class:      5,20 MB used.
      Class:    367,28 KB used.
       Both:      5,56 MB used.

Virtual space:
  Non-class space:       64,00 MB reserved,       5,31 MB (  8%) committed,  1 nodes.
      Class space:        1,00 GB reserved,     512,00 KB ( <1%) committed,  1 nodes.
             Both:        1,06 GB reserved,       5,81 MB ( <1%) committed. 

Chunk freelists:
   Non-Class:  8,83 MB
       Class:  15,48 MB
        Both:  24,31 MB

MaxMetaspaceSize: unlimited
CompressedClassSpaceSize: 1,00 GB
Initial GC threshold: 21,00 MB
Current GC threshold: 21,00 MB
CDS: on
 - commit_granule_bytes: 65536.
 - commit_granule_words: 8192.
 - virtual_space_node_default_size: 8388608.
 - enlarge_chunks_in_place: 1.
UseCompressedClassPointers 1, UseCompactObjectHeaders 0
Narrow klass pointer bits 32, Max shift 3
Narrow klass base: 0x000000001f000000, Narrow klass shift: 0
Encoding Range: [0x000000001f000000 - 0x000000011f000000), (4294967296 bytes)
Klass Range:    [0x000000001f001000 - 0x0000000060000000), (1090514944 bytes)
Klass ID Range:  [4096 - 1090519033) (1090514937)
Protection zone: [0x000000001f000000 - 0x000000001f001000), (4096 bytes)


Internal statistics:

num_allocs_failed_limit: 0.
num_arena_births: 110.
num_arena_deaths: 0.
num_vsnodes_births: 2.
num_vsnodes_deaths: 0.
num_space_committed: 93.
num_space_uncommitted: 0.
num_chunks_returned_to_freelist: 0.
num_chunks_taken_from_freelist: 273.
num_chunk_merges: 0.
num_chunk_splits: 189.
num_chunks_enlarged: 129.
num_inconsistent_stats: 0.

CodeHeap 'non-profiled nmethods': size=120032Kb used=379Kb max_used=379Kb free=119652Kb
 bounds [0x00007ca1440c8000, 0x00007ca144338000, 0x00007ca14b600000]
CodeHeap 'profiled nmethods': size=120028Kb used=2063Kb max_used=2063Kb free=117964Kb
 bounds [0x00007ca13c600000, 0x00007ca13c870000, 0x00007ca143b37000]
CodeHeap 'non-nmethods': size=5700Kb used=2381Kb max_used=2398Kb free=3318Kb
 bounds [0x00007ca143b37000, 0x00007ca143da7000, 0x00007ca1440c8000]
CodeCache: size=245760Kb, used=4823Kb, max_used=4840Kb, free=240934Kb
 total_blobs=2628, nmethods=1531, adapters=1002, full_count=0
Compilation: enabled, stopped_count=0, restarted_count=0

Compilation events (20 events):
Event: 11,291 Thread 0x00007ca154120c30 nmethod 1522 0x00007ca144124588 code [0x00007ca144124680, 0x00007ca144124788]
Event: 11,291 Thread 0x00007ca154120c30 1523       4       com.badlogic.gdx.math.Matrix4::translate (152 bytes)
Event: 11,292 Thread 0x00007ca154120c30 nmethod 1523 0x00007ca144124888 code [0x00007ca144124980, 0x00007ca144124ae8]
Event: 11,292 Thread 0x00007ca154120c30 1524       4       com.badlogic.gdx.math.Matrix4::det (444 bytes)
Event: 11,295 Thread 0x00007ca154120c30 nmethod 1524 0x00007ca144124b88 code [0x00007ca144124c80, 0x00007ca144124f10]
Event: 11,339 Thread 0x00007ca154120c30 1525       4       com.badlogic.gdx.graphics.g2d.SpriteBatch::flush (206 bytes)
Event: 11,347 Thread 0x00007ca154120c30 nmethod 1525 0x00007ca144124f88 code [0x00007ca144125080, 0x00007ca144125820]
Event: 11,856 Thread 0x00007ca154120c30 1526       4       com.badlogic.gdx.math.Matrix4::set (17 bytes)
Event: 11,857 Thread 0x00007ca154120c30 nmethod 1526 0x00007ca144125888 code [0x00007ca144125980, 0x00007ca144125a98]
Event: 12,755 Thread 0x00007ca154120c30 1527       4       com.badlogic.gdx.graphics.glutils.VertexBufferObject::bind (255 bytes)
Event: 12,766 Thread 0x00007ca154120c30 nmethod 1527 0x00007ca144125b88 code [0x00007ca144125c80, 0x00007ca144126b78]
Event: 13,389 Thread 0x00007ca154120c30 1528       4       com.badlogic.gdx.utils.Array::iterator (43 bytes)
Event: 13,391 Thread 0x00007ca154120c30 nmethod 1528 0x00007ca144126b88 code [0x00007ca144126c80, 0x00007ca144126db8]
Event: 13,717 Thread 0x00007ca154122620 1529       3       java.util.ImmutableCollections$ListN::get (7 bytes)
Event: 13,717 Thread 0x00007ca154122620 nmethod 1529 0x00007ca13c803208 code [0x00007ca13c803300, 0x00007ca13c803428]
Event: 13,717 Thread 0x00007ca154122620 1530       3       java.util.HashMap$HashIterator::nextNode (100 bytes)
Event: 13,717 Thread 0x00007ca154122620 nmethod 1530 0x00007ca13c803508 code [0x00007ca13c803600, 0x00007ca13c803b28]
Event: 13,717 Thread 0x00007ca154122620 1531       3       java.util.ImmutableCollections$List12::size (16 bytes)
Event: 13,718 Thread 0x00007ca154122620 nmethod 1531 0x00007ca13c803b88 code [0x00007ca13c803c80, 0x00007ca13c803df8]
Event: 13,731 Thread 0x00007ca154120c30 1532       4       java.util.jar.JarFile::getEntry (35 bytes)

GC Heap Usage History (0 events):
No events

Metaspace Usage History (0 events):
No events

Dll operation events (11 events):
Event: 0,002 Loaded shared library /opt/jdk-25/lib/libjava.so
Event: 0,017 Loaded shared library /opt/jdk-25/lib/libsimdsort.so
Event: 0,027 Loaded shared library /opt/jdk-25/lib/libnio.so
Event: 0,030 Loaded shared library /opt/jdk-25/lib/libzip.so
Event: 0,078 Loaded shared library /opt/jdk-25/lib/libjimage.so
Event: 0,084 Loaded shared library /tmp/libgdxabdenours/da3a4817/libgdx64.so
Event: 0,124 Loaded shared library /opt/jdk-25/lib/libnet.so
Event: 0,133 Loaded shared library /tmp/lwjgl_abdenours/3.3.3+5/x64/liblwjgl.so
Event: 0,358 Loaded shared library /tmp/libgdxabdenours/7f47ef07a3b30ad5/libEGL.so
Event: 0,360 Loaded shared library /tmp/libgdxabdenours/7f47ef07a3b30ad5/libGLESv2.so
Event: 0,542 Loaded shared library /tmp/lwjgl_abdenours/3.3.3+5/x64/liblwjgl_opengles.so

Deoptimization events (20 events):
Event: 0,220 Thread 0x00007ca15402d9f0 DEOPT PACKING pc=0x00007ca13c6aa934 sp=0x00007ca15b1fbc70
Event: 0,220 Thread 0x00007ca15402d9f0 DEOPT UNPACKING pc=0x00007ca143b87b8f sp=0x00007ca15b1fb128 mode 0
Event: 0,220 Thread 0x00007ca15402d9f0 DEOPT PACKING pc=0x00007ca13c6aa934 sp=0x00007ca15b1fbc70
Event: 0,220 Thread 0x00007ca15402d9f0 DEOPT UNPACKING pc=0x00007ca143b87b8f sp=0x00007ca15b1fb128 mode 0
Event: 0,220 Thread 0x00007ca15402d9f0 DEOPT PACKING pc=0x00007ca13c6aa934 sp=0x00007ca15b1fbc70
Event: 0,220 Thread 0x00007ca15402d9f0 DEOPT UNPACKING pc=0x00007ca143b87b8f sp=0x00007ca15b1fb128 mode 0
Event: 0,684 Thread 0x00007ca15402d9f0 Uncommon trap: trap_request=0xffffff45 fr.pc=0x00007ca14410d03c relative=0x00000000000000bc
Event: 0,684 Thread 0x00007ca15402d9f0 Uncommon trap: reason=unstable_if action=reinterpret pc=0x00007ca14410d03c method=com.badlogic.gdx.utils.IntMap.locateKey(I)I @ 29 c2
Event: 0,684 Thread 0x00007ca15402d9f0 DEOPT PACKING pc=0x00007ca14410d03c sp=0x00007ca15b1fdf30
Event: 0,684 Thread 0x00007ca15402d9f0 DEOPT UNPACKING pc=0x00007ca143c68b79 sp=0x00007ca15b1fdee0 mode 2
Event: 0,693 Thread 0x00007ca15402d9f0 Uncommon trap: trap_request=0xffffff45 fr.pc=0x00007ca14410dc74 relative=0x00000000000000f4
Event: 0,693 Thread 0x00007ca15402d9f0 Uncommon trap: reason=unstable_if action=reinterpret pc=0x00007ca14410dc74 method=com.badlogic.gdx.utils.IntMap.get(I)Ljava/lang/Object; @ 1 c2
Event: 0,693 Thread 0x00007ca15402d9f0 DEOPT PACKING pc=0x00007ca14410dc74 sp=0x00007ca15b1fe140
Event: 0,694 Thread 0x00007ca15402d9f0 DEOPT UNPACKING pc=0x00007ca143c68b79 sp=0x00007ca15b1fe0f8 mode 2
Event: 0,698 Thread 0x00007ca15402d9f0 Uncommon trap: trap_request=0xffffff6e fr.pc=0x00007ca14410fe60 relative=0x00000000000001e0
Event: 0,698 Thread 0x00007ca15402d9f0 Uncommon trap: reason=predicate action=maybe_recompile pc=0x00007ca14410fe60 method=com.badlogic.gdx.maps.tiled.TiledMapTileSets.getTile(I)Lcom/badlogic/gdx/maps/tiled/TiledMapTile; @ 11 c2
Event: 0,698 Thread 0x00007ca15402d9f0 DEOPT PACKING pc=0x00007ca14410fe60 sp=0x00007ca15b1fe190
Event: 0,698 Thread 0x00007ca15402d9f0 DEOPT UNPACKING pc=0x00007ca143c68b79 sp=0x00007ca15b1fe158 mode 2
Event: 1,122 Thread 0x00007ca15402d9f0 DEOPT PACKING pc=0x00007ca13c7d0dd7 sp=0x00007ca15b1fe400
Event: 1,122 Thread 0x00007ca15402d9f0 DEOPT UNPACKING pc=0x00007ca143b87b8f sp=0x00007ca15b1fd848 mode 0

Classes loaded (20 events):
Event: 13,731 Loading class jdk/internal/logger/AbstractLoggerWrapper
Event: 13,732 Loading class jdk/internal/logger/AbstractLoggerWrapper done
Event: 13,732 Loading class jdk/internal/logger/LazyLoggers$LazyLoggerWrapper done
Event: 13,732 Loading class jdk/internal/logger/LazyLoggers$JdkLazyLogger done
Event: 13,732 Loading class jdk/internal/logger/LazyLoggers$LazyLoggerAccessor
Event: 13,732 Loading class jdk/internal/logger/LazyLoggers$LoggerAccessor
Event: 13,732 Loading class jdk/internal/logger/LazyLoggers$LoggerAccessor done
Event: 13,732 Loading class jdk/internal/logger/LazyLoggers$LazyLoggerAccessor done
Event: 13,732 Loading class java/lang/System$Logger$Level
Event: 13,736 Loading class java/lang/System$Logger$Level done
Event: 13,736 Loading class jdk/internal/logger/SurrogateLogger
Event: 13,737 Loading class jdk/internal/logger/SimpleConsoleLogger
Event: 13,739 Loading class sun/util/logging/PlatformLogger$ConfigurableBridge$LoggerConfiguration
Event: 13,740 Loading class sun/util/logging/PlatformLogger$ConfigurableBridge$LoggerConfiguration done
Event: 13,740 Loading class jdk/internal/logger/SimpleConsoleLogger done
Event: 13,740 Loading class jdk/internal/logger/SurrogateLogger done
Event: 13,740 Loading class sun/util/logging/PlatformLogger
Event: 13,741 Loading class sun/util/logging/PlatformLogger done
Event: 13,741 Loading class sun/util/logging/PlatformLogger$Level
Event: 13,741 Loading class sun/util/logging/PlatformLogger$Level done

Classes unloaded (0 events):
No events

Classes redefined (0 events):
No events

Internal exceptions (20 events):
Event: 0,106 Thread 0x00007ca15402d9f0 Exception <a 'java/lang/NoSuchMethodError'{0x000000008e937f18}: 'void java.lang.invoke.DirectMethodHandle$Holder.invokeSpecial(java.lang.Object, java.lang.Object, java.lang.Object)'> (0x000000008e937f18) 
thrown [open/src/hotspot/share/interpreter/linkResolver.cpp, line 803]
Event: 0,110 Thread 0x00007ca15402d9f0 Exception <a 'java/lang/NoSuchMethodError'{0x000000008e95d5c8}: 'java.lang.Object java.lang.invoke.DirectMethodHandle$Holder.invokeStatic(java.lang.Object, java.lang.Object, int)'> (0x000000008e95d5c8) 
thrown [open/src/hotspot/share/interpreter/linkResolver.cpp, line 803]
Event: 0,111 Thread 0x00007ca15402d9f0 Exception <a 'java/lang/NoSuchMethodError'{0x000000008e9768f0}: 'void java.lang.invoke.DelegatingMethodHandle$Holder.delegate(java.lang.Object, java.lang.Object, int, java.lang.Object)'> (0x000000008e9768f0) 
thrown [open/src/hotspot/share/interpreter/linkResolver.cpp, line 803]
Event: 0,117 Thread 0x00007ca15402d9f0 Exception <a 'java/lang/NoSuchMethodError'{0x000000008e9ba670}: 'void java.lang.System.loadLibrary(java.lang.String, java.lang.Class)'> (0x000000008e9ba670) 
thrown [open/src/hotspot/share/interpreter/linkResolver.cpp, line 803]
Event: 0,182 Thread 0x00007ca15402d9f0 Exception <a 'java/lang/NoSuchMethodError'{0x000000008e88e4e8}: 'int java.lang.invoke.DirectMethodHandle$Holder.invokeStaticInit(java.lang.Object, java.lang.Object, int, long)'> (0x000000008e88e4e8) 
thrown [open/src/hotspot/share/interpreter/linkResolver.cpp, line 803]
Event: 0,183 Thread 0x00007ca15402d9f0 Exception <a 'java/lang/NoSuchMethodError'{0x000000008e89d5f0}: 'java.lang.Object java.lang.invoke.DirectMethodHandle$Holder.newInvokeSpecial(java.lang.Object, java.lang.Object, int)'> (0x000000008e89d5f0) 
thrown [open/src/hotspot/share/interpreter/linkResolver.cpp, line 803]
Event: 0,193 Thread 0x00007ca15402d9f0 Exception <a 'java/lang/NoSuchMethodError'{0x000000008e8ebc88}: 'int java.lang.invoke.DirectMethodHandle$Holder.invokeStaticInit(java.lang.Object, java.lang.Object, long, long)'> (0x000000008e8ebc88) 
thrown [open/src/hotspot/share/interpreter/linkResolver.cpp, line 803]
Event: 0,194 Thread 0x00007ca15402d9f0 Exception <a 'java/lang/NoSuchMethodError'{0x000000008e8fb098}: 'java.lang.Object java.lang.invoke.DirectMethodHandle$Holder.newInvokeSpecial(java.lang.Object, java.lang.Object, long)'> (0x000000008e8fb098) 
thrown [open/src/hotspot/share/interpreter/linkResolver.cpp, line 803]
Event: 0,195 Thread 0x00007ca15402d9f0 Exception <a 'java/lang/NoSuchMethodError'{0x000000008e8ffb48}: 'java.lang.Object java.lang.invoke.Invokers$Holder.linkToTargetMethod(java.lang.Object, long, java.lang.Object)'> (0x000000008e8ffb48) 
thrown [open/src/hotspot/share/interpreter/linkResolver.cpp, line 803]
Event: 0,196 Thread 0x00007ca15402d9f0 Exception <a 'java/lang/NoSuchMethodError'{0x000000008e7144c0}: 'int java.lang.invoke.DirectMethodHandle$Holder.invokeStaticInit(java.lang.Object, java.lang.Object, java.lang.Object, long)'> (0x000000008e7144c0) 
thrown [open/src/hotspot/share/interpreter/linkResolver.cpp, line 803]
Event: 0,240 Thread 0x00007ca15402d9f0 Exception <a 'java/lang/NoSuchMethodError'{0x000000008e7fd8f0}: 'int java.lang.invoke.Invokers$Holder.invokeExact_MT(java.lang.Object, java.lang.Object)'> (0x000000008e7fd8f0) 
thrown [open/src/hotspot/share/interpreter/linkResolver.cpp, line 803]
Event: 0,289 Thread 0x00007ca15402d9f0 Exception <a 'java/lang/NoSuchMethodError'{0x000000008e640ca8}: 'java.lang.Object java.lang.invoke.DirectMethodHandle$Holder.invokeStaticInit(java.lang.Object, int)'> (0x000000008e640ca8) 
thrown [open/src/hotspot/share/interpreter/linkResolver.cpp, line 803]
Event: 0,348 Thread 0x00007ca15402d9f0 Exception <a 'java/lang/NoSuchMethodError'{0x000000008e68cef0}: 'int java.lang.invoke.DirectMethodHandle$Holder.invokeVirtual(java.lang.Object, java.lang.Object)'> (0x000000008e68cef0) 
thrown [open/src/hotspot/share/interpreter/linkResolver.cpp, line 803]
Event: 0,351 Thread 0x00007ca15402d9f0 Exception <a 'java/lang/NoSuchMethodError'{0x000000008e6a9dc0}: 'int java.lang.invoke.DirectMethodHandle$Holder.invokeVirtual(java.lang.Object, java.lang.Object, int, int)'> (0x000000008e6a9dc0) 
thrown [open/src/hotspot/share/interpreter/linkResolver.cpp, line 803]
Event: 0,353 Thread 0x00007ca15402d9f0 Exception <a 'java/lang/NoSuchMethodError'{0x000000008e6c2a00}: 'java.lang.Object java.lang.invoke.DirectMethodHandle$Holder.invokeStatic(java.lang.Object, java.lang.Object, java.lang.Object, java.lang.Object, int)'> (0x000000008e6c2a00) 
thrown [open/src/hotspot/share/interpreter/linkResolver.cpp, line 803]
Event: 0,357 Thread 0x00007ca15402d9f0 Exception <a 'java/lang/NoSuchMethodError'{0x000000008e6f6c20}: 'java.lang.Object java.lang.invoke.Invokers$Holder.invokeExact_MT(java.lang.Object, java.lang.Object, java.lang.Object, java.lang.Object, java.lang.Object)'> (0x000000008e6f6c20) 
thrown [open/src/hotspot/share/interpreter/linkResolver.cpp, line 803]
Event: 0,409 Thread 0x00007ca15402d9f0 Exception <a 'java/lang/NoSuchMethodError'{0x000000008e5d5120}: 'java.lang.Object java.lang.invoke.DirectMethodHandle$Holder.newInvokeSpecial(java.lang.Object, long)'> (0x000000008e5d5120) 
thrown [open/src/hotspot/share/interpreter/linkResolver.cpp, line 803]
Event: 0,537 Thread 0x00007ca15402d9f0 Exception <a 'java/lang/NoSuchMethodError'{0x000000008e366ef8}: 'void java.lang.invoke.DirectMethodHandle$Holder.invokeStatic(java.lang.Object, long)'> (0x000000008e366ef8) 
thrown [open/src/hotspot/share/interpreter/linkResolver.cpp, line 803]
Event: 0,539 Thread 0x00007ca15402d9f0 Exception <a 'java/lang/NoSuchMethodError'{0x000000008e385168}: 'void java.lang.System.load(java.lang.String, java.lang.Class)'> (0x000000008e385168) 
thrown [open/src/hotspot/share/interpreter/linkResolver.cpp, line 803]
Event: 0,540 Thread 0x00007ca15402d9f0 Exception <a 'java/lang/NoSuchMethodError'{0x000000008e38cf60}: 'void java.lang.System.loadLibrary(java.lang.String, java.lang.Class)'> (0x000000008e38cf60) 
thrown [open/src/hotspot/share/interpreter/linkResolver.cpp, line 803]

VM Operations (7 events):
Event: 0,081 Executing non-safepoint VM operation: HandshakeAllThreads (Deoptimize)
Event: 0,081 Executing non-safepoint VM operation: HandshakeAllThreads (Deoptimize) done
Event: 0,095 Executing non-safepoint VM operation: HandshakeAllThreads (Deoptimize)
Event: 0,095 Executing non-safepoint VM operation: HandshakeAllThreads (Deoptimize) done
Event: 0,109 Executing non-safepoint VM operation: HandshakeAllThreads (Deoptimize)
Event: 0,110 Executing non-safepoint VM operation: HandshakeAllThreads (Deoptimize) done
Event: 13,744 Executing safepoint VM operation: Exit

Memory protections (13 events):
Event: 0,001 Protecting memory [0x00007ca15b100000,0x00007ca15b104000] with protection modes 0
Event: 0,007 Protecting memory [0x000000001f000000,0x000000001f001000] with protection modes 0
Event: 0,015 Protecting memory [0x00007ca1381fd000,0x00007ca138201000] with protection modes 0
Event: 0,016 Protecting memory [0x00007ca11bb00000,0x00007ca11bb04000] with protection modes 0
Event: 0,016 Protecting memory [0x00007ca11b9ff000,0x00007ca11ba03000] with protection modes 0
Event: 0,016 Protecting memory [0x00007ca11b8fe000,0x00007ca11b902000] with protection modes 0
Event: 0,016 Protecting memory [0x00007ca11b7fd000,0x00007ca11b801000] with protection modes 0
Event: 0,016 Protecting memory [0x00007ca11b6fc000,0x00007ca11b700000] with protection modes 0
Event: 0,016 Protecting memory [0x00007ca11b5fb000,0x00007ca11b5ff000] with protection modes 0
Event: 0,023 Protecting memory [0x00007ca11b4fa000,0x00007ca11b4fe000] with protection modes 0
Event: 0,025 Protecting memory [0x00007ca11b3f9000,0x00007ca11b3fd000] with protection modes 0
Event: 0,417 Protecting memory [0x00007ca0e5e33000,0x00007ca0e5e37000] with protection modes 0
Event: 13,716 Protecting memory [0x00007ca0c8b00000,0x00007ca0c8b04000] with protection modes 0

Nmethod flushes (0 events):
No events

Events (13 events):
Event: 0,009 Thread 0x00007ca15402d9f0 Thread added: 0x00007ca15402d9f0
Event: 0,015 Thread 0x00007ca15402d9f0 Thread added: 0x00007ca154119050
Event: 0,016 Thread 0x00007ca15402d9f0 Thread added: 0x00007ca15411a240
Event: 0,016 Thread 0x00007ca15402d9f0 Thread added: 0x00007ca15411bc90
Event: 0,016 Thread 0x00007ca15402d9f0 Thread added: 0x00007ca15411d5b0
Event: 0,016 Thread 0x00007ca15402d9f0 Thread added: 0x00007ca15411ee30
Event: 0,016 Thread 0x00007ca15402d9f0 Thread added: 0x00007ca154120c30
Event: 0,016 Thread 0x00007ca15402d9f0 Thread added: 0x00007ca154122620
Event: 0,023 Thread 0x00007ca15402d9f0 Thread added: 0x00007ca15412f650
Event: 0,025 Thread 0x00007ca15402d9f0 Thread added: 0x00007ca1541321d0
Event: 0,417 Thread 0x00007ca15402d9f0 Thread added: 0x00007ca154950290
Event: 13,716 Thread 0x00007ca15411bc90 Thread added: 0x00007ca10c0010a0
Event: 13,741 Thread 0x00007ca10c0010a0 Before exit entered


Dynamic libraries:
1f000000-1f001000 ---p 00000000 00:00 0 
1f001000-1fd92000 rw-p 00001000 00:21 4164603                            /opt/jdk-25/lib/server/classes.jsa
1fd92000-20000000 ---p 00000000 00:00 0 
20000000-20030000 rw-p 00000000 00:00 0 
20030000-20040000 ---p 00000000 00:00 0 
20040000-20090000 rw-p 00000000 00:00 0 
20090000-60000000 ---p 00000000 00:00 0 
87400000-8ee00000 rw-p 00000000 00:00 0 
8ee00000-ffe00000 ---p 00000000 00:00 0 
ffe00000-fff22000 rw-p 00dc5000 00:21 4164603                            /opt/jdk-25/lib/server/classes.jsa
fff22000-100000000 rw-p 00000000 00:00 0 
60cab8daa000-60cab8dab000 r-xp 00000000 00:21 4164165                    /opt/jdk-25/bin/java
60cab8dac000-60cab8dad000 r--p 00001000 00:21 4164165                    /opt/jdk-25/bin/java
60cab8dad000-60cab8dae000 rw-p 00002000 00:21 4164165                    /opt/jdk-25/bin/java
60cada157000-60cada185000 rw-p 00000000 00:00 0                          [heap]
7ca0b0000000-7ca0b0021000 rw-p 00000000 00:00 0 
7ca0b0021000-7ca0b4000000 ---p 00000000 00:00 0 
7ca0b8000000-7ca0b8021000 rw-p 00000000 00:00 0 
7ca0b8021000-7ca0bc000000 ---p 00000000 00:00 0 
7ca0bc5ff000-7ca0bc7ff000 rw-s 10c7ea000 00:10 1078                      anon_inode:i915.gem
7ca0bcbff000-7ca0bcc00000 ---p 00000000 00:00 0 
7ca0bcc00000-7ca0bd400000 rw-p 00000000 00:00 0 
7ca0bd400000-7ca0bf394000 r--p 00000000 00:21 4671479                    /usr/lib/libicudata.so.78.1
7ca0bf394000-7ca0bf395000 r--p 01f93000 00:21 4671479                    /usr/lib/libicudata.so.78.1
7ca0bf400000-7ca0bf93e000 r--p 00000000 00:21 4751803                    /usr/lib/libLLVM.so.21.1
7ca0bf93e000-7ca0c5157000 r-xp 0053e000 00:21 4751803                    /usr/lib/libLLVM.so.21.1
7ca0c5157000-7ca0c8781000 r--p 05d57000 00:21 4751803                    /usr/lib/libLLVM.so.21.1
7ca0c8781000-7ca0c898a000 r--p 09380000 00:21 4751803                    /usr/lib/libLLVM.so.21.1
7ca0c898a000-7ca0c89cf000 rw-p 09589000 00:21 4751803                    /usr/lib/libLLVM.so.21.1
7ca0c89cf000-7ca0c8a97000 rw-p 00000000 00:00 0 
7ca0c8aff000-7ca0c8b00000 ---p 00000000 00:00 0 
7ca0c8b00000-7ca0c8b04000 ---p 00000000 00:00 0 
7ca0c8b04000-7ca0c8c00000 rw-p 00000000 00:00 0 
7ca0c8c00000-7ca0c8c19000 r--p 00000000 00:21 5574215                    /usr/lib/libgallium-25.3.2-arch1.1.so
7ca0c8c19000-7ca0ca6b2000 r-xp 00019000 00:21 5574215                    /usr/lib/libgallium-25.3.2-arch1.1.so
7ca0ca6b2000-7ca0cb6a9000 r--p 01ab2000 00:21 5574215                    /usr/lib/libgallium-25.3.2-arch1.1.so
7ca0cb6a9000-7ca0cb7c9000 r--p 02aa9000 00:21 5574215                    /usr/lib/libgallium-25.3.2-arch1.1.so
7ca0cb7c9000-7ca0cb7ea000 rw-p 02bc9000 00:21 5574215                    /usr/lib/libgallium-25.3.2-arch1.1.so
7ca0cb7ea000-7ca0cb9b5000 rw-p 00000000 00:00 0 
7ca0cba00000-7ca0cbcab000 r--p 00000000 00:21 5740363                    /usr/lib/libnvidia-gpucomp.so.580.119.02
7ca0cbcab000-7ca0ced98000 r-xp 002ab000 00:21 5740363                    /usr/lib/libnvidia-gpucomp.so.580.119.02
7ca0ced98000-7ca0cfc08000 r--p 03398000 00:21 5740363                    /usr/lib/libnvidia-gpucomp.so.580.119.02
7ca0cfc08000-7ca0cfc09000 ---p 04208000 00:21 5740363                    /usr/lib/libnvidia-gpucomp.so.580.119.02
7ca0cfc09000-7ca0cfde0000 r--p 04208000 00:21 5740363                    /usr/lib/libnvidia-gpucomp.so.580.119.02
7ca0cfde0000-7ca0cfeeb000 rw-p 043df000 00:21 5740363                    /usr/lib/libnvidia-gpucomp.so.580.119.02
7ca0cfeeb000-7ca0cff8b000 rw-p 00000000 00:00 0 
7ca0d0000000-7ca0d0021000 rw-p 00000000 00:00 0 
7ca0d0021000-7ca0d4000000 ---p 00000000 00:00 0 
7ca0d40e7000-7ca0d4127000 rw-s 102226000 00:10 1078                      anon_inode:i915.gem
7ca0d4127000-7ca0d41a7000 rw-s 10712a000 00:10 1078                      anon_inode:i915.gem
7ca0d42a7000-7ca0d4327000 rw-s 103bae000 00:10 1078                      anon_inode:i915.gem
7ca0d4327000-7ca0d43a7000 rw-s 102466000 00:10 1078                      anon_inode:i915.gem
7ca0d43b7000-7ca0d43f7000 rw-s 104546000 00:10 1078                      anon_inode:i915.gem
7ca0d43f7000-7ca0d43fd000 r--p 00000000 00:21 1611714                    /usr/lib/libGLESv2.so.2.1.0
7ca0d43fd000-7ca0d4402000 r-xp 00006000 00:21 1611714                    /usr/lib/libGLESv2.so.2.1.0
7ca0d4402000-7ca0d4404000 r--p 0000b000 00:21 1611714                    /usr/lib/libGLESv2.so.2.1.0
7ca0d4404000-7ca0d4406000 r--p 0000d000 00:21 1611714                    /usr/lib/libGLESv2.so.2.1.0
7ca0d4406000-7ca0d4407000 rw-p 0000f000 00:21 1611714                    /usr/lib/libGLESv2.so.2.1.0
7ca0d4416000-7ca0d4426000 rw-s 1002d4000 00:10 1078                      anon_inode:i915.gem
7ca0d4426000-7ca0d4436000 rw-s 1051f4000 00:10 1078                      anon_inode:i915.gem
7ca0d4436000-7ca0d444b000 r--p 00000000 00:32 1303                       /tmp/lwjgl_abdenours/3.3.3+5/x64/liblwjgl_opengles.so
7ca0d444b000-7ca0d4454000 r-xp 00015000 00:32 1303                       /tmp/lwjgl_abdenours/3.3.3+5/x64/liblwjgl_opengles.so
7ca0d4454000-7ca0d445b000 r--p 0001e000 00:32 1303                       /tmp/lwjgl_abdenours/3.3.3+5/x64/liblwjgl_opengles.so
7ca0d445b000-7ca0d445c000 r--p 00024000 00:32 1303                       /tmp/lwjgl_abdenours/3.3.3+5/x64/liblwjgl_opengles.so
7ca0d445c000-7ca0d445d000 rw-p 00025000 00:32 1303                       /tmp/lwjgl_abdenours/3.3.3+5/x64/liblwjgl_opengles.so
7ca0d445d000-7ca0d447d000 rw-s 103137000 00:10 1078                      anon_inode:i915.gem
7ca0d447d000-7ca0d449d000 rw-s 103117000 00:10 1078                      anon_inode:i915.gem
7ca0d449d000-7ca0d469d000 rw-s 1053e6000 00:10 1078                      anon_inode:i915.gem
7ca0d469d000-7ca0d46bd000 rw-s 102526000 00:10 1078                      anon_inode:i915.gem
7ca0d46bd000-7ca0d46be000 ---p 00000000 00:00 0 
7ca0d46be000-7ca0d4ebe000 rw-p 00000000 00:00 0 
7ca0d4ebe000-7ca0d4ebf000 ---p 00000000 00:00 0 
7ca0d4ebf000-7ca0d56bf000 rw-p 00000000 00:00 0 
7ca0d56bf000-7ca0d5800000 rw-s 00000000 00:21 2875055                    /home/abdenours/.cache/mesa_shader_cache/index
7ca0d5800000-7ca0d5848000 r--p 00000000 00:21 4671494                    /usr/lib/libicuuc.so.78.1
7ca0d5848000-7ca0d5965000 r-xp 00048000 00:21 4671494                    /usr/lib/libicuuc.so.78.1
7ca0d5965000-7ca0d59f8000 r--p 00165000 00:21 4671494                    /usr/lib/libicuuc.so.78.1
7ca0d59f8000-7ca0d5a0b000 r--p 001f8000 00:21 4671494                    /usr/lib/libicuuc.so.78.1
7ca0d5a0b000-7ca0d5a0c000 rw-p 0020b000 00:21 4671494                    /usr/lib/libicuuc.so.78.1
7ca0d5a0c000-7ca0d5a0e000 rw-p 00000000 00:00 0 
7ca0d5a11000-7ca0d5a21000 rw-s 102556000 00:10 1078                      anon_inode:i915.gem
7ca0d5a21000-7ca0d5a41000 rw-s 104f16000 00:10 1078                      anon_inode:i915.gem
7ca0d5aa1000-7ca0d5ab1000 rw-s 1082a4000 00:10 1078                      anon_inode:i915.gem
7ca0d5ab1000-7ca0d5ac1000 rw-s 105aa1000 00:10 1078                      anon_inode:i915.gem
7ca0d5ac1000-7ca0d5b01000 rw-s 102376000 00:10 1078                      anon_inode:i915.gem
7ca0d5b01000-7ca0d5b0d000 r--p 00000000 00:21 1004347                    /usr/lib/libxcb-glx.so.0.0.0
7ca0d5b0d000-7ca0d5b16000 r-xp 0000c000 00:21 1004347                    /usr/lib/libxcb-glx.so.0.0.0
7ca0d5b16000-7ca0d5b1b000 r--p 00015000 00:21 1004347                    /usr/lib/libxcb-glx.so.0.0.0
7ca0d5b1b000-7ca0d5b1d000 r--p 0001a000 00:21 1004347                    /usr/lib/libxcb-glx.so.0.0.0
7ca0d5b1d000-7ca0d5b1e000 rw-p 0001c000 00:21 1004347                    /usr/lib/libxcb-glx.so.0.0.0
7ca0d5b1e000-7ca0d5b38000 r--p 00000000 00:21 4751781                    /usr/lib/libxml2.so.16.1.1
7ca0d5b38000-7ca0d5c0b000 r-xp 0001a000 00:21 4751781                    /usr/lib/libxml2.so.16.1.1
7ca0d5c0b000-7ca0d5c48000 r--p 000ed000 00:21 4751781                    /usr/lib/libxml2.so.16.1.1
7ca0d5c48000-7ca0d5c51000 r--p 0012a000 00:21 4751781                    /usr/lib/libxml2.so.16.1.1
7ca0d5c51000-7ca0d5c52000 rw-p 00133000 00:21 4751781                    /usr/lib/libxml2.so.16.1.1
7ca0d5c52000-7ca0d5c53000 rw-p 00000000 00:00 0 
7ca0d5c53000-7ca0d5c68000 r--p 00000000 00:21 5484775                    /usr/lib/libSPIRV-Tools.so
7ca0d5c68000-7ca0d5d83000 r-xp 00015000 00:21 5484775                    /usr/lib/libSPIRV-Tools.so
7ca0d5d83000-7ca0d5dfc000 r--p 00130000 00:21 5484775                    /usr/lib/libSPIRV-Tools.so
7ca0d5dfc000-7ca0d5dff000 r--p 001a8000 00:21 5484775                    /usr/lib/libSPIRV-Tools.so
7ca0d5dff000-7ca0d5e00000 rw-p 001ab000 00:21 5484775                    /usr/lib/libSPIRV-Tools.so
7ca0d5e00000-7ca0d6042000 r--p 00000000 00:21 5740349                    /usr/lib/libnvidia-eglcore.so.580.119.02
7ca0d6042000-7ca0d6d06000 r-xp 00242000 00:21 5740349                    /usr/lib/libnvidia-eglcore.so.580.119.02
7ca0d6d06000-7ca0d7da8000 r--p 00f06000 00:21 5740349                    /usr/lib/libnvidia-eglcore.so.580.119.02
7ca0d7da8000-7ca0d7f20000 r--p 01fa7000 00:21 5740349                    /usr/lib/libnvidia-eglcore.so.580.119.02
7ca0d7f20000-7ca0d7f74000 rw-p 0211f000 00:21 5740349                    /usr/lib/libnvidia-eglcore.so.580.119.02
7ca0d7f74000-7ca0d7f8a000 rw-p 00000000 00:00 0 
7ca0d7f91000-7ca0d7f9e000 r--p 00000000 00:21 1348711                    /usr/lib/libncursesw.so.6.5
7ca0d7f9e000-7ca0d7fe5000 r-xp 0000d000 00:21 1348711                    /usr/lib/libncursesw.so.6.5
7ca0d7fe5000-7ca0d7ffb000 r--p 00054000 00:21 1348711                    /usr/lib/libncursesw.so.6.5
7ca0d7ffb000-7ca0d7fff000 r--p 0006a000 00:21 1348711                    /usr/lib/libncursesw.so.6.5
7ca0d7fff000-7ca0d8000000 rw-p 0006e000 00:21 1348711                    /usr/lib/libncursesw.so.6.5
7ca0d8000000-7ca0d808b000 rw-p 00000000 00:00 0 
7ca0d808b000-7ca0dc000000 ---p 00000000 00:00 0 
7ca0dc000000-7ca0dc080000 rw-p 00000000 00:00 0 
7ca0dc080000-7ca0e0000000 ---p 00000000 00:00 0 
7ca0e0000000-7ca0e0021000 rw-p 00000000 00:00 0 
7ca0e0021000-7ca0e4000000 ---p 00000000 00:00 0 
7ca0e4009000-7ca0e400b000 r--p 00000000 00:21 1022793                    /usr/lib/libpciaccess.so.0.11.1
7ca0e400b000-7ca0e4010000 r-xp 00002000 00:21 1022793                    /usr/lib/libpciaccess.so.0.11.1
7ca0e4010000-7ca0e4012000 r--p 00007000 00:21 1022793                    /usr/lib/libpciaccess.so.0.11.1
7ca0e4012000-7ca0e4013000 r--p 00008000 00:21 1022793                    /usr/lib/libpciaccess.so.0.11.1
7ca0e4013000-7ca0e4014000 rw-p 00009000 00:21 1022793                    /usr/lib/libpciaccess.so.0.11.1
7ca0e4014000-7ca0e401a000 r--p 00000000 00:21 1022928                    /usr/lib/libedit.so.0.0.75
7ca0e401a000-7ca0e403b000 r-xp 00006000 00:21 1022928                    /usr/lib/libedit.so.0.0.75
7ca0e403b000-7ca0e4048000 r--p 00027000 00:21 1022928                    /usr/lib/libedit.so.0.0.75
7ca0e4048000-7ca0e404a000 r--p 00034000 00:21 1022928                    /usr/lib/libedit.so.0.0.75
7ca0e404a000-7ca0e404b000 rw-p 00036000 00:21 1022928                    /usr/lib/libedit.so.0.0.75
7ca0e404b000-7ca0e404e000 rw-p 00000000 00:00 0 
7ca0e404e000-7ca0e4051000 r--p 00000000 00:21 5479047                    /usr/lib/libdrm_intel.so.1.131.0
7ca0e4051000-7ca0e4068000 r-xp 00003000 00:21 5479047                    /usr/lib/libdrm_intel.so.1.131.0
7ca0e4068000-7ca0e4071000 r--p 0001a000 00:21 5479047                    /usr/lib/libdrm_intel.so.1.131.0
7ca0e4071000-7ca0e4072000 r--p 00023000 00:21 5479047                    /usr/lib/libdrm_intel.so.1.131.0
7ca0e4072000-7ca0e4073000 rw-p 00024000 00:21 5479047                    /usr/lib/libdrm_intel.so.1.131.0
7ca0e4073000-7ca0e4076000 r--p 00000000 00:21 4223473                    /usr/lib/libelf-0.194.so
7ca0e4076000-7ca0e4089000 r-xp 00003000 00:21 4223473                    /usr/lib/libelf-0.194.so
7ca0e4089000-7ca0e408d000 r--p 00016000 00:21 4223473                    /usr/lib/libelf-0.194.so
7ca0e408d000-7ca0e408e000 r--p 0001a000 00:21 4223473                    /usr/lib/libelf-0.194.so
7ca0e408e000-7ca0e408f000 rw-p 0001b000 00:21 4223473                    /usr/lib/libelf-0.194.so
7ca0e408f000-7ca0e4092000 r--p 00000000 00:21 5479044                    /usr/lib/libdrm_amdgpu.so.1.131.0
7ca0e4092000-7ca0e4098000 r-xp 00003000 00:21 5479044                    /usr/lib/libdrm_amdgpu.so.1.131.0
7ca0e4098000-7ca0e409a000 r--p 00009000 00:21 5479044                    /usr/lib/libdrm_amdgpu.so.1.131.0
7ca0e409a000-7ca0e409b000 r--p 0000a000 00:21 5479044                    /usr/lib/libdrm_amdgpu.so.1.131.0
7ca0e409b000-7ca0e409c000 rw-p 0000b000 00:21 5479044                    /usr/lib/libdrm_amdgpu.so.1.131.0
7ca0e409c000-7ca0e409d000 r--p 00000000 00:21 1022884                    /usr/lib/libxshmfence.so.1.0.0
7ca0e409d000-7ca0e409e000 r-xp 00001000 00:21 1022884                    /usr/lib/libxshmfence.so.1.0.0
7ca0e409e000-7ca0e409f000 r--p 00002000 00:21 1022884                    /usr/lib/libxshmfence.so.1.0.0
7ca0e409f000-7ca0e40a0000 r--p 00002000 00:21 1022884                    /usr/lib/libxshmfence.so.1.0.0
7ca0e40a0000-7ca0e40a1000 rw-p 00003000 00:21 1022884                    /usr/lib/libxshmfence.so.1.0.0
7ca0e40a1000-7ca0e40a4000 r--p 00000000 00:21 1004374                    /usr/lib/libxcb-sync.so.1.0.0
7ca0e40a4000-7ca0e40a7000 r-xp 00003000 00:21 1004374                    /usr/lib/libxcb-sync.so.1.0.0
7ca0e40a7000-7ca0e40a8000 r--p 00006000 00:21 1004374                    /usr/lib/libxcb-sync.so.1.0.0
7ca0e40a8000-7ca0e40a9000 r--p 00007000 00:21 1004374                    /usr/lib/libxcb-sync.so.1.0.0
7ca0e40a9000-7ca0e40aa000 rw-p 00008000 00:21 1004374                    /usr/lib/libxcb-sync.so.1.0.0
7ca0e40aa000-7ca0e40ac000 r--p 00000000 00:21 1358871                    /usr/lib/libsensors.so.5.0.0
7ca0e40ac000-7ca0e40b4000 r-xp 00002000 00:21 1358871                    /usr/lib/libsensors.so.5.0.0
7ca0e40b4000-7ca0e40b8000 r--p 0000a000 00:21 1358871                    /usr/lib/libsensors.so.5.0.0
7ca0e40b8000-7ca0e40b9000 r--p 0000e000 00:21 1358871                    /usr/lib/libsensors.so.5.0.0
7ca0e40b9000-7ca0e40ba000 rw-p 0000f000 00:21 1358871                    /usr/lib/libsensors.so.5.0.0
7ca0e40ba000-7ca0e40c6000 r--p 00000000 00:21 1002974                    /usr/lib/libzstd.so.1.5.7
7ca0e40c6000-7ca0e418c000 r-xp 0000c000 00:21 1002974                    /usr/lib/libzstd.so.1.5.7
7ca0e418c000-7ca0e419d000 r--p 000d2000 00:21 1002974                    /usr/lib/libzstd.so.1.5.7
7ca0e419d000-7ca0e419e000 r--p 000e3000 00:21 1002974                    /usr/lib/libzstd.so.1.5.7
7ca0e419e000-7ca0e419f000 rw-p 000e4000 00:21 1002974                    /usr/lib/libzstd.so.1.5.7
7ca0e419f000-7ca0e41a0000 r--p 00000000 00:21 1004371                    /usr/lib/libxcb-shm.so.0.0.0
7ca0e41a0000-7ca0e41a1000 r-xp 00001000 00:21 1004371                    /usr/lib/libxcb-shm.so.0.0.0
7ca0e41a1000-7ca0e41a2000 r--p 00002000 00:21 1004371                    /usr/lib/libxcb-shm.so.0.0.0
7ca0e41a2000-7ca0e41a3000 r--p 00002000 00:21 1004371                    /usr/lib/libxcb-shm.so.0.0.0
7ca0e41a3000-7ca0e41a4000 rw-p 00003000 00:21 1004371                    /usr/lib/libxcb-shm.so.0.0.0
7ca0e41a4000-7ca0e41a7000 r--p 00000000 00:21 1004380                    /usr/lib/libxcb-xfixes.so.0.0.0
7ca0e41a7000-7ca0e41aa000 r-xp 00003000 00:21 1004380                    /usr/lib/libxcb-xfixes.so.0.0.0
7ca0e41aa000-7ca0e41ab000 r--p 00006000 00:21 1004380                    /usr/lib/libxcb-xfixes.so.0.0.0
7ca0e41ab000-7ca0e41ac000 r--p 00007000 00:21 1004380                    /usr/lib/libxcb-xfixes.so.0.0.0
7ca0e41ac000-7ca0e41ad000 rw-p 00008000 00:21 1004380                    /usr/lib/libxcb-xfixes.so.0.0.0
7ca0e41ad000-7ca0e41b4000 r--p 00000000 00:21 1004353                    /usr/lib/libxcb-randr.so.0.1.0
7ca0e41b4000-7ca0e41ba000 r-xp 00007000 00:21 1004353                    /usr/lib/libxcb-randr.so.0.1.0
7ca0e41ba000-7ca0e41bd000 r--p 0000d000 00:21 1004353                    /usr/lib/libxcb-randr.so.0.1.0
7ca0e41bd000-7ca0e41be000 r--p 00010000 00:21 1004353                    /usr/lib/libxcb-randr.so.0.1.0
7ca0e41be000-7ca0e41bf000 rw-p 00011000 00:21 1004353                    /usr/lib/libxcb-randr.so.0.1.0
7ca0e41bf000-7ca0e41c5000 r--p 00000000 00:21 5574210                    /usr/lib/libEGL_mesa.so.0.0.0
7ca0e41c5000-7ca0e41f0000 r-xp 00006000 00:21 5574210                    /usr/lib/libEGL_mesa.so.0.0.0
7ca0e41f0000-7ca0e4204000 r--p 00031000 00:21 5574210                    /usr/lib/libEGL_mesa.so.0.0.0
7ca0e4204000-7ca0e4210000 r--p 00045000 00:21 5574210                    /usr/lib/libEGL_mesa.so.0.0.0
7ca0e4210000-7ca0e4211000 rw-p 00051000 00:21 5574210                    /usr/lib/libEGL_mesa.so.0.0.0
7ca0e4225000-7ca0e4227000 r--p 00000000 00:21 1004344                    /usr/lib/libxcb-dri3.so.0.1.0
7ca0e4227000-7ca0e4229000 r-xp 00002000 00:21 1004344                    /usr/lib/libxcb-dri3.so.0.1.0
7ca0e4229000-7ca0e422a000 r--p 00004000 00:21 1004344                    /usr/lib/libxcb-dri3.so.0.1.0
7ca0e422a000-7ca0e422b000 r--p 00004000 00:21 1004344                    /usr/lib/libxcb-dri3.so.0.1.0
7ca0e422b000-7ca0e422c000 rw-p 00005000 00:21 1004344                    /usr/lib/libxcb-dri3.so.0.1.0
7ca0e4270000-7ca0e4b92000 rw-p 00000000 00:00 0 
7ca0e4b92000-7ca0e4b9b000 rw-s 00008000 00:01 11013                      /memfd:pipewire-memfd:flags=0x0000000f,type=2,size=65664 (deleted)
7ca0e4b9b000-7ca0e4ba4000 rw-s 00000000 00:01 11013                      /memfd:pipewire-memfd:flags=0x0000000f,type=2,size=65664 (deleted)
7ca0e4ba4000-7ca0e4bad000 rw-s 00008000 00:01 11012                      /memfd:pipewire-memfd:flags=0x0000000f,type=2,size=65664 (deleted)
7ca0e4bad000-7ca0e4baf000 r--p 00000000 00:21 4047303                    /usr/lib/libexpat.so.1.11.1
7ca0e4baf000-7ca0e4bcd000 r-xp 00002000 00:21 4047303                    /usr/lib/libexpat.so.1.11.1
7ca0e4bcd000-7ca0e4bd5000 r--p 00020000 00:21 4047303                    /usr/lib/libexpat.so.1.11.1
7ca0e4bd5000-7ca0e4bd7000 r--p 00028000 00:21 4047303                    /usr/lib/libexpat.so.1.11.1
7ca0e4bd7000-7ca0e4bd8000 rw-p 0002a000 00:21 4047303                    /usr/lib/libexpat.so.1.11.1
7ca0e4bd8000-7ca0e4be8000 r--p 00000000 00:21 5740359                    /usr/lib/libnvidia-glsi.so.580.119.02
7ca0e4be8000-7ca0e4c48000 r-xp 00010000 00:21 5740359                    /usr/lib/libnvidia-glsi.so.580.119.02
7ca0e4c48000-7ca0e4c65000 r--p 00070000 00:21 5740359                    /usr/lib/libnvidia-glsi.so.580.119.02
7ca0e4c65000-7ca0e4c6b000 r--p 0008c000 00:21 5740359                    /usr/lib/libnvidia-glsi.so.580.119.02
7ca0e4c6b000-7ca0e4c6c000 rw-p 00092000 00:21 5740359                    /usr/lib/libnvidia-glsi.so.580.119.02
7ca0e4c6c000-7ca0e4c74000 rw-p 00000000 00:00 0 
7ca0e4c74000-7ca0e4ca8000 r--p 00000000 00:21 5740321                    /usr/lib/libEGL_nvidia.so.580.119.02
7ca0e4ca8000-7ca0e4d3f000 r-xp 00034000 00:21 5740321                    /usr/lib/libEGL_nvidia.so.580.119.02
7ca0e4d3f000-7ca0e4d93000 r--p 000cb000 00:21 5740321                    /usr/lib/libEGL_nvidia.so.580.119.02
7ca0e4d93000-7ca0e4d94000 ---p 0011f000 00:21 5740321                    /usr/lib/libEGL_nvidia.so.580.119.02
7ca0e4d94000-7ca0e4d9c000 r--p 0011f000 00:21 5740321                    /usr/lib/libEGL_nvidia.so.580.119.02
7ca0e4d9c000-7ca0e4db2000 rw-p 00127000 00:21 5740321                    /usr/lib/libEGL_nvidia.so.580.119.02
7ca0e4db2000-7ca0e4db7000 rw-p 00000000 00:00 0 
7ca0e4db7000-7ca0e4db9000 r--p 00000000 00:21 1611720                    /usr/lib/libGLdispatch.so.0.0.0
7ca0e4db9000-7ca0e4df8000 r-xp 00002000 00:21 1611720                    /usr/lib/libGLdispatch.so.0.0.0
7ca0e4df8000-7ca0e4e0b000 r--p 00041000 00:21 1611720                    /usr/lib/libGLdispatch.so.0.0.0
7ca0e4e0b000-7ca0e4e27000 r--p 00054000 00:21 1611720                    /usr/lib/libGLdispatch.so.0.0.0
7ca0e4e27000-7ca0e4e28000 rw-p 00070000 00:21 1611720                    /usr/lib/libGLdispatch.so.0.0.0
7ca0e4e28000-7ca0e4e30000 rw-p 00000000 00:00 0 
7ca0e4e30000-7ca0e4e31000 ---p 00000000 00:00 0 
7ca0e4e31000-7ca0e5631000 rw-p 00000000 00:00 0 
7ca0e5631000-7ca0e5632000 ---p 00000000 00:00 0 
7ca0e5632000-7ca0e5e32000 rw-p 00000000 00:00 0 
7ca0e5e32000-7ca0e5e33000 ---p 00000000 00:00 0 
7ca0e5e33000-7ca0e5e37000 ---p 00000000 00:00 0 
7ca0e5e37000-7ca0e5f33000 rw-p 00000000 00:00 0 
7ca0e5f33000-7ca0e5f34000 ---p 00000000 00:00 0 
7ca0e5f34000-7ca0e6734000 rw-p 00000000 00:00 0 
7ca0e6734000-7ca0e6736000 r--p 00000000 00:21 5211370                    /usr/lib/spa-0.2/audioconvert/libspa-audioconvert.so
7ca0e6736000-7ca0e678c000 r-xp 00002000 00:21 5211370                    /usr/lib/spa-0.2/audioconvert/libspa-audioconvert.so
7ca0e678c000-7ca0e67f3000 r--p 00058000 00:21 5211370                    /usr/lib/spa-0.2/audioconvert/libspa-audioconvert.so
7ca0e67f3000-7ca0e67fa000 r--p 000bf000 00:21 5211370                    /usr/lib/spa-0.2/audioconvert/libspa-audioconvert.so
7ca0e67fa000-7ca0e67fd000 rw-p 000c6000 00:21 5211370                    /usr/lib/spa-0.2/audioconvert/libspa-audioconvert.so
7ca0e67fd000-7ca0e67fe000 ---p 00000000 00:00 0 
7ca0e67fe000-7ca0e6ffe000 rw-p 00000000 00:00 0 
7ca0e6ffe000-7ca0e6fff000 ---p 00000000 00:00 0 
7ca0e6fff000-7ca0e77ff000 rw-p 00000000 00:00 0 
7ca0e77ff000-7ca0e7800000 ---p 00000000 00:00 0 
7ca0e7800000-7ca0e8000000 rw-p 00000000 00:00 0 
7ca0e8000000-7ca0e8021000 rw-p 00000000 00:00 0 
7ca0e8021000-7ca0ec000000 ---p 00000000 00:00 0 
7ca0ec000000-7ca0ec022000 rw-p 00000000 00:00 0 
7ca0ec022000-7ca0f0000000 ---p 00000000 00:00 0 
7ca0f0000000-7ca0f0021000 rw-p 00000000 00:00 0 
7ca0f0021000-7ca0f4000000 ---p 00000000 00:00 0 
7ca0f4000000-7ca0f4021000 rw-p 00000000 00:00 0 
7ca0f4021000-7ca0f8000000 ---p 00000000 00:00 0 
7ca0f8000000-7ca0f83ac000 rw-p 00000000 00:00 0 
7ca0f83ac000-7ca0fc000000 ---p 00000000 00:00 0 
7ca0fc000000-7ca0fc665000 rw-p 00000000 00:00 0 
7ca0fc665000-7ca100000000 ---p 00000000 00:00 0 
7ca100000000-7ca100021000 rw-p 00000000 00:00 0 
7ca100021000-7ca104000000 ---p 00000000 00:00 0 
7ca104000000-7ca104021000 rw-p 00000000 00:00 0 
7ca104021000-7ca108000000 ---p 00000000 00:00 0 
7ca108000000-7ca108021000 rw-p 00000000 00:00 0 
7ca108021000-7ca10c000000 ---p 00000000 00:00 0 
7ca10c000000-7ca10c021000 rw-p 00000000 00:00 0 
7ca10c021000-7ca110000000 ---p 00000000 00:00 0 
7ca110000000-7ca110220000 rw-p 00000000 00:00 0 
7ca110220000-7ca110400000 ---p 00000000 00:00 0 
7ca110400000-7ca110730000 rw-p 00000000 00:00 0 
7ca110730000-7ca114000000 ---p 00000000 00:00 0 
7ca114000000-7ca114021000 rw-p 00000000 00:00 0 
7ca114021000-7ca118000000 ---p 00000000 00:00 0 
7ca118004000-7ca118007000 r--p 00000000 00:21 2532346                    /usr/lib/libwayland-client.so.0.24.0
7ca118007000-7ca11800e000 r-xp 00003000 00:21 2532346                    /usr/lib/libwayland-client.so.0.24.0
7ca11800e000-7ca118011000 r--p 0000a000 00:21 2532346                    /usr/lib/libwayland-client.so.0.24.0
7ca118011000-7ca118013000 r--p 0000c000 00:21 2532346                    /usr/lib/libwayland-client.so.0.24.0
7ca118013000-7ca118014000 rw-p 0000e000 00:21 2532346                    /usr/lib/libwayland-client.so.0.24.0
7ca118014000-7ca118019000 r--p 00000000 00:21 5479041                    /usr/lib/libdrm.so.2.131.0
7ca118019000-7ca118025000 r-xp 00005000 00:21 5479041                    /usr/lib/libdrm.so.2.131.0
7ca118025000-7ca118029000 r--p 00011000 00:21 5479041                    /usr/lib/libdrm.so.2.131.0
7ca118029000-7ca11802a000 r--p 00015000 00:21 5479041                    /usr/lib/libdrm.so.2.131.0
7ca11802a000-7ca11802b000 rw-p 00016000 00:21 5479041                    /usr/lib/libdrm.so.2.131.0
7ca118040000-7ca118042000 r--p 00000000 00:21 1611708                    /usr/lib/libEGL.so.1.1.0
7ca118042000-7ca11804c000 r-xp 00002000 00:21 1611708                    /usr/lib/libEGL.so.1.1.0
7ca11804c000-7ca118050000 r--p 0000c000 00:21 1611708                    /usr/lib/libEGL.so.1.1.0
7ca118050000-7ca118051000 r--p 0000f000 00:21 1611708                    /usr/lib/libEGL.so.1.1.0
7ca118051000-7ca118052000 rw-p 00010000 00:21 1611708                    /usr/lib/libEGL.so.1.1.0
7ca118057000-7ca118059000 rw-s 104fcc000 00:10 1078                      anon_inode:i915.gem
7ca118061000-7ca118071000 rw-s 102546000 00:10 1078                      anon_inode:i915.gem
7ca118071000-7ca118081000 rw-s 104f06000 00:10 1078                      anon_inode:i915.gem
7ca118081000-7ca118082000 ---p 00000000 00:00 0 
7ca118082000-7ca118882000 rw-p 00000000 00:00 0 
7ca118882000-7ca118884000 r--p 00000000 00:21 5211165                    /usr/lib/pipewire-0.3/libpipewire-module-session-manager.so
7ca118884000-7ca1188a1000 r-xp 00002000 00:21 5211165                    /usr/lib/pipewire-0.3/libpipewire-module-session-manager.so
7ca1188a1000-7ca1188a6000 r--p 0001f000 00:21 5211165                    /usr/lib/pipewire-0.3/libpipewire-module-session-manager.so
7ca1188a6000-7ca1188a8000 r--p 00023000 00:21 5211165                    /usr/lib/pipewire-0.3/libpipewire-module-session-manager.so
7ca1188a8000-7ca1188a9000 rw-p 00025000 00:21 5211165                    /usr/lib/pipewire-0.3/libpipewire-module-session-manager.so
7ca1188a9000-7ca1188ac000 r--p 00000000 00:21 5211156                    /usr/lib/pipewire-0.3/libpipewire-module-client-node.so
7ca1188ac000-7ca1188cf000 r-xp 00003000 00:21 5211156                    /usr/lib/pipewire-0.3/libpipewire-module-client-node.so
7ca1188cf000-7ca1188d5000 r--p 00026000 00:21 5211156                    /usr/lib/pipewire-0.3/libpipewire-module-client-node.so
7ca1188d5000-7ca1188d7000 r--p 0002c000 00:21 5211156                    /usr/lib/pipewire-0.3/libpipewire-module-client-node.so
7ca1188d7000-7ca1188d8000 rw-p 0002e000 00:21 5211156                    /usr/lib/pipewire-0.3/libpipewire-module-client-node.so
7ca1188d8000-7ca1188d9000 ---p 00000000 00:00 0 
7ca1188d9000-7ca1190d9000 rw-p 00000000 00:00 0 
7ca1190d9000-7ca1190ee000 r--p 00000000 00:21 5573291                    /usr/lib/libsystemd.so.0.42.0
7ca1190ee000-7ca1191b2000 r-xp 00015000 00:21 5573291                    /usr/lib/libsystemd.so.0.42.0
7ca1191b2000-7ca1191f5000 r--p 000d9000 00:21 5573291                    /usr/lib/libsystemd.so.0.42.0
7ca1191f5000-7ca1191fe000 r--p 0011c000 00:21 5573291                    /usr/lib/libsystemd.so.0.42.0
7ca1191fe000-7ca1191ff000 rw-p 00125000 00:21 5573291                    /usr/lib/libsystemd.so.0.42.0
7ca1191ff000-7ca119200000 rw-p 00000000 00:00 0 
7ca119200000-7ca119297000 r--p 00000000 00:21 4749907                    /usr/lib/libstdc++.so.6.0.34
7ca119297000-7ca1193ec000 r-xp 00097000 00:21 4749907                    /usr/lib/libstdc++.so.6.0.34
7ca1193ec000-7ca11947e000 r--p 001ec000 00:21 4749907                    /usr/lib/libstdc++.so.6.0.34
7ca11947e000-7ca11948f000 r--p 0027e000 00:21 4749907                    /usr/lib/libstdc++.so.6.0.34
7ca11948f000-7ca119490000 rw-p 0028f000 00:21 4749907                    /usr/lib/libstdc++.so.6.0.34
7ca119490000-7ca119494000 rw-p 00000000 00:00 0 
7ca119495000-7ca119496000 r--p 00000000 00:21 1004350                    /usr/lib/libxcb-present.so.0.0.0
7ca119496000-7ca119497000 r-xp 00001000 00:21 1004350                    /usr/lib/libxcb-present.so.0.0.0
7ca119497000-7ca119498000 r--p 00002000 00:21 1004350                    /usr/lib/libxcb-present.so.0.0.0
7ca119498000-7ca119499000 r--p 00002000 00:21 1004350                    /usr/lib/libxcb-present.so.0.0.0
7ca119499000-7ca11949a000 rw-p 00003000 00:21 1004350                    /usr/lib/libxcb-present.so.0.0.0
7ca11949a000-7ca1194a3000 rw-s 00000000 00:01 11012                      /memfd:pipewire-memfd:flags=0x0000000f,type=2,size=65664 (deleted)
7ca1194a3000-7ca1194a5000 r--p 00000000 00:21 5211159                    /usr/lib/pipewire-0.3/libpipewire-module-metadata.so
7ca1194a5000-7ca1194ae000 r-xp 00002000 00:21 5211159                    /usr/lib/pipewire-0.3/libpipewire-module-metadata.so
7ca1194ae000-7ca1194b0000 r--p 0000b000 00:21 5211159                    /usr/lib/pipewire-0.3/libpipewire-module-metadata.so
7ca1194b0000-7ca1194b1000 r--p 0000c000 00:21 5211159                    /usr/lib/pipewire-0.3/libpipewire-module-metadata.so
7ca1194b1000-7ca1194b2000 rw-p 0000d000 00:21 5211159                    /usr/lib/pipewire-0.3/libpipewire-module-metadata.so
7ca1194b2000-7ca1194c0000 r--p 00000000 00:21 1308389                    /usr/lib/libdbus-1.so.3.38.3
7ca1194c0000-7ca1194f1000 r-xp 0000e000 00:21 1308389                    /usr/lib/libdbus-1.so.3.38.3
7ca1194f1000-7ca119502000 r--p 0003f000 00:21 1308389                    /usr/lib/libdbus-1.so.3.38.3
7ca119502000-7ca119504000 r--p 0004f000 00:21 1308389                    /usr/lib/libdbus-1.so.3.38.3
7ca119504000-7ca119505000 rw-p 00051000 00:21 1308389                    /usr/lib/libdbus-1.so.3.38.3
7ca119505000-7ca119518000 r--p 00000000 00:32 1302                       /tmp/lwjgl_abdenours/3.3.3+5/x64/libopenal.so
7ca119518000-7ca1195b8000 r-xp 00013000 00:32 1302                       /tmp/lwjgl_abdenours/3.3.3+5/x64/libopenal.so
7ca1195b8000-7ca11961a000 r--p 000b3000 00:32 1302                       /tmp/lwjgl_abdenours/3.3.3+5/x64/libopenal.so
7ca11961a000-7ca11961b000 ---p 00115000 00:32 1302                       /tmp/lwjgl_abdenours/3.3.3+5/x64/libopenal.so
7ca11961b000-7ca119620000 r--p 00115000 00:32 1302                       /tmp/lwjgl_abdenours/3.3.3+5/x64/libopenal.so
7ca119620000-7ca119621000 rw-p 0011a000 00:32 1302                       /tmp/lwjgl_abdenours/3.3.3+5/x64/libopenal.so
7ca119621000-7ca11969c000 rw-p 00000000 00:00 0 
7ca11969c000-7ca1198d4000 r--p 00000000 00:32 1301                       /tmp/libgdxabdenours/7f47ef07a3b30ad5/libGLESv2.so
7ca1198d4000-7ca119d6f000 r-xp 00237000 00:32 1301                       /tmp/libgdxabdenours/7f47ef07a3b30ad5/libGLESv2.so
7ca119d6f000-7ca119db0000 r--p 006d1000 00:32 1301                       /tmp/libgdxabdenours/7f47ef07a3b30ad5/libGLESv2.so
7ca119db0000-7ca119dea000 rw-p 00711000 00:32 1301                       /tmp/libgdxabdenours/7f47ef07a3b30ad5/libGLESv2.so
7ca119dea000-7ca11a400000 rw-p 00000000 00:00 0 
7ca11a400000-7ca11ac00000 rw-p 00000000 00:00 0 
7ca11ac01000-7ca11ac03000 r--p 00000000 00:21 3544466                    /usr/lib/libffi.so.8.2.0
7ca11ac03000-7ca11ac0a000 r-xp 00002000 00:21 3544466                    /usr/lib/libffi.so.8.2.0
7ca11ac0a000-7ca11ac0b000 r--p 00009000 00:21 3544466                    /usr/lib/libffi.so.8.2.0
7ca11ac0b000-7ca11ac0c000 r--p 0000a000 00:21 3544466                    /usr/lib/libffi.so.8.2.0
7ca11ac0c000-7ca11ac0d000 rw-p 0000b000 00:21 3544466                    /usr/lib/libffi.so.8.2.0
7ca11ac0d000-7ca11ac10000 r--p 00000000 00:21 5211162                    /usr/lib/pipewire-0.3/libpipewire-module-protocol-native.so
7ca11ac10000-7ca11ac32000 r-xp 00003000 00:21 5211162                    /usr/lib/pipewire-0.3/libpipewire-module-protocol-native.so
7ca11ac32000-7ca11ac3e000 r--p 00025000 00:21 5211162                    /usr/lib/pipewire-0.3/libpipewire-module-protocol-native.so
7ca11ac3e000-7ca11ac4e000 r--p 00030000 00:21 5211162                    /usr/lib/pipewire-0.3/libpipewire-module-protocol-native.so
7ca11ac4e000-7ca11ac4f000 rw-p 00040000 00:21 5211162                    /usr/lib/pipewire-0.3/libpipewire-module-protocol-native.so
7ca11ac4f000-7ca11ac5c000 r--p 00000000 00:21 5211128                    /usr/lib/libpipewire-0.3.so.0.1409.0
7ca11ac5c000-7ca11acd6000 r-xp 0000d000 00:21 5211128                    /usr/lib/libpipewire-0.3.so.0.1409.0
7ca11acd6000-7ca11acf2000 r--p 00087000 00:21 5211128                    /usr/lib/libpipewire-0.3.so.0.1409.0
7ca11acf2000-7ca11ad0f000 r--p 000a2000 00:21 5211128                    /usr/lib/libpipewire-0.3.so.0.1409.0
7ca11ad0f000-7ca11ad10000 rw-p 000bf000 00:21 5211128                    /usr/lib/libpipewire-0.3.so.0.1409.0
7ca11ad10000-7ca11ad11000 rw-p 00000000 00:00 0 
7ca11ad11000-7ca11ad15000 r--p 00000000 00:21 4749877                    /usr/lib/libgcc_s.so.1
7ca11ad15000-7ca11ad38000 r-xp 00004000 00:21 4749877                    /usr/lib/libgcc_s.so.1
7ca11ad38000-7ca11ad3c000 r--p 00027000 00:21 4749877                    /usr/lib/libgcc_s.so.1
7ca11ad3c000-7ca11ad3d000 r--p 0002a000 00:21 4749877                    /usr/lib/libgcc_s.so.1
7ca11ad3d000-7ca11ad3e000 rw-p 0002b000 00:21 4749877                    /usr/lib/libgcc_s.so.1
7ca11ad3e000-7ca11ad52000 r--p 00000000 00:32 1300                       /tmp/libgdxabdenours/7f47ef07a3b30ad5/libEGL.so
7ca11ad52000-7ca11ad7b000 r-xp 00013000 00:32 1300                       /tmp/libgdxabdenours/7f47ef07a3b30ad5/libEGL.so
7ca11ad7b000-7ca11ad7e000 r--p 0003b000 00:32 1300                       /tmp/libgdxabdenours/7f47ef07a3b30ad5/libEGL.so
7ca11ad7e000-7ca11ad7f000 rw-p 0003d000 00:32 1300                       /tmp/libgdxabdenours/7f47ef07a3b30ad5/libEGL.so
7ca11ad7f000-7ca11ad81000 rw-p 00000000 00:00 0 
7ca11ad81000-7ca11ad89000 r--p 00000000 00:32 1295                       /tmp/lwjgl_abdenours/3.3.3+5/x64/libjemalloc.so
7ca11ad89000-7ca11adde000 r-xp 00008000 00:32 1295                       /tmp/lwjgl_abdenours/3.3.3+5/x64/libjemalloc.so
7ca11adde000-7ca11adee000 r--p 0005d000 00:32 1295                       /tmp/lwjgl_abdenours/3.3.3+5/x64/libjemalloc.so
7ca11adee000-7ca11adef000 ---p 0006d000 00:32 1295                       /tmp/lwjgl_abdenours/3.3.3+5/x64/libjemalloc.so
7ca11adef000-7ca11adf5000 r--p 0006d000 00:32 1295                       /tmp/lwjgl_abdenours/3.3.3+5/x64/libjemalloc.so
7ca11adf5000-7ca11adf6000 rw-p 00073000 00:32 1295                       /tmp/lwjgl_abdenours/3.3.3+5/x64/libjemalloc.so
7ca11adf6000-7ca11b000000 rw-p 00000000 00:00 0 
7ca11b000000-7ca11b020000 r-xp 00000000 00:32 1289                       /tmp/libgdxabdenours/da3a4817/libgdx64.so
7ca11b020000-7ca11b220000 ---p 00020000 00:32 1289                       /tmp/libgdxabdenours/da3a4817/libgdx64.so
7ca11b220000-7ca11b221000 r--p 00020000 00:32 1289                       /tmp/libgdxabdenours/da3a4817/libgdx64.so
7ca11b221000-7ca11b222000 rw-p 00021000 00:32 1289                       /tmp/libgdxabdenours/da3a4817/libgdx64.so
7ca11b222000-7ca11b224000 r--p 00000000 00:21 5211154                    /usr/lib/pipewire-0.3/libpipewire-module-adapter.so
7ca11b224000-7ca11b228000 r-xp 00002000 00:21 5211154                    /usr/lib/pipewire-0.3/libpipewire-module-adapter.so
7ca11b228000-7ca11b22a000 r--p 00006000 00:21 5211154                    /usr/lib/pipewire-0.3/libpipewire-module-adapter.so
7ca11b22a000-7ca11b22b000 r--p 00007000 00:21 5211154                    /usr/lib/pipewire-0.3/libpipewire-module-adapter.so
7ca11b22b000-7ca11b22c000 rw-p 00008000 00:21 5211154                    /usr/lib/pipewire-0.3/libpipewire-module-adapter.so
7ca11b22c000-7ca11b243000 r--p 00000000 00:21 5782363                    /usr/lib/libX11.so.6.4.0
7ca11b243000-7ca11b2d8000 r-xp 00017000 00:21 5782363                    /usr/lib/libX11.so.6.4.0
7ca11b2d8000-7ca11b367000 r--p 000ac000 00:21 5782363                    /usr/lib/libX11.so.6.4.0
7ca11b367000-7ca11b36a000 r--p 0013a000 00:21 5782363                    /usr/lib/libX11.so.6.4.0
7ca11b36a000-7ca11b36e000 rw-p 0013d000 00:21 5782363                    /usr/lib/libX11.so.6.4.0
7ca11b36e000-7ca11b37c000 r--p 00000000 00:32 1296                       /tmp/lwjgl_abdenours/3.3.3+5/x64/libglfw.so
7ca11b37c000-7ca11b39b000 r-xp 0000e000 00:32 1296                       /tmp/lwjgl_abdenours/3.3.3+5/x64/libglfw.so
7ca11b39b000-7ca11b3ce000 r--p 0002d000 00:32 1296                       /tmp/lwjgl_abdenours/3.3.3+5/x64/libglfw.so
7ca11b3ce000-7ca11b3cf000 ---p 00060000 00:32 1296                       /tmp/lwjgl_abdenours/3.3.3+5/x64/libglfw.so
7ca11b3cf000-7ca11b3d2000 r--p 00060000 00:32 1296                       /tmp/lwjgl_abdenours/3.3.3+5/x64/libglfw.so
7ca11b3d2000-7ca11b3d5000 rw-p 00063000 00:32 1296                       /tmp/lwjgl_abdenours/3.3.3+5/x64/libglfw.so
7ca11b3d5000-7ca11b3f8000 rw-p 00000000 00:00 0 
7ca11b3f8000-7ca11b3f9000 ---p 00000000 00:00 0 
7ca11b3f9000-7ca11b3fd000 ---p 00000000 00:00 0 
7ca11b3fd000-7ca11b4f9000 rw-p 00000000 00:00 0 
7ca11b4f9000-7ca11b4fa000 ---p 00000000 00:00 0 
7ca11b4fa000-7ca11b4fe000 ---p 00000000 00:00 0 
7ca11b4fe000-7ca11b5fa000 rw-p 00000000 00:00 0 
7ca11b5fa000-7ca11b5fb000 ---p 00000000 00:00 0 
7ca11b5fb000-7ca11b5ff000 ---p 00000000 00:00 0 
7ca11b5ff000-7ca11b6fb000 rw-p 00000000 00:00 0 
7ca11b6fb000-7ca11b6fc000 ---p 00000000 00:00 0 
7ca11b6fc000-7ca11b700000 ---p 00000000 00:00 0 
7ca11b700000-7ca11b7fc000 rw-p 00000000 00:00 0 
7ca11b7fc000-7ca11b7fd000 ---p 00000000 00:00 0 
7ca11b7fd000-7ca11b801000 ---p 00000000 00:00 0 
7ca11b801000-7ca11b8fd000 rw-p 00000000 00:00 0 
7ca11b8fd000-7ca11b8fe000 ---p 00000000 00:00 0 
7ca11b8fe000-7ca11b902000 ---p 00000000 00:00 0 
7ca11b902000-7ca11b9fe000 rw-p 00000000 00:00 0 
7ca11b9fe000-7ca11b9ff000 ---p 00000000 00:00 0 
7ca11b9ff000-7ca11ba03000 ---p 00000000 00:00 0 
7ca11ba03000-7ca11baff000 rw-p 00000000 00:00 0 
7ca11baff000-7ca11bb00000 ---p 00000000 00:00 0 
7ca11bb00000-7ca11bb04000 ---p 00000000 00:00 0 
7ca11bb04000-7ca11bc00000 rw-p 00000000 00:00 0 
7ca11bc00000-7ca11beed000 r--p 00000000 00:21 4749865                    /usr/lib/locale/locale-archive
7ca11beef000-7ca11bef1000 r--p 00000000 00:21 5211155                    /usr/lib/pipewire-0.3/libpipewire-module-client-device.so
7ca11bef1000-7ca11befc000 r-xp 00002000 00:21 5211155                    /usr/lib/pipewire-0.3/libpipewire-module-client-device.so
7ca11befc000-7ca11befd000 r--p 0000d000 00:21 5211155                    /usr/lib/pipewire-0.3/libpipewire-module-client-device.so
7ca11befd000-7ca11befe000 r--p 0000e000 00:21 5211155                    /usr/lib/pipewire-0.3/libpipewire-module-client-device.so
7ca11befe000-7ca11beff000 rw-p 0000f000 00:21 5211155                    /usr/lib/pipewire-0.3/libpipewire-module-client-device.so
7ca11beff000-7ca11bf00000 ---p 00000000 00:00 0 
7ca11bf00000-7ca11c000000 rw-p 00000000 00:00 0 
7ca11c000000-7ca11c021000 rw-p 00000000 00:00 0 
7ca11c021000-7ca120000000 ---p 00000000 00:00 0 
7ca120000000-7ca120021000 rw-p 00000000 00:00 0 
7ca120021000-7ca124000000 ---p 00000000 00:00 0 
7ca124000000-7ca124021000 rw-p 00000000 00:00 0 
7ca124021000-7ca128000000 ---p 00000000 00:00 0 
7ca128000000-7ca128021000 rw-p 00000000 00:00 0 
7ca128021000-7ca12c000000 ---p 00000000 00:00 0 
7ca12c000000-7ca12c021000 rw-p 00000000 00:00 0 
7ca12c021000-7ca130000000 ---p 00000000 00:00 0 
7ca130000000-7ca130021000 rw-p 00000000 00:00 0 
7ca130021000-7ca134000000 ---p 00000000 00:00 0 
7ca134000000-7ca134021000 rw-p 00000000 00:00 0 
7ca134021000-7ca138000000 ---p 00000000 00:00 0 
7ca138003000-7ca138004000 rw-s 00000000 00:01 15822                      /memfd:xshmfence (deleted)
7ca138004000-7ca138006000 r--p 00000000 00:21 5211163                    /usr/lib/pipewire-0.3/libpipewire-module-rt.so
7ca138006000-7ca13800a000 r-xp 00002000 00:21 5211163                    /usr/lib/pipewire-0.3/libpipewire-module-rt.so
7ca13800a000-7ca13800c000 r--p 00006000 00:21 5211163                    /usr/lib/pipewire-0.3/libpipewire-module-rt.so
7ca13800c000-7ca13800d000 r--p 00007000 00:21 5211163                    /usr/lib/pipewire-0.3/libpipewire-module-rt.so
7ca13800d000-7ca13800e000 rw-p 00008000 00:21 5211163                    /usr/lib/pipewire-0.3/libpipewire-module-rt.so
7ca13800e000-7ca138015000 r--s 00000000 00:21 4749867                    /usr/lib/gconv/gconv-modules.cache
7ca138015000-7ca138016000 r--p 00000000 00:21 5211171                    /usr/lib/spa-0.2/support/libspa-dbus.so
7ca138016000-7ca138019000 r-xp 00001000 00:21 5211171                    /usr/lib/spa-0.2/support/libspa-dbus.so
7ca138019000-7ca13801a000 r--p 00004000 00:21 5211171                    /usr/lib/spa-0.2/support/libspa-dbus.so
7ca13801a000-7ca13801b000 r--p 00004000 00:21 5211171                    /usr/lib/spa-0.2/support/libspa-dbus.so
7ca13801b000-7ca13801c000 rw-p 00005000 00:21 5211171                    /usr/lib/spa-0.2/support/libspa-dbus.so
7ca13801c000-7ca13801d000 r--p 00000000 00:21 5782360                    /usr/lib/libX11-xcb.so.1.0.0
7ca13801d000-7ca13801e000 r-xp 00001000 00:21 5782360                    /usr/lib/libX11-xcb.so.1.0.0
7ca13801e000-7ca13801f000 r--p 00002000 00:21 5782360                    /usr/lib/libX11-xcb.so.1.0.0
7ca13801f000-7ca138020000 r--p 00002000 00:21 5782360                    /usr/lib/libX11-xcb.so.1.0.0
7ca138020000-7ca138021000 rw-p 00003000 00:21 5782360                    /usr/lib/libX11-xcb.so.1.0.0
7ca138021000-7ca138024000 r--p 00000000 00:21 1023920                    /usr/lib/libXcursor.so.1.0.2
7ca138024000-7ca13802a000 r-xp 00003000 00:21 1023920                    /usr/lib/libXcursor.so.1.0.2
7ca13802a000-7ca13802c000 r--p 00009000 00:21 1023920                    /usr/lib/libXcursor.so.1.0.2
7ca13802c000-7ca13802d000 r--p 0000a000 00:21 1023920                    /usr/lib/libXcursor.so.1.0.2
7ca13802d000-7ca13802e000 rw-p 0000b000 00:21 1023920                    /usr/lib/libXcursor.so.1.0.2
7ca13802e000-7ca138030000 r--p 00000000 00:21 1010367                    /usr/lib/libXrender.so.1.3.0
7ca138030000-7ca138037000 r-xp 00002000 00:21 1010367                    /usr/lib/libXrender.so.1.3.0
7ca138037000-7ca138038000 r--p 00009000 00:21 1010367                    /usr/lib/libXrender.so.1.3.0
7ca138038000-7ca138039000 r--p 00009000 00:21 1010367                    /usr/lib/libXrender.so.1.3.0
7ca138039000-7ca13803a000 rw-p 0000a000 00:21 1010367                    /usr/lib/libXrender.so.1.3.0
7ca13803a000-7ca13803c000 r--p 00000000 00:21 1024400                    /usr/lib/libXrandr.so.2.2.0
7ca13803c000-7ca138043000 r-xp 00002000 00:21 1024400                    /usr/lib/libXrandr.so.2.2.0
7ca138043000-7ca138045000 r--p 00009000 00:21 1024400                    /usr/lib/libXrandr.so.2.2.0
7ca138045000-7ca138046000 r--p 0000a000 00:21 1024400                    /usr/lib/libXrandr.so.2.2.0
7ca138046000-7ca138047000 rw-p 0000b000 00:21 1024400                    /usr/lib/libXrandr.so.2.2.0
7ca138047000-7ca13804a000 r--p 00000000 00:21 1009520                    /usr/lib/libXi.so.6.1.0
7ca13804a000-7ca138056000 r-xp 00003000 00:21 1009520                    /usr/lib/libXi.so.6.1.0
7ca138056000-7ca138058000 r--p 0000f000 00:21 1009520                    /usr/lib/libXi.so.6.1.0
7ca138058000-7ca138059000 r--p 00011000 00:21 1009520                    /usr/lib/libXi.so.6.1.0
7ca138059000-7ca13805a000 rw-p 00012000 00:21 1009520                    /usr/lib/libXi.so.6.1.0
7ca13805a000-7ca138066000 r--p 00000000 00:21 1004401                    /usr/lib/libxcb.so.1.1.0
7ca138066000-7ca13807a000 r-xp 0000c000 00:21 1004401                    /usr/lib/libxcb.so.1.1.0
7ca13807a000-7ca138083000 r--p 00020000 00:21 1004401                    /usr/lib/libxcb.so.1.1.0
7ca138083000-7ca138084000 r--p 00028000 00:21 1004401                    /usr/lib/libxcb.so.1.1.0
7ca138084000-7ca138085000 rw-p 00029000 00:21 1004401                    /usr/lib/libxcb.so.1.1.0
7ca138085000-7ca1380ae000 r--p 00000000 00:32 1294                       /tmp/lwjgl_abdenours/3.3.3+5/x64/liblwjgl.so
7ca1380ae000-7ca1380e0000 r-xp 00029000 00:32 1294                       /tmp/lwjgl_abdenours/3.3.3+5/x64/liblwjgl.so
7ca1380e0000-7ca1380f9000 r--p 0005b000 00:32 1294                       /tmp/lwjgl_abdenours/3.3.3+5/x64/liblwjgl.so
7ca1380f9000-7ca1380fa000 r--p 00073000 00:32 1294                       /tmp/lwjgl_abdenours/3.3.3+5/x64/liblwjgl.so
7ca1380fa000-7ca1380fb000 rw-p 00074000 00:32 1294                       /tmp/lwjgl_abdenours/3.3.3+5/x64/liblwjgl.so
7ca1380fb000-7ca1380fc000 ---p 00000000 00:00 0 
7ca1380fc000-7ca1381fc000 rw-p 00000000 00:00 0 
7ca1381fc000-7ca1381fd000 ---p 00000000 00:00 0 
7ca1381fd000-7ca138201000 ---p 00000000 00:00 0 
7ca138201000-7ca1382fd000 rw-p 00000000 00:00 0 
7ca1382fd000-7ca1382fe000 ---p 00000000 00:00 0 
7ca1382fe000-7ca1383fe000 rw-p 00000000 00:00 0 
7ca1383fe000-7ca1383ff000 ---p 00000000 00:00 0 
7ca1383ff000-7ca1384ff000 rw-p 00000000 00:00 0 
7ca1384ff000-7ca13a600000 rw-p 00000000 00:00 0 
7ca13a600000-7ca13a601000 rw-s 00000000 00:01 15821                      /memfd:xshmfence (deleted)
7ca13a601000-7ca13a602000 rw-s 105167000 00:10 1078                      anon_inode:i915.gem
7ca13a602000-7ca13a604000 r--p 00000000 00:21 3383373                    /usr/lib/libXfixes.so.3.1.0
7ca13a604000-7ca13a607000 r-xp 00002000 00:21 3383373                    /usr/lib/libXfixes.so.3.1.0
7ca13a607000-7ca13a608000 r--p 00005000 00:21 3383373                    /usr/lib/libXfixes.so.3.1.0
7ca13a608000-7ca13a609000 r--p 00005000 00:21 3383373                    /usr/lib/libXfixes.so.3.1.0
7ca13a609000-7ca13a60a000 rw-p 00006000 00:21 3383373                    /usr/lib/libXfixes.so.3.1.0
7ca13a60a000-7ca13a60e000 r--p 00000000 00:21 1009432                    /usr/lib/libXext.so.6.4.0
7ca13a60e000-7ca13a619000 r-xp 00004000 00:21 1009432                    /usr/lib/libXext.so.6.4.0
7ca13a619000-7ca13a61d000 r--p 0000f000 00:21 1009432                    /usr/lib/libXext.so.6.4.0
7ca13a61d000-7ca13a61e000 r--p 00012000 00:21 1009432                    /usr/lib/libXext.so.6.4.0
7ca13a61e000-7ca13a61f000 rw-p 00013000 00:21 1009432                    /usr/lib/libXext.so.6.4.0
7ca13a61f000-7ca13a621000 r--p 00000000 00:21 5574218                    /usr/lib/libgbm.so.1.0.0
7ca13a621000-7ca13a622000 r-xp 00002000 00:21 5574218                    /usr/lib/libgbm.so.1.0.0
7ca13a622000-7ca13a623000 r--p 00003000 00:21 5574218                    /usr/lib/libgbm.so.1.0.0
7ca13a623000-7ca13a624000 r--p 00003000 00:21 5574218                    /usr/lib/libgbm.so.1.0.0
7ca13a624000-7ca13a625000 rw-p 00004000 00:21 5574218                    /usr/lib/libgbm.so.1.0.0
7ca13a625000-7ca13a626000 r--p 00000000 00:21 5211172                    /usr/lib/spa-0.2/support/libspa-journal.so
7ca13a626000-7ca13a628000 r-xp 00001000 00:21 5211172                    /usr/lib/spa-0.2/support/libspa-journal.so
7ca13a628000-7ca13a629000 r--p 00003000 00:21 5211172                    /usr/lib/spa-0.2/support/libspa-journal.so
7ca13a629000-7ca13a62a000 r--p 00003000 00:21 5211172                    /usr/lib/spa-0.2/support/libspa-journal.so
7ca13a62a000-7ca13a62b000 rw-p 00004000 00:21 5211172                    /usr/lib/spa-0.2/support/libspa-journal.so
7ca13a62b000-7ca13a62d000 r--p 00000000 00:21 5211173                    /usr/lib/spa-0.2/support/libspa-support.so
7ca13a62d000-7ca13a646000 r-xp 00002000 00:21 5211173                    /usr/lib/spa-0.2/support/libspa-support.so
7ca13a646000-7ca13a64b000 r--p 0001b000 00:21 5211173                    /usr/lib/spa-0.2/support/libspa-support.so
7ca13a64b000-7ca13a64d000 r--p 00020000 00:21 5211173                    /usr/lib/spa-0.2/support/libspa-support.so
7ca13a64d000-7ca13a64e000 rw-p 00022000 00:21 5211173                    /usr/lib/spa-0.2/support/libspa-support.so
7ca13a64e000-7ca13a9b8000 rw-p 00000000 00:00 0 
7ca13a9b8000-7ca13c5f8000 ---p 00000000 00:00 0 
7ca13c5f8000-7ca13c600000 rw-p 00000000 00:00 0 
7ca13c600000-7ca13c870000 rwxp 00000000 00:00 0 
7ca13c870000-7ca143b37000 ---p 00000000 00:00 0 
7ca143b37000-7ca143da7000 rwxp 00000000 00:00 0 
7ca143da7000-7ca1440c8000 ---p 00000000 00:00 0 
7ca1440c8000-7ca144338000 rwxp 00000000 00:00 0 
7ca144338000-7ca14b600000 ---p 00000000 00:00 0 
7ca14b600000-7ca153ea3000 r--s 00000000 00:21 4164595                    /opt/jdk-25/lib/modules
7ca153ea3000-7ca153ea4000 rw-s 105166000 00:10 1078                      anon_inode:i915.gem
7ca153ea4000-7ca155612000 rw-p 00000000 00:00 0 
7ca155612000-7ca158000000 ---p 00000000 00:00 0 
7ca158000000-7ca158001000 r--p 00000000 00:21 1024001                    /usr/lib/libXinerama.so.1.0.0
7ca158001000-7ca158002000 r-xp 00001000 00:21 1024001                    /usr/lib/libXinerama.so.1.0.0
7ca158002000-7ca158003000 r--p 00002000 00:21 1024001                    /usr/lib/libXinerama.so.1.0.0
7ca158003000-7ca158004000 r--p 00002000 00:21 1024001                    /usr/lib/libXinerama.so.1.0.0
7ca158004000-7ca158005000 rw-p 00003000 00:21 1024001                    /usr/lib/libXinerama.so.1.0.0
7ca158005000-7ca158006000 r--p 00000000 00:21 1022894                    /usr/lib/libXxf86vm.so.1.0.0
7ca158006000-7ca158009000 r-xp 00001000 00:21 1022894                    /usr/lib/libXxf86vm.so.1.0.0
7ca158009000-7ca15800a000 r--p 00004000 00:21 1022894                    /usr/lib/libXxf86vm.so.1.0.0
7ca15800a000-7ca15800b000 r--p 00004000 00:21 1022894                    /usr/lib/libXxf86vm.so.1.0.0
7ca15800b000-7ca15800c000 rw-p 00005000 00:21 1022894                    /usr/lib/libXxf86vm.so.1.0.0
7ca15800c000-7ca15804a000 r-xp 00000000 00:21 4164590                    /opt/jdk-25/lib/libsimdsort.so
7ca15804a000-7ca15804b000 ---p 0003e000 00:21 4164590                    /opt/jdk-25/lib/libsimdsort.so
7ca15804b000-7ca15804c000 r--p 0003e000 00:21 4164590                    /opt/jdk-25/lib/libsimdsort.so
7ca15804c000-7ca15804d000 rw-p 0003f000 00:21 4164590                    /opt/jdk-25/lib/libsimdsort.so
7ca15804d000-7ca158593000 rw-p 00000000 00:00 0 
7ca158593000-7ca158594000 ---p 00000000 00:00 0 
7ca158594000-7ca158694000 rw-p 00000000 00:00 0 
7ca158694000-7ca158695000 ---p 00000000 00:00 0 
7ca158695000-7ca158795000 rw-p 00000000 00:00 0 
7ca158795000-7ca158796000 ---p 00000000 00:00 0 
7ca158796000-7ca158896000 rw-p 00000000 00:00 0 
7ca158896000-7ca1588d3000 rw-p 00000000 00:00 0 
7ca1588d3000-7ca158c5b000 ---p 00000000 00:00 0 
7ca158c5b000-7ca158c99000 rw-p 00000000 00:00 0 
7ca158c99000-7ca159021000 ---p 00000000 00:00 0 
7ca159021000-7ca15982f000 rw-p 00000000 00:00 0 
7ca15982f000-7ca159915000 ---p 00000000 00:00 0 
7ca159915000-7ca15991a000 rw-p 00000000 00:00 0 
7ca15991a000-7ca159a00000 ---p 00000000 00:00 0 
7ca159a00000-7ca15aedd000 r-xp 00000000 00:21 4164608                    /opt/jdk-25/lib/server/libjvm.so
7ca15aedd000-7ca15aede000 ---p 014dd000 00:21 4164608                    /opt/jdk-25/lib/server/libjvm.so
7ca15aede000-7ca15afc4000 r--p 014dd000 00:21 4164608                    /opt/jdk-25/lib/server/libjvm.so
7ca15afc4000-7ca15afed000 rw-p 015c3000 00:21 4164608                    /opt/jdk-25/lib/server/libjvm.so
7ca15afed000-7ca15b069000 rw-p 00000000 00:00 0 
7ca15b069000-7ca15b06a000 rw-s 103ca5000 00:10 1078                      anon_inode:i915.gem
7ca15b06a000-7ca15b06b000 rw-s 00000000 00:01 3078                       /memfd:pipewire-memfd:flags=0x0000000f,type=2,size=2312 (deleted)
7ca15b06b000-7ca15b06c000 rw-s 00000000 00:01 11011                      /memfd:pipewire-memfd:flags=0x0000000f,type=2,size=4096 (deleted)
7ca15b06c000-7ca15b06e000 r--p 00000000 00:21 1004267                    /usr/lib/libXdmcp.so.6.0.0
7ca15b06e000-7ca15b070000 r-xp 00002000 00:21 1004267                    /usr/lib/libXdmcp.so.6.0.0
7ca15b070000-7ca15b072000 r--p 00004000 00:21 1004267                    /usr/lib/libXdmcp.so.6.0.0
7ca15b072000-7ca15b073000 r--p 00005000 00:21 1004267                    /usr/lib/libXdmcp.so.6.0.0
7ca15b073000-7ca15b074000 rw-p 00006000 00:21 1004267                    /usr/lib/libXdmcp.so.6.0.0
7ca15b074000-7ca15b075000 r--p 00000000 00:21 1004278                    /usr/lib/libXau.so.6.0.0
7ca15b075000-7ca15b076000 r-xp 00001000 00:21 1004278                    /usr/lib/libXau.so.6.0.0
7ca15b076000-7ca15b077000 r--p 00002000 00:21 1004278                    /usr/lib/libXau.so.6.0.0
7ca15b077000-7ca15b078000 r--p 00002000 00:21 1004278                    /usr/lib/libXau.so.6.0.0
7ca15b078000-7ca15b079000 rw-p 00003000 00:21 1004278                    /usr/lib/libXau.so.6.0.0
7ca15b079000-7ca15b080000 r-xp 00000000 00:21 4164594                    /opt/jdk-25/lib/libzip.so
7ca15b080000-7ca15b081000 ---p 00007000 00:21 4164594                    /opt/jdk-25/lib/libzip.so
7ca15b081000-7ca15b082000 r--p 00007000 00:21 4164594                    /opt/jdk-25/lib/libzip.so
7ca15b082000-7ca15b083000 rw-p 00008000 00:21 4164594                    /opt/jdk-25/lib/libzip.so
7ca15b083000-7ca15b100000 rw-p 00000000 00:00 0 
7ca15b100000-7ca15b104000 ---p 00000000 00:00 0 
7ca15b104000-7ca15b200000 rw-p 00000000 00:00 0 
7ca15b200000-7ca15b224000 r--p 00000000 00:21 4749148                    /usr/lib/libc.so.6
7ca15b224000-7ca15b395000 r-xp 00024000 00:21 4749148                    /usr/lib/libc.so.6
7ca15b395000-7ca15b404000 r--p 00195000 00:21 4749148                    /usr/lib/libc.so.6
7ca15b404000-7ca15b408000 r--p 00203000 00:21 4749148                    /usr/lib/libc.so.6
7ca15b408000-7ca15b40a000 rw-p 00207000 00:21 4749148                    /usr/lib/libc.so.6
7ca15b40a000-7ca15b412000 rw-p 00000000 00:00 0 
7ca15b412000-7ca15b413000 rw-s 00000000 00:01 11010                      /memfd:pipewire-memfd:flags=0x0000000f,type=2,size=2312 (deleted)
7ca15b413000-7ca15b414000 rw-s 00000000 00:01 12821                      /memfd:pipewire-memfd:flags=0x0000000f,type=2,size=2312 (deleted)
7ca15b414000-7ca15b415000 rw-p 00000000 00:00 0 
7ca15b415000-7ca15b416000 rw-p 00000000 00:00 0 
7ca15b416000-7ca15b417000 rw-p 00000000 00:00 0 
7ca15b417000-7ca15b418000 r-xp 00059000 00:32 1294                       /tmp/lwjgl_abdenours/3.3.3+5/x64/liblwjgl.so
7ca15b418000-7ca15b419000 rw-p 00000000 00:00 0 
7ca15b419000-7ca15b425000 r-xp 00000000 00:21 4164584                    /opt/jdk-25/lib/libnet.so
7ca15b425000-7ca15b426000 r--p 0000b000 00:21 4164584                    /opt/jdk-25/lib/libnet.so
7ca15b426000-7ca15b427000 rw-p 0000c000 00:21 4164584                    /opt/jdk-25/lib/libnet.so
7ca15b427000-7ca15b43b000 r-xp 00000000 00:21 4164585                    /opt/jdk-25/lib/libnio.so
7ca15b43b000-7ca15b43c000 r--p 00013000 00:21 4164585                    /opt/jdk-25/lib/libnio.so
7ca15b43c000-7ca15b43d000 rw-p 00014000 00:21 4164585                    /opt/jdk-25/lib/libnio.so
7ca15b43d000-7ca15b442000 rw-p 00000000 00:00 0 
7ca15b442000-7ca15b449000 ---p 00000000 00:00 0 
7ca15b449000-7ca15b469000 r-xp 00000000 00:21 4164570                    /opt/jdk-25/lib/libjava.so
7ca15b469000-7ca15b46a000 r--p 0001f000 00:21 4164570                    /opt/jdk-25/lib/libjava.so
7ca15b46a000-7ca15b46b000 rw-p 00020000 00:21 4164570                    /opt/jdk-25/lib/libjava.so
7ca15b46b000-7ca15b46c000 rw-p 00000000 00:00 0 
7ca15b46c000-7ca15b47b000 r--p 00000000 00:21 4749158                    /usr/lib/libm.so.6
7ca15b47b000-7ca15b506000 r-xp 0000f000 00:21 4749158                    /usr/lib/libm.so.6
7ca15b506000-7ca15b578000 r--p 0009a000 00:21 4749158                    /usr/lib/libm.so.6
7ca15b578000-7ca15b579000 r--p 0010b000 00:21 4749158                    /usr/lib/libm.so.6
7ca15b579000-7ca15b57a000 rw-p 0010c000 00:21 4749158                    /usr/lib/libm.so.6
7ca15b57a000-7ca15b57b000 r--p 00000000 00:21 4749180                    /usr/lib/librt.so.1
7ca15b57b000-7ca15b57c000 r-xp 00001000 00:21 4749180                    /usr/lib/librt.so.1
7ca15b57c000-7ca15b57d000 r--p 00002000 00:21 4749180                    /usr/lib/librt.so.1
7ca15b57d000-7ca15b57e000 r--p 00002000 00:21 4749180                    /usr/lib/librt.so.1
7ca15b57e000-7ca15b57f000 rw-p 00003000 00:21 4749180                    /usr/lib/librt.so.1
7ca15b57f000-7ca15b583000 rw-p 00000000 00:00 0 
7ca15b583000-7ca15b584000 r--p 00000000 00:21 4749175                    /usr/lib/libpthread.so.0
7ca15b584000-7ca15b585000 r-xp 00001000 00:21 4749175                    /usr/lib/libpthread.so.0
7ca15b585000-7ca15b586000 r--p 00002000 00:21 4749175                    /usr/lib/libpthread.so.0
7ca15b586000-7ca15b587000 r--p 00002000 00:21 4749175                    /usr/lib/libpthread.so.0
7ca15b587000-7ca15b588000 rw-p 00003000 00:21 4749175                    /usr/lib/libpthread.so.0
7ca15b588000-7ca15b589000 r--p 00000000 00:21 4749153                    /usr/lib/libdl.so.2
7ca15b589000-7ca15b58a000 r-xp 00001000 00:21 4749153                    /usr/lib/libdl.so.2
7ca15b58a000-7ca15b58b000 r--p 00002000 00:21 4749153                    /usr/lib/libdl.so.2
7ca15b58b000-7ca15b58c000 r--p 00002000 00:21 4749153                    /usr/lib/libdl.so.2
7ca15b58c000-7ca15b58d000 rw-p 00003000 00:21 4749153                    /usr/lib/libdl.so.2
7ca15b58d000-7ca15b590000 r--p 00000000 00:21 994070                     /usr/lib/libz.so.1.3.1
7ca15b590000-7ca15b59e000 r-xp 00003000 00:21 994070                     /usr/lib/libz.so.1.3.1
7ca15b59e000-7ca15b5a4000 r--p 00011000 00:21 994070                     /usr/lib/libz.so.1.3.1
7ca15b5a4000-7ca15b5a5000 r--p 00017000 00:21 994070                     /usr/lib/libz.so.1.3.1
7ca15b5a5000-7ca15b5a6000 rw-p 00018000 00:21 994070                     /usr/lib/libz.so.1.3.1
7ca15b5a6000-7ca15b5ae000 rw-s 00000000 00:32 10195                      /tmp/hsperfdata_abdenours/84999 (deleted)
7ca15b5ae000-7ca15b5af000 ---p 00000000 00:00 0 
7ca15b5af000-7ca15b5b0000 r--p 00000000 00:00 0 
7ca15b5b0000-7ca15b5b1000 ---p 00000000 00:00 0 
7ca15b5b1000-7ca15b5d1000 r-xp 00000000 00:21 4164574                    /opt/jdk-25/lib/libjimage.so
7ca15b5d1000-7ca15b5d2000 ---p 00020000 00:21 4164574                    /opt/jdk-25/lib/libjimage.so
7ca15b5d2000-7ca15b5d4000 r--p 00020000 00:21 4164574                    /opt/jdk-25/lib/libjimage.so
7ca15b5d4000-7ca15b5d5000 rw-p 00022000 00:21 4164574                    /opt/jdk-25/lib/libjimage.so
7ca15b5d5000-7ca15b5e4000 r-xp 00000000 00:21 4164575                    /opt/jdk-25/lib/libjli.so
7ca15b5e4000-7ca15b5e5000 r--p 0000e000 00:21 4164575                    /opt/jdk-25/lib/libjli.so
7ca15b5e5000-7ca15b5e6000 rw-p 0000f000 00:21 4164575                    /opt/jdk-25/lib/libjli.so
7ca15b5e6000-7ca15b5e8000 rw-p 00000000 00:00 0 
7ca15b5e8000-7ca15b5ec000 r--p 00000000 00:00 0                          [vvar]
7ca15b5ec000-7ca15b5ee000 r-xp 00000000 00:00 0                          [vdso]
7ca15b5ee000-7ca15b5ef000 r--p 00000000 00:21 4749139                    /usr/lib/ld-linux-x86-64.so.2
7ca15b5ef000-7ca15b619000 r-xp 00001000 00:21 4749139                    /usr/lib/ld-linux-x86-64.so.2
7ca15b619000-7ca15b627000 r--p 0002b000 00:21 4749139                    /usr/lib/ld-linux-x86-64.so.2
7ca15b627000-7ca15b629000 r--p 00039000 00:21 4749139                    /usr/lib/ld-linux-x86-64.so.2
7ca15b629000-7ca15b62a000 rw-p 0003b000 00:21 4749139                    /usr/lib/ld-linux-x86-64.so.2
7ca15b62a000-7ca15b62b000 rw-p 00000000 00:00 0 
7fffe8d42000-7fffe8d65000 rw-p 00000000 00:00 0                          [stack]
ffffffffff600000-ffffffffff601000 --xp 00000000 00:00 0                  [vsyscall]
Total number of mappings: 660

JVMTI agents: none


VM Arguments:
jvm_args: -Dfile.encoding=UTF-8 -Duser.country=US -Duser.language=en -Duser.variant 
java_command: com.mygdx.game.lwjgl3.Lwjgl3Launcher
java_class_path (initial): /home/abdenours/Desktop/friend_graphics_test/lwjgl3/build/classes/java/main:/home/abdenours/Desktop/friend_graphics_test/lwjgl3/build/resources/main:/home/abdenours/.gradle/caches/modules-2/files-2.1/com.badlogicgames.gdx/gdx-backend-lwjgl3/1.14.0/122cf51d4a3bcd4e14e8fbd16ae2b65f27fe2d57/gdx-backend-lwjgl3-1.14.0.jar:/home/abdenours/.gradle/caches/modules-2/files-2.1/com.badlogicgames.gdx/gdx-lwjgl3-angle/1.14.0/f15d8d7ec09ef7486490f05f098ab57b4d318073/gdx-lwjgl3-angle-1.14.0.jar:/home/abdenours/.gradle/caches/modules-2/files-2.1/com.badlogicgames.gdx/gdx-platform/1.14.0/d0ecc53f2c20576f1ba4ac9ba157cf48f7bd9821/gdx-platform-1.14.0-natives-desktop.jar:/home/abdenours/Desktop/friend_graphics_test/core/build/libs/core-1.0.0.jar:/home/abdenours/.gradle/caches/modules-2/files-2.1/com.badlogicgames.gdx/gdx/1.14.0/8accfce8d9313d9ddd23a2c9e315179783085ef2/gdx-1.14.0.jar:/home/abdenours/.gradle/caches/modules-2/files-2.1/org.lwjgl/lwjgl-glfw/3.3.3/efa1eb78c5ccd840e9f329717109b5e892d72f8e/lwjgl-glfw-3.3.3.jar:/home/abdenours/.gradle/caches/modules-2/files-2.1/org.lwjgl/lwjgl-glfw/3.3.3/a03684c5e4b1b1dbbe0d29dbbdc27b985b6840f2/lwjgl-glfw-3.3.3-natives-linux.jar:/home/abdenours/.gradle/caches/modules-2/files-2.1/org.lwjgl/lwjgl-glfw/3.3.3/d9af485c32545b37dd5359b163161d42d7534dcf/lwjgl-glfw-3.3.3-natives-linux-arm32.jar:/home/abdenours/.gradle/caches/modules-2/files-2.1/org.lwjgl/lwjgl-glfw/3.3.3/492a0f11f85b85899a6568f07511160c1b87cd38/lwjgl-glfw-3.3.3-natives-linux-arm64.jar:/home/abdenours/.gradle/caches/modules-2/files-2.1/org.lwjgl/lwjgl-glfw/3.3.3/a1bf400f6bc64e6195596cb1430dafda46090751/lwjgl-glfw-3.3.3-natives-macos.jar:/home/abdenours/.gradle/caches/modules-2/files-2.1/org.lwjgl/lwjgl-glfw/3.3.3/ee8cc78d0a4a5b3b4600fade6d927c9fc320c858/lwjgl-glfw-3.3.3-natives-macos-arm64.jar:/home/abdenours/.gradle/caches/modules-2/files-2.1/org.lwjgl/lwjgl-glfw/3.3.3/e449e28b4891fc423c54c85fbc5bb0b9efece67a/lwjgl-glfw-3.3.3-natives-windows.jar:/home/abdenours/.gradle/caches/modules-2/files-2.1/org.lwjgl/lwjgl-glfw/3.3.3/32334f3fd5270a59bad9939a93115acb6de36dcf/lwjgl-glfw-3.3.3-natives-windows-x86.jar:/home/abdenours/.gradle/caches/modules-2/files-2.1/org.lwjgl/lwjgl-jemalloc/3.3.3/b543467b7ff3c6920539a88ee602d34098628be5/lwjgl-jemalloc-3.3.3.jar:/home/abdenours/.gradle/caches/modules-2/files-2.1/org.lwjgl/lwjgl-jemalloc/3.3.3/4f86728bf449b1dd61251c4e0ac01df1389cb51e/lwjgl-jemalloc-3.3.3-natives-linux.jar:/home/abdenours/.gradle/caches/modules-2/files-2.1/org.lwjgl/lwjgl-jemalloc/3.3.3/109b6931880d02d4e65ced38928a16e41d19873e/lwjgl-jemalloc-3.3.3-natives-linux-arm32.jar:/home/abdenours/.gradle/caches/modules-2/files-2.1/org.lwjgl/lwjgl-jemalloc/3.3.3/eff8b86798191192fe2cba2dc2776109f30c239d/lwjgl-jemalloc-3.3.3-natives-linux-arm64.jar:/home/abdenours/.gradle/caches/modules-2/files-2.1/org.lwjgl/lwjgl-jemalloc/3.3.3/2906637657a57579847238c9c72d2c4bde7083f8/lwjgl-jemalloc-3.3.3-natives-macos.jar:/home/abdenours/.gradle/caches/modules-2/files-2.1/org.lwjgl/lwjgl-jemalloc/3.3.3/e9412c3ff8cb3a3bad1d3f52909ad74d8a5bdad1/lwjgl-jemalloc-3.3.3-natives-macos-arm64.jar:/home/abdenours/.gradle/caches/modules-2/files-2.1/org.lwjgl/lwjgl-jemalloc/3.3.3/426222fc027602a5f21b9c0fe79cde6a4c7a011f/lwjgl-jemalloc-3.3.3-natives-windows.jar:/home/abdenours/.gradle/caches/modules-2/files-2.1/org.lwjgl/lwjgl-jemalloc/3.3.3/f6063b6e0f23be483c5c88d84ce51b39dc69126c/lwjgl-jemalloc-3.3.3-natives-windows-x86.jar:/home/abdenours/.gradle/caches/modules-2/files-2.1/org.lwjgl/lwjgl-openal/3.3.3/daada81ceb5fc0c291fbfdd4433cb8d9423577f2/lwjgl-openal-3.3.3.jar:/home/abdenours/.gradle/caches/modules-2/files-2.1/org.lwjgl/lwjgl-openal/3.3.3/3037360cc4595079bea240af250b6d1a527e0905/lwjgl-openal-3.3.3-natives-linux.jar:/home/abdenours/.gradle/caches/modules-2/files-2.1/org.lwjgl/lwjgl-openal/3.3.3/e1702aa09d20359d6cf5cb2999fa7685a785eca7/lwjgl-openal-3.3.3-natives-linux-arm32.jar:/home/abdenours/.gradle/caches/modules-2/files-2.1/org.lwjgl/lwjgl-openal/3.3.3/ad8f302118a65bb8d615f8a2a680db58fb8f835e/lwjgl-openal-3.3.3-natives-linux-arm64.jar:/home/abdenours/.gradle/caches/modules-2/files-2.1/org.lwjgl/lwjgl-openal/3.3.3/8df8338bfa77f2ebabef4e58964bd04d24805cbf/lwjgl-openal-3.3.3-natives-macos.jar:/home/abdenours/.gradle/caches/modules-2/files-2.1/org.lwjgl/lwjgl-openal/3.3.3/c78b078de2fb52f45aa55d04db889a560f3544f/lwjgl-openal-3.3.3-natives-macos-arm64.jar:/home/abdenours/.gradle/caches/modules-2/files-2.1/org.lwjgl/lwjgl-openal/3.3.3/cf83862ae95d98496b26915024c7e666d8ab1c8f/lwjgl-openal-3.3.3-natives-windows.jar:/home/abdenours/.gradle/caches/modules-2/files-2.1/org.lwjgl/lwjgl-openal/3.3.3/87b8d5050e3adb46bb58fe1cb2669a4a48fce10d/lwjgl-openal-3.3.3-natives-windows-x86.jar:/home/abdenours/.gradle/caches/modules-2/files-2.1/org.lwjgl/lwjgl-opengl/3.3.3/2f6b0147078396a58979125a4c947664e98293a/lwjgl-opengl-3.3.3.jar:/home/abdenours/.gradle/caches/modules-2/files-2.1/org.lwjgl/lwjgl-opengl/3.3.3/62c70a4b00ca5391882b0f4b787c1588d24f1c86/lwjgl-opengl-3.3.3-natives-linux.jar:/home/abdenours/.gradle/caches/modules-2/files-2.1/org.lwjgl/lwjgl-opengl/3.3.3/dbba17fc5ac0985d14a57c11f9537617d67b9952/lwjgl-opengl-3.3.3-natives-linux-arm32.jar:/home/abdenours/.gradle/caches/modules-2/files-2.1/org.lwjgl/lwjgl-opengl/3.3.3/2096f6b94b2d68745d858fbfe53aacf5f0c8074c/lwjgl-opengl-3.3.3-natives-linux-arm64.jar:/home/abdenours/.gradle/caches/modules-2/files-2.1/org.lwjgl/lwjgl-opengl/3.3.3/1bd45997551ae8a28469f3a2b678f4b7289e12c0/lwjgl-opengl-3.3.3-natives-macos.jar:/home/abdenours/.gradle/caches/modules-2/files-2.1/org.lwjgl/lwjgl-opengl/3.3.3/d213ddef27637b1af87961ffa94d6b27036becc8/lwjgl-opengl-3.3.3-natives-macos-arm64.jar:/home/abdenours/.gradle/caches/modules-2/files-2.1/org.lwjgl/lwjgl-opengl/3.3.3/e6c1eec8be8a71951b830a4d69efc01c6531900c/lwjgl-opengl-3.3.3-natives-windows.jar:/home/abdenours/.gradle/caches/modules-2/files-2.1/org.lwjgl/lwjgl-opengl/3.3.3/d32d833dcaa2f355a886eaf21f0408b5f03241d/lwjgl-opengl-3.3.3-natives-windows-x86.jar:/home/abdenours/.gradle/caches/modules-2/files-2.1/org.lwjgl/lwjgl-stb/3.3.3/25dd6161988d7e65f71d5065c99902402ee32746/lwjgl-stb-3.3.3.jar:/home/abdenours/.gradle/caches/modules-2/files-2.1/org.lwjgl/lwjgl-stb/3.3.3/fd1271ccd9d85eff2fa31f3fd543e02ccfaf5041/lwjgl-stb-3.3.3-natives-linux.jar:/home/abdenours/.gradle/caches/modules-2/files-2.1/org.lwjgl/lwjgl-stb/3.3.3/1ae28ff044699ff29b0e980ffabd73fba8a664b3/lwjgl-stb-3.3.3-natives-linux-arm32.jar:/home/abdenours/.gradle/caches/modules-2/files-2.1/org.lwjgl/lwjgl-stb/3.3.3/ddc177afc2be1ee8d93684b11363b80589a13fe1/lwjgl-stb-3.3.3-natives-linux-arm64.jar:/home/abdenours/.gradle/caches/modules-2/files-2.1/org.lwjgl/lwjgl-stb/3.3.3/472792c98fb2c1557c060cb9da5fca6a9773621f/lwjgl-stb-3.3.3-natives-macos.jar:/home/abdenours/.gradle/caches/modules-2/files-2.1/org.lwjgl/lwjgl-stb/3.3.3/51c6955571fbcdb7bb538c6aa589b953b584c6af/lwjgl-stb-3.3.3-natives-macos-arm64.jar:/home/abdenours/.gradle/caches/modules-2/files-2.1/org.lwjgl/lwjgl-stb/3.3.3/1d9facdf6541de114b0f963be33505b7679c78cb/lwjgl-stb-3.3.3-natives-windows.jar:/home/abdenours/.gradle/caches/modules-2/files-2.1/org.lwjgl/lwjgl-stb/3.3.3/b5c874687b9aac1a936501d4ed2c49567fd1b575/lwjgl-stb-3.3.3-natives-windows-x86.jar:/home/abdenours/.gradle/caches/modules-2/files-2.1/org.lwjgl/lwjgl-opengles/3.3.3/b3a29ff95bdb320122839741a3723338e6ecfa28/lwjgl-opengles-3.3.3.jar:/home/abdenours/.gradle/caches/modules-2/files-2.1/org.lwjgl/lwjgl-opengles/3.3.3/d59211c8746d50cfb610bd38f8d817a94fbdf013/lwjgl-opengles-3.3.3-natives-linux.jar:/home/abdenours/.gradle/caches/modules-2/files-2.1/org.lwjgl/lwjgl-opengles/3.3.3/8b0c02692d6f869dee1060f290fd157f05dfa999/lwjgl-opengles-3.3.3-natives-linux-arm32.jar:/home/abdenours/.gradle/caches/modules-2/files-2.1/org.lwjgl/lwjgl-opengles/3.3.3/af05595560d4ae6117242ca051e5ae4f27aea9e3/lwjgl-opengles-3.3.3-natives-linux-arm64.jar:/home/abdenours/.gradle/caches/modules-2/files-2.1/org.lwjgl/lwjgl-opengles/3.3.3/d6a20b1f204e48989d994923f4f5131c55424844/lwjgl-opengles-3.3.3-natives-macos.jar:/home/abdenours/.gradle/caches/modules-2/files-2.1/org.lwjgl/lwjgl-opengles/3.3.3/5aeb20635f6d20f2f7f69fe9c05cab831e574b8c/lwjgl-opengles-3.3.3-natives-macos-arm64.jar:/home/abdenours/.gradle/caches/modules-2/files-2.1/org.lwjgl/lwjgl-opengles/3.3.3/22939720fc2737b419dd52db84b8c56bcfab3aac/lwjgl-opengles-3.3.3-natives-windows.jar:/home/abdenours/.gradle/caches/modules-2/files-2.1/org.lwjgl/lwjgl-opengles/3.3.3/331b739ab66790449888e553052ecb051f37ad3f/lwjgl-opengles-3.3.3-natives-windows-x86.jar:/home/abdenours/.gradle/caches/modules-2/files-2.1/org.lwjgl/lwjgl-egl/3.3.3/2f0d613e3f769577548f08b11ae9b7571980aeb1/lwjgl-egl-3.3.3.jar:/home/abdenours/.gradle/caches/modules-2/files-2.1/org.lwjgl/lwjgl/3.3.3/29589b5f87ed335a6c7e7ee6a5775f81f97ecb84/lwjgl-3.3.3.jar:/home/abdenours/.gradle/caches/modules-2/files-2.1/org.lwjgl/lwjgl/3.3.3/1713758e3660ba66e1e954396fd18126038b33c0/lwjgl-3.3.3-natives-linux.jar:/home/abdenours/.gradle/caches/modules-2/files-2.1/org.lwjgl/lwjgl/3.3.3/2075c51a80f0ef0f22ba616ba54007ac2b0debd4/lwjgl-3.3.3-natives-linux-arm32.jar:/home/abdenours/.gradle/caches/modules-2/files-2.1/org.lwjgl/lwjgl/3.3.3/f35d8b6ffe1ac1e3a5eb1d4e33de80f044ad5fd8/lwjgl-3.3.3-natives-linux-arm64.jar:/home/abdenours/.gradle/caches/modules-2/files-2.1/org.lwjgl/lwjgl/3.3.3/33a6efa288390490ce6eb6c3df47ac21ecf648cf/lwjgl-3.3.3-natives-macos.jar:/home/abdenours/.gradle/caches/modules-2/files-2.1/org.lwjgl/lwjgl/3.3.3/226246e75f6bd8d4e1895bdce8638ef87808d114/lwjgl-3.3.3-natives-macos-arm64.jar:/home/abdenours/.gradle/caches/modules-2/files-2.1/org.lwjgl/lwjgl/3.3.3/a5ed18a2b82fc91b81f40d717cb1f64c9dcb0540/lwjgl-3.3.3-natives-windows.jar:/home/abdenours/.gradle/caches/modules-2/files-2.1/org.lwjgl/lwjgl/3.3.3/9e670718e050aeaeea0c2d5b907cffb142f2e58f/lwjgl-3.3.3-natives-windows-x86.jar:/home/abdenours/.gradle/caches/modules-2/files-2.1/com.badlogicgames.jlayer/jlayer/1.0.1-gdx/7cca83cec5c1b2f011362f4d85aabd71a73b049d/jlayer-1.0.1-gdx.jar:/home/abdenours/.gradle/caches/modules-2/files-2.1/org.jcraft/jorbis/0.0.17/8872d22b293e8f5d7d56ff92be966e6dc28ebdc6/jorbis-0.0.17.jar:/home/abdenours/.gradle/caches/modules-2/files-2.1/com.badlogicgames.gdx/gdx-jnigen-loader/2.5.2/f35e90affe07c46b4f5e5958a1a4c1820c4890e2/gdx-jnigen-loader-2.5.2.jar
Launcher Type: SUN_STANDARD

[Global flags]
     intx CICompilerCount                          = 4                                         {product} {ergonomic}
     uint ConcGCThreads                            = 2                                         {product} {ergonomic}
     uint G1ConcRefinementThreads                  = 8                                         {product} {ergonomic}
   size_t G1HeapRegionSize                         = 1048576                                   {product} {ergonomic}
   size_t InitialHeapSize                          = 127926272                                 {product} {ergonomic}
   size_t MarkStackSize                            = 4194304                                   {product} {ergonomic}
   size_t MarkStackSizeMax                         = 536870912                                 {product} {ergonomic}
   size_t MaxHeapSize                              = 2025848832                                {product} {ergonomic}
   size_t MaxNewSize                               = 1215299584                                {product} {ergonomic}
   size_t MinHeapDeltaBytes                        = 1048576                                   {product} {ergonomic}
   size_t MinHeapSize                              = 8388608                                   {product} {ergonomic}
    uintx NonNMethodCodeHeapSize                   = 5836800                                {pd product} {ergonomic}
    uintx NonProfiledCodeHeapSize                  = 122912768                              {pd product} {ergonomic}
    uintx ProfiledCodeHeapSize                     = 122908672                              {pd product} {ergonomic}
    uintx ReservedCodeCacheSize                    = 251658240                              {pd product} {ergonomic}
     bool SegmentedCodeCache                       = true                                      {product} {ergonomic}
   size_t SoftMaxHeapSize                          = 2025848832                             {manageable} {ergonomic}
     bool UseCompressedOops                        = true                           {product lp64_product} {ergonomic}
     bool UseG1GC                                  = true                                      {product} {ergonomic}

Logging:
Log output configuration:
 #0: 
[error occurred during error reporting (printing log configuration), id 0xb, SIGSEGV (0xb) at pc=0x00007ca15a6bc576]
Release file:
IMPLEMENTOR="Oracle Corporation"
JAVA_RUNTIME_VERSION="25+37-LTS-3491"
JAVA_VERSION="25"
JAVA_VERSION_DATE="2025-09-16"
LIBC="gnu"
MODULES="java.base java.compiler java.datatransfer java.xml java.prefs java.desktop java.instrument java.logging java.management java.security.sasl java.naming java.rmi java.management.rmi java.net.http java.scripting java.security.jgss java.transaction.xa java.sql java.sql.rowset java.xml.crypto java.se java.smartcardio jdk.accessibility jdk.internal.jvmstat jdk.attach jdk.charsets jdk.internal.opt jdk.zipfs jdk.compiler jdk.crypto.cryptoki jdk.crypto.ec jdk.dynalink jdk.internal.ed jdk.editpad jdk.internal.vm.ci jdk.graal.compiler jdk.graal.compiler.management jdk.hotspot.agent jdk.httpserver jdk.incubator.vector jdk.internal.le jdk.internal.md jdk.jartool jdk.javadoc jdk.jcmd jdk.management jdk.management.agent jdk.jconsole jdk.jdeps jdk.jdwp.agent jdk.jdi jdk.jfr jdk.jlink jdk.jpackage jdk.jshell jdk.jsobject jdk.jstatd jdk.localedata jdk.management.jfr jdk.naming.dns jdk.naming.rmi jdk.net jdk.nio.mapmode jdk.sctp jdk.security.auth jdk.security.jgss jdk.unsupported jdk.unsupported.desktop jdk.xml.dom"
OS_ARCH="x86_64"
OS_NAME="Linux"
SOURCE=".:git:49d6a23b8806 open:git:6c48f4ed707b"

Environment Variables:
PATH=/usr/local/bin:/usr/bin:/bin:/usr/local/sbin:/usr/lib/jvm/default/bin:/usr/bin/site_perl:/usr/bin/vendor_perl:/usr/bin/core_perl
XDG_CACHE_HOME=/home/abdenours/.cache
XDG_CONFIG_HOME=/home/abdenours/.config
SHELL=/bin/bash
DISPLAY=:0.0
LANG=en_US.UTF-8
LC_NUMERIC=fr_FR.UTF-8
LC_TIME=fr_FR.UTF-8

Active Locale:
LC_ALL=LC_CTYPE=en_US.UTF-8;LC_NUMERIC=fr_FR.UTF-8;LC_TIME=fr_FR.UTF-8;LC_COLLATE=en_US.UTF-8;LC_MONETARY=fr_FR.UTF-8;LC_MESSAGES=en_US.UTF-8;LC_PAPER=fr_FR.UTF-8;LC_NAME=fr_FR.UTF-8;LC_ADDRESS=fr_FR.UTF-8;LC_TELEPHONE=fr_FR.UTF-8;LC_MEASUREMENT=fr_FR.UTF-8;LC_IDENTIFICATION=fr_FR.UTF-8
LC_COLLATE=en_US.UTF-8
LC_CTYPE=en_US.UTF-8
LC_MESSAGES=en_US.UTF-8
LC_MONETARY=fr_FR.UTF-8
LC_NUMERIC=fr_FR.UTF-8
LC_TIME=fr_FR.UTF-8

Signal Handlers:
   SIGSEGV: crash_handler in libjvm.so, mask=11100100010111111101111111111110, flags=SA_RESTART|SA_SIGINFO, unblocked
    SIGBUS: crash_handler in libjvm.so, mask=11100100010111111101111111111110, flags=SA_RESTART|SA_SIGINFO, unblocked
    SIGFPE: crash_handler in libjvm.so, mask=11100100010111111101111111111110, flags=SA_RESTART|SA_SIGINFO, unblocked
   SIGPIPE: javaSignalHandler in libjvm.so, mask=11100100010111111101111111111110, flags=SA_RESTART|SA_SIGINFO, blocked
   SIGXFSZ: javaSignalHandler in libjvm.so, mask=11100100010111111101111111111110, flags=SA_RESTART|SA_SIGINFO, blocked
    SIGILL: crash_handler in libjvm.so, mask=11100100010111111101111111111110, flags=SA_RESTART|SA_SIGINFO, unblocked
   SIGUSR2: SR_handler in libjvm.so, mask=00100000000000000000000000000000, flags=SA_RESTART|SA_SIGINFO, blocked
    SIGHUP: UserHandler in libjvm.so, mask=11100100010111111101111111111110, flags=SA_RESTART|SA_SIGINFO, blocked
    SIGINT: UserHandler in libjvm.so, mask=11100100010111111101111111111110, flags=SA_RESTART|SA_SIGINFO, blocked
   SIGTERM: UserHandler in libjvm.so, mask=11100100010111111101111111111110, flags=SA_RESTART|SA_SIGINFO, blocked
   SIGQUIT: UserHandler in libjvm.so, mask=11100100010111111101111111111110, flags=SA_RESTART|SA_SIGINFO, blocked
   SIGTRAP: crash_handler in libjvm.so, mask=11100100010111111101111111111110, flags=SA_RESTART|SA_SIGINFO, unblocked


Compilation memory statistics disabled.

Periodic native trim disabled

---------------  S Y S T E M  ---------------

OS:
DISTRIB_ID=Garuda
DISTRIB_RELEASE=Soaring
DISTRIB_DESCRIPTION="Garuda Linux Broadwing"
DISTRIB_CODENAME="Broadwing"
uname: Linux 6.12.63-1-lts #1 SMP PREEMPT_DYNAMIC Thu, 18 Dec 2025 14:48:15 +0000 x86_64
OS uptime: 0 days 5:10 hours
libc: glibc 2.42 NPTL 2.42 
rlimit (soft/hard): STACK 8192k/infinity , CORE infinity/infinity , NPROC 1048576/1048576 , NOFILE 1048576/1048576 , AS infinity/infinity , CPU infinity/infinity , DATA infinity/infinity , FSIZE infinity/infinity , MEMLOCK 8192k/8192k
load average: 3,04 1,63 1,40

/proc/meminfo:
MemTotal:        7908972 kB
MemFree:          255420 kB
MemAvailable:    1398284 kB
Buffers:              24 kB
Cached:          1740816 kB
SwapCached:        11736 kB
Active:          5188184 kB
Inactive:        1379280 kB
Active(anon):    4462820 kB
Inactive(anon):   766052 kB
Active(file):     725364 kB
Inactive(file):   613228 kB
Unevictable:      186284 kB
Mlocked:             264 kB
SwapTotal:      15848440 kB
SwapFree:       14858552 kB
Zswap:                 0 kB
Zswapped:              0 kB
Dirty:              3740 kB
Writeback:             0 kB
AnonPages:       4986164 kB
Mapped:           595268 kB
Shmem:            402044 kB
KReclaimable:      64488 kB
Slab:             215824 kB
SReclaimable:      64488 kB
SUnreclaim:       151336 kB
KernelStack:       16508 kB
PageTables:        53344 kB
SecPageTables:      2056 kB
NFS_Unstable:          0 kB
Bounce:                0 kB
WritebackTmp:          0 kB
CommitLimit:    19802924 kB
Committed_AS:   18890736 kB
VmallocTotal:   34359738367 kB
VmallocUsed:      269864 kB
VmallocChunk:          0 kB
Percpu:             5504 kB
HardwareCorrupted:     0 kB
AnonHugePages:   1849344 kB
ShmemHugePages:   186368 kB
ShmemPmdMapped:        0 kB
FileHugePages:    133120 kB
FilePmdMapped:     75776 kB
CmaTotal:              0 kB
CmaFree:               0 kB
Unaccepted:            0 kB
HugePages_Total:       0
HugePages_Free:        0
HugePages_Rsvd:        0
HugePages_Surp:        0
Hugepagesize:       2048 kB
Hugetlb:               0 kB
DirectMap4k:      379024 kB
DirectMap2M:     3592192 kB
DirectMap1G:     4194304 kB

/sys/kernel/mm/transparent_hugepage/enabled: [always] madvise never
/sys/kernel/mm/transparent_hugepage/hpage_pmd_size: 2097152
/sys/kernel/mm/transparent_hugepage/shmem_enabled: always within_size advise [never] deny force
/sys/kernel/mm/transparent_hugepage/defrag (defrag/compaction efforts parameter): always defer defer+madvise [madvise] never

Process Memory:
Virtual Size: 5774184K (peak: 5837168K)
Resident Set Size: 240016K (peak: 240016K) (anon: 115440K, file: 120996K, shmem: 3580K)
Swapped out: 0K
C-Heap outstanding allocations: 50922K, retained: 17285K
glibc malloc tunables: (default)

/proc/sys/kernel/threads-max (system-wide limit on the number of threads): 59945
/proc/sys/vm/max_map_count (maximum number of memory map areas a process may have): 1048576
/proc/sys/vm/swappiness (control to define how aggressively the kernel swaps out anonymous memory): 133
/proc/sys/kernel/pid_max (system-wide limit on number of process identifiers): 4194304

container information not found.
Steal ticks since vm start: 0
Steal ticks percentage since vm start:  0,000

CPU: total 8 (initial active 8) (4 cores per cpu, 2 threads per core) family 6 model 126 stepping 5 microcode 0xca, cx8, cmov, fxsr, ht, mmx, 3dnowpref, sse, sse2, sse3, ssse3, sse4.1, sse4.2, popcnt, lzcnt, tsc, tscinvbit, avx, avx2, aes, erms, clmul, bmi1, bmi2, adx, avx512f, avx512dq, avx512cd, avx512bw, avx512vl, sha, fma, vzeroupper, avx512_vpopcntdq, avx512_vpclmulqdq, avx512_vaes, avx512_vnni, clflush, clflushopt, avx512_vbmi2, avx512_vbmi, rdtscp, rdpid, fsrm, gfni, avx512_bitalg, f16c, pku, ospke, avx512_ifma
CPU Model and flags from /proc/cpuinfo:
model name	: Intel(R) Core(TM) i7-1065G7 CPU @ 1.30GHz
flags		: fpu vme de pse tsc msr pae mce cx8 apic sep mtrr pge mca cmov pat pse36 clflush dts acpi mmx fxsr sse sse2 ss ht tm pbe syscall nx pdpe1gb rdtscp lm constant_tsc art arch_perfmon pebs bts rep_good nopl xtopology nonstop_tsc cpuid aperfmperf tsc_known_freq pni pclmulqdq dtes64 monitor ds_cpl vmx est tm2 ssse3 sdbg fma cx16 xtpr pdcm pcid sse4_1 sse4_2 x2apic movbe popcnt tsc_deadline_timer aes xsave avx f16c rdrand lahf_lm abm 3dnowprefetch cpuid_fault epb ssbd ibrs ibpb stibp ibrs_enhanced tpr_shadow flexpriority ept vpid ept_ad fsgsbase tsc_adjust bmi1 avx2 smep bmi2 erms invpcid avx512f avx512dq rdseed adx smap avx512ifma clflushopt intel_pt avx512cd sha_ni avx512bw avx512vl xsaveopt xsavec xgetbv1 xsaves split_lock_detect dtherm ida arat pln pts hwp hwp_notify hwp_act_window hwp_epp hwp_pkg_req vnmi avx512vbmi umip pku ospke avx512_vbmi2 gfni vaes vpclmulqdq avx512_vnni avx512_bitalg avx512_vpopcntdq rdpid fsrm md_clear flush_l1d arch_capabilities

Online cpus: 0-7
Offline cpus: 
BIOS frequency limitation: <Not Available>
Frequency switch latency (ns): 0
Available cpu frequencies: <Not Available>
Current governor: powersave
Core performance/turbo boost: <Not Available>

Memory: 4k page, physical 7908972k(1398284k free), swap 15848440k(14858552k free)
Page Sizes: 4k

vm_info: Java HotSpot(TM) 64-Bit Server VM (25+37-LTS-3491) for linux-amd64 JRE (25+37-LTS-3491), built on 2025-08-14T21:13:00Z with gcc 14.2.0

END.
