#
# A fatal error has been detected by the Java Runtime Environment:
#
#  SIGSEGV (0xb) at pc=0x00007815445e060e, pid=107456, tid=107497
#
# JRE version: Java(TM) SE Runtime Environment (25.0+37) (build 25+37-LTS-3491)
# Java VM: Java HotSpot(TM) 64-Bit Server VM (25+37-LTS-3491, mixed mode, sharing, tiered, compressed oops, compressed class ptrs, g1 gc, linux-amd64)
# Problematic frame:
# C  [libEGL_nvidia.so.0+0xb660e]
#
# Core dump will be written. Default location: Core dumps may be processed with "/usr/lib/systemd/systemd-coredump %P %u %g %s %t %c %h %d %F" (or dumping to /home/abdenours/Desktop/friend_graphics_test/core.107456)
#
# If you would like to submit a bug report, please visit:
#   https://bugreport.java.com/bugreport/crash.jsp
#

---------------  S U M M A R Y ------------

Command Line: -Dfile.encoding=UTF-8 -Duser.country=US -Duser.language=en -Duser.variant com.mygdx.game.lwjgl3.Lwjgl3Launcher

Host: Intel(R) Core(TM) i7-1065G7 CPU @ 1.30GHz, 8 cores, 7G, Garuda Linux Broadwing
Time: Fri Jan  2 18:26:15 2026 CET elapsed time: 2.236353 seconds (0d 0h 0m 2s)

---------------  T H R E A D  ---------------

Current thread is native thread

Stack: [0x0000781545ffd000,0x00007815467fd000],  sp=0x00007815467fbe10,  free space=8187k
Native frames: (J=compiled Java code, j=interpreted, Vv=VM code, C=native code)
C  [libEGL_nvidia.so.0+0xb660e]

siginfo: si_signo: 11 (SIGSEGV), si_code: 1 (SEGV_MAPERR), si_addr: 0x0000000000000040

Registers:
RAX=0x0000000000000000, RBX=0x00007815257fef80, RCX=0x0000000000000001, RDX=0x000078152bf7d7dc
RSP=0x00007815467fbe10, RBP=0x0000781524ede040, RSI=0x00007815445d3840, RDI=0x000078154466c4a8
R8 =0x0000000000000001, R9 =0x00000000016b0f7c, R10=0x0000000000000000, R11=0x00007815b2e6c080
R12=0x000078152bf82a60, R13=0x0000781524ede040, R14=0x00007815257ff380, R15=0x00007815b13fbb07
RIP=0x00007815445e060e, EFLAGS=0x0000000000010206, CSGSFS=0x002b000000000033, ERR=0x0000000000000004
  TRAPNO=0x000000000000000e

XMM[0]=0x0000000000000000 0x00000000499dbb08
XMM[1]=0x0000000000000000 0x0007000700070007
XMM[2]=0x00007815b2e10740 0x00007815b2d978e0
XMM[3]=0x00007815b2d96fe0 0x00007815b2d969e0
XMM[4]=0x0000000000000000 0x0000781538000090
XMM[5]=0x0000000000000000 0x0000000000000000
XMM[6]=0x0000000000000000 0x0000000000000000
XMM[7]=0x0000000000000000 0x0000000000000000
XMM[8]=0x000078152a4089f0 0x000078152a4089e0
XMM[9]=0x0000000000000001 0x0000000000000001
XMM[10]=0x0000000000000002 0x0000000000000002
XMM[11]=0xffffffffffffffff 0xffffffffffffffff
XMM[12]=0x0000000000000001 0x0000000000000001
XMM[13]=0x0000000000000000 0x00007815ac6400a0
XMM[14]=0x0000000000000000 0x00007815ac640090
XMM[15]=0x0000000000000000 0x00007815ac640080
  MXCSR=0x00001fa2


Top of Stack: (sp=0x00007815467fbe10)
0x00007815467fbe10:   000078152bf7f8c0 000078152a810fda   ...+.x.....*.x..
0x00007815467fbe20:   000078152bf7f8c0 000078152a63729f   ...+.x...rc*.x..
0x00007815467fbe30:   00007815ac9a7680 000078152bf2bcc0   .v...x.....+.x..
0x00007815467fbe40:   00007815467fc6c0 0000781500000057   ...F.x..W....x..
0x00007815467fbe50:   00007815ac9a5d40 00007815257ff380   @]...x.....%.x..
0x00007815467fbe60:   000078152a812480 00007815467fc6c0   .$.*.x.....F.x..
0x00007815467fbe70:   00007815b13fba00 00007815467fcce4   ..?..x.....F.x..
0x00007815467fbe80:   00007815b13fbb07 000078152a81345a   ..?..x..Z4.*.x..
0x00007815467fbe90:   00007815467fc6c0 00007815467fc6c0   ...F.x.....F.x..
0x00007815467fbea0:   00007815467fbf70 00007815b2c9698b   p..F.x...i...x..
0x00007815467fbeb0:   0000000000801000 0000781545ffc000   ...........E.x..
0x00007815467fbec0:   0000000000000000 0000008000000000   ................
0x00007815467fbed0:   ffffffffffffff40 0000000000000000   @...............
0x00007815467fbee0:   0000000000000020 00007815467fc6c0    ..........F.x..
0x00007815467fbef0:   00007815467fc6c0 42d1f03c735d2cfc   ...F.x...,]s<..B
0x00007815467fbf00:   00007815467fc6c0 00007815b13fba00   ...F.x....?..x..
0x00007815467fbf10:   0000000000000000 00007815b13fbb07   ..........?..x..
0x00007815467fbf20:   42d1f03c70dd2cfc 42d01951c2852cfc   .,.p<..B.,..Q..B
0x00007815467fbf30:   0000000000000000 0000000000000000   ................
0x00007815467fbf40:   0000000000000000 0000000000000000   ................
0x00007815467fbf50:   0000000000000000 4225e3e1b48c5e00   .........^....%B
0x00007815467fbf60:   00007815b2c966a0 0000000000000000   .f...x..........
0x00007815467fbf70:   0000000000000000 00007815b2d1a9cc   .............x..
0x00007815467fbf80:   0000000000000000 0000000000000000   ................
0x00007815467fbf90:   0000000000000000 0000000000000000   ................
0x00007815467fbfa0:   0000000000000000 0000000000000000   ................
0x00007815467fbfb0:   0000000000000000 0000000000000000   ................
0x00007815467fbfc0:   0000000000000000 0000000000000000   ................
0x00007815467fbfd0:   0000000000000000 0000000000000000   ................
0x00007815467fbfe0:   0000000000000000 0000000000000000   ................
0x00007815467fbff0:   0000000000000000 0000000000000000   ................
0x00007815467fc000:   0000000000000000 0000000000000000   ................

Instructions: (pc=0x00007815445e060e)
  0x00007815445e050e:   4c 24 08 48 85 c0 48 89 c2 74 61 48 89 08 49 8b
  0x00007815445e051e:   44 24 40 48 83 c2 08 48 85 c0 74 41 41 8b 4c 24
  0x00007815445e052e:   34 31 c0 85 c9 74 19 49 8b 74 24 40 89 c1 83 c0
  0x00007815445e053e:   01 48 8b 34 ce 48 89 34 ca 41 39 44 24 34 77 e7
  0x00007815445e054e:   49 8b 44 24 40 48 85 c0 74 13 48 8d 78 f8 48 89
  0x00007815445e055e:   54 24 08 e8 1a a8 00 00 48 8b 54 24 08 45 89 7c
  0x00007815445e056e:   24 34 49 89 54 24 40 e9 9a fe ff ff 45 8b 74 24
  0x00007815445e057e:   34 e9 90 fe ff ff 66 2e 0f 1f 84 00 00 00 00 00
  0x00007815445e058e:   66 90 48 8b 07 48 39 f0 74 58 55 48 89 fd 53 48
  0x00007815445e059e:   89 f3 48 83 ec 08 48 85 c0 74 15 48 8d 78 08 ff
  0x00007815445e05ae:   50 18 85 c0 75 0a 48 8b 7d 00 48 8b 07 ff 50 08
  0x00007815445e05be:   48 89 5d 00 48 85 db 74 19 48 8b 43 10 48 83 c4
  0x00007815445e05ce:   08 48 8d 7b 08 5b 5d ff e0 66 0f 1f 84 00 00 00
  0x00007815445e05de:   00 00 48 83 c4 08 5b 5d c3 66 0f 1f 84 00 00 00
  0x00007815445e05ee:   00 00 c3 66 66 2e 0f 1f 84 00 00 00 00 00 0f 1f
  0x00007815445e05fe:   40 00 48 83 ec 08 bf 01 00 00 00 e8 62 4a ff ff
=>0x00007815445e060e:   8b 70 40 48 8d 78 30 48 83 c4 08 e9 62 68 f8 ff
  0x00007815445e061e:   66 90 48 83 ec 18 48 8b 87 b0 04 00 00 ba 04 00
  0x00007815445e062e:   00 00 be 01 00 00 00 48 8d 4c 24 0c bf 01 00 00
  0x00007815445e063e:   00 ff 90 d8 00 00 00 48 83 c4 18 c3 66 0f 1f 44
  0x00007815445e064e:   00 00 49 89 fa 41 89 d1 40 0f b6 fe 89 ca 49 8b
  0x00007815445e065e:   82 b0 04 00 00 4c 89 c1 44 89 ce 48 8b 80 d8 00
  0x00007815445e066e:   00 00 ff e0 66 66 2e 0f 1f 84 00 00 00 00 00 0f
  0x00007815445e067e:   1f 00 55 40 0f b6 f6 53 48 89 fb 48 83 ec 08 48
  0x00007815445e068e:   8b af b0 04 00 00 e8 b7 ff ff ff ff 95 00 01 00
  0x00007815445e069e:   00 8b 10 89 53 28 48 83 c4 08 5b 5d c3 0f 1f 44
  0x00007815445e06ae:   00 00 41 57 41 56 49 89 fe bf 01 00 00 00 41 55
  0x00007815445e06be:   49 89 f5 41 54 55 53 48 83 ec 58 48 89 14 24 e8
  0x00007815445e06ce:   9e 49 ff ff 48 c7 44 24 18 00 00 00 00 83 b8 a0
  0x00007815445e06de:   04 00 00 03 4c 8b b8 b0 04 00 00 48 89 c3 44 8b
  0x00007815445e06ee:   60 38 0f 84 02 01 00 00 48 8d 4c 24 20 48 8d 70
  0x00007815445e06fe:   30 ba 01 00 00 00 48 89 cf 48 89 4c 24 08 e8 7f



---------------  P R O C E S S  ---------------

VM state: at safepoint (shutting down)

VM Mutex/Monitor currently owned by a thread:  ([mutex/lock_event])
[0x00007815b2a370a8] Threads_lock - owner thread: 0x00007815ac10e300
[0x00007815b2a36f28] Heap_lock - owner thread: 0x00007815640010a0

Heap address: 0x0000000087400000, size: 1932 MB, Compressed Oops mode: 32-bit

CDS archive(s) mapped at: [0x000000001e000000-0x000000001ed92000-0x000000001ed92000), size 14229504, SharedBaseAddress: 0x000000001e000000, ArchiveRelocationMode: 1.
Compressed class space mapped at: 0x000000001f000000-0x000000005f000000, reserved size: 1073741824
UseCompressedClassPointers 1, UseCompactObjectHeaders 0
Narrow klass pointer bits 32, Max shift 3
Narrow klass base: 0x000000001e000000, Narrow klass shift: 0
Encoding Range: [0x000000001e000000 - 0x000000011e000000), (4294967296 bytes)
Klass Range:    [0x000000001e001000 - 0x000000005f000000), (1090514944 bytes)
Klass ID Range:  [4096 - 1090519033) (1090514937)
Protection zone: [0x000000001e000000 - 0x000000001e001000), (4096 bytes)

GC Precious Log:
<Skipped>

Heap:
 garbage-first heap   total reserved 1978368K, committed 126976K, used 23687K [0x0000000087400000, 0x0000000100000000)
  region size 1024K, 23 young (23552K), 0 survivors (0K)

Heap Regions: E=young(eden), S=young(survivor), O=old, HS=humongous(starts), HC=humongous(continues), CS=collection set, F=free, TAMS=top-at-mark-start, PB=parsable bottom
|   0|0x0000000087400000, 0x0000000087400000, 0x0000000087500000|  0%| F|  |TAMS 0x0000000087400000| PB 0x0000000087400000| Untracked |  0
|   1|0x0000000087500000, 0x0000000087500000, 0x0000000087600000|  0%| F|  |TAMS 0x0000000087500000| PB 0x0000000087500000| Untracked |  0
|   2|0x0000000087600000, 0x0000000087600000, 0x0000000087700000|  0%| F|  |TAMS 0x0000000087600000| PB 0x0000000087600000| Untracked |  0
|   3|0x0000000087700000, 0x0000000087700000, 0x0000000087800000|  0%| F|  |TAMS 0x0000000087700000| PB 0x0000000087700000| Untracked |  0
|   4|0x0000000087800000, 0x0000000087800000, 0x0000000087900000|  0%| F|  |TAMS 0x0000000087800000| PB 0x0000000087800000| Untracked |  0
|   5|0x0000000087900000, 0x0000000087900000, 0x0000000087a00000|  0%| F|  |TAMS 0x0000000087900000| PB 0x0000000087900000| Untracked |  0
|   6|0x0000000087a00000, 0x0000000087a00000, 0x0000000087b00000|  0%| F|  |TAMS 0x0000000087a00000| PB 0x0000000087a00000| Untracked |  0
|   7|0x0000000087b00000, 0x0000000087b00000, 0x0000000087c00000|  0%| F|  |TAMS 0x0000000087b00000| PB 0x0000000087b00000| Untracked |  0
|   8|0x0000000087c00000, 0x0000000087c00000, 0x0000000087d00000|  0%| F|  |TAMS 0x0000000087c00000| PB 0x0000000087c00000| Untracked |  0
|   9|0x0000000087d00000, 0x0000000087d00000, 0x0000000087e00000|  0%| F|  |TAMS 0x0000000087d00000| PB 0x0000000087d00000| Untracked |  0
|  10|0x0000000087e00000, 0x0000000087e00000, 0x0000000087f00000|  0%| F|  |TAMS 0x0000000087e00000| PB 0x0000000087e00000| Untracked |  0
|  11|0x0000000087f00000, 0x0000000087f00000, 0x0000000088000000|  0%| F|  |TAMS 0x0000000087f00000| PB 0x0000000087f00000| Untracked |  0
|  12|0x0000000088000000, 0x0000000088000000, 0x0000000088100000|  0%| F|  |TAMS 0x0000000088000000| PB 0x0000000088000000| Untracked |  0
|  13|0x0000000088100000, 0x0000000088100000, 0x0000000088200000|  0%| F|  |TAMS 0x0000000088100000| PB 0x0000000088100000| Untracked |  0
|  14|0x0000000088200000, 0x0000000088200000, 0x0000000088300000|  0%| F|  |TAMS 0x0000000088200000| PB 0x0000000088200000| Untracked |  0
|  15|0x0000000088300000, 0x0000000088300000, 0x0000000088400000|  0%| F|  |TAMS 0x0000000088300000| PB 0x0000000088300000| Untracked |  0
|  16|0x0000000088400000, 0x0000000088400000, 0x0000000088500000|  0%| F|  |TAMS 0x0000000088400000| PB 0x0000000088400000| Untracked |  0
|  17|0x0000000088500000, 0x0000000088500000, 0x0000000088600000|  0%| F|  |TAMS 0x0000000088500000| PB 0x0000000088500000| Untracked |  0
|  18|0x0000000088600000, 0x0000000088600000, 0x0000000088700000|  0%| F|  |TAMS 0x0000000088600000| PB 0x0000000088600000| Untracked |  0
|  19|0x0000000088700000, 0x0000000088700000, 0x0000000088800000|  0%| F|  |TAMS 0x0000000088700000| PB 0x0000000088700000| Untracked |  0
|  20|0x0000000088800000, 0x0000000088800000, 0x0000000088900000|  0%| F|  |TAMS 0x0000000088800000| PB 0x0000000088800000| Untracked |  0
|  21|0x0000000088900000, 0x0000000088900000, 0x0000000088a00000|  0%| F|  |TAMS 0x0000000088900000| PB 0x0000000088900000| Untracked |  0
|  22|0x0000000088a00000, 0x0000000088a00000, 0x0000000088b00000|  0%| F|  |TAMS 0x0000000088a00000| PB 0x0000000088a00000| Untracked |  0
|  23|0x0000000088b00000, 0x0000000088b00000, 0x0000000088c00000|  0%| F|  |TAMS 0x0000000088b00000| PB 0x0000000088b00000| Untracked |  0
|  24|0x0000000088c00000, 0x0000000088c00000, 0x0000000088d00000|  0%| F|  |TAMS 0x0000000088c00000| PB 0x0000000088c00000| Untracked |  0
|  25|0x0000000088d00000, 0x0000000088d00000, 0x0000000088e00000|  0%| F|  |TAMS 0x0000000088d00000| PB 0x0000000088d00000| Untracked |  0
|  26|0x0000000088e00000, 0x0000000088e00000, 0x0000000088f00000|  0%| F|  |TAMS 0x0000000088e00000| PB 0x0000000088e00000| Untracked |  0
|  27|0x0000000088f00000, 0x0000000088f00000, 0x0000000089000000|  0%| F|  |TAMS 0x0000000088f00000| PB 0x0000000088f00000| Untracked |  0
|  28|0x0000000089000000, 0x0000000089000000, 0x0000000089100000|  0%| F|  |TAMS 0x0000000089000000| PB 0x0000000089000000| Untracked |  0
|  29|0x0000000089100000, 0x0000000089100000, 0x0000000089200000|  0%| F|  |TAMS 0x0000000089100000| PB 0x0000000089100000| Untracked |  0
|  30|0x0000000089200000, 0x0000000089200000, 0x0000000089300000|  0%| F|  |TAMS 0x0000000089200000| PB 0x0000000089200000| Untracked |  0
|  31|0x0000000089300000, 0x0000000089300000, 0x0000000089400000|  0%| F|  |TAMS 0x0000000089300000| PB 0x0000000089300000| Untracked |  0
|  32|0x0000000089400000, 0x0000000089400000, 0x0000000089500000|  0%| F|  |TAMS 0x0000000089400000| PB 0x0000000089400000| Untracked |  0
|  33|0x0000000089500000, 0x0000000089500000, 0x0000000089600000|  0%| F|  |TAMS 0x0000000089500000| PB 0x0000000089500000| Untracked |  0
|  34|0x0000000089600000, 0x0000000089600000, 0x0000000089700000|  0%| F|  |TAMS 0x0000000089600000| PB 0x0000000089600000| Untracked |  0
|  35|0x0000000089700000, 0x0000000089700000, 0x0000000089800000|  0%| F|  |TAMS 0x0000000089700000| PB 0x0000000089700000| Untracked |  0
|  36|0x0000000089800000, 0x0000000089800000, 0x0000000089900000|  0%| F|  |TAMS 0x0000000089800000| PB 0x0000000089800000| Untracked |  0
|  37|0x0000000089900000, 0x0000000089900000, 0x0000000089a00000|  0%| F|  |TAMS 0x0000000089900000| PB 0x0000000089900000| Untracked |  0
|  38|0x0000000089a00000, 0x0000000089a00000, 0x0000000089b00000|  0%| F|  |TAMS 0x0000000089a00000| PB 0x0000000089a00000| Untracked |  0
|  39|0x0000000089b00000, 0x0000000089b00000, 0x0000000089c00000|  0%| F|  |TAMS 0x0000000089b00000| PB 0x0000000089b00000| Untracked |  0
|  40|0x0000000089c00000, 0x0000000089c00000, 0x0000000089d00000|  0%| F|  |TAMS 0x0000000089c00000| PB 0x0000000089c00000| Untracked |  0
|  41|0x0000000089d00000, 0x0000000089d00000, 0x0000000089e00000|  0%| F|  |TAMS 0x0000000089d00000| PB 0x0000000089d00000| Untracked |  0
|  42|0x0000000089e00000, 0x0000000089e00000, 0x0000000089f00000|  0%| F|  |TAMS 0x0000000089e00000| PB 0x0000000089e00000| Untracked |  0
|  43|0x0000000089f00000, 0x0000000089f00000, 0x000000008a000000|  0%| F|  |TAMS 0x0000000089f00000| PB 0x0000000089f00000| Untracked |  0
|  44|0x000000008a000000, 0x000000008a000000, 0x000000008a100000|  0%| F|  |TAMS 0x000000008a000000| PB 0x000000008a000000| Untracked |  0
|  45|0x000000008a100000, 0x000000008a100000, 0x000000008a200000|  0%| F|  |TAMS 0x000000008a100000| PB 0x000000008a100000| Untracked |  0
|  46|0x000000008a200000, 0x000000008a200000, 0x000000008a300000|  0%| F|  |TAMS 0x000000008a200000| PB 0x000000008a200000| Untracked |  0
|  47|0x000000008a300000, 0x000000008a300000, 0x000000008a400000|  0%| F|  |TAMS 0x000000008a300000| PB 0x000000008a300000| Untracked |  0
|  48|0x000000008a400000, 0x000000008a400000, 0x000000008a500000|  0%| F|  |TAMS 0x000000008a400000| PB 0x000000008a400000| Untracked |  0
|  49|0x000000008a500000, 0x000000008a500000, 0x000000008a600000|  0%| F|  |TAMS 0x000000008a500000| PB 0x000000008a500000| Untracked |  0
|  50|0x000000008a600000, 0x000000008a600000, 0x000000008a700000|  0%| F|  |TAMS 0x000000008a600000| PB 0x000000008a600000| Untracked |  0
|  51|0x000000008a700000, 0x000000008a700000, 0x000000008a800000|  0%| F|  |TAMS 0x000000008a700000| PB 0x000000008a700000| Untracked |  0
|  52|0x000000008a800000, 0x000000008a800000, 0x000000008a900000|  0%| F|  |TAMS 0x000000008a800000| PB 0x000000008a800000| Untracked |  0
|  53|0x000000008a900000, 0x000000008a900000, 0x000000008aa00000|  0%| F|  |TAMS 0x000000008a900000| PB 0x000000008a900000| Untracked |  0
|  54|0x000000008aa00000, 0x000000008aa00000, 0x000000008ab00000|  0%| F|  |TAMS 0x000000008aa00000| PB 0x000000008aa00000| Untracked |  0
|  55|0x000000008ab00000, 0x000000008ab00000, 0x000000008ac00000|  0%| F|  |TAMS 0x000000008ab00000| PB 0x000000008ab00000| Untracked |  0
|  56|0x000000008ac00000, 0x000000008ac00000, 0x000000008ad00000|  0%| F|  |TAMS 0x000000008ac00000| PB 0x000000008ac00000| Untracked |  0
|  57|0x000000008ad00000, 0x000000008ad00000, 0x000000008ae00000|  0%| F|  |TAMS 0x000000008ad00000| PB 0x000000008ad00000| Untracked |  0
|  58|0x000000008ae00000, 0x000000008ae00000, 0x000000008af00000|  0%| F|  |TAMS 0x000000008ae00000| PB 0x000000008ae00000| Untracked |  0
|  59|0x000000008af00000, 0x000000008af00000, 0x000000008b000000|  0%| F|  |TAMS 0x000000008af00000| PB 0x000000008af00000| Untracked |  0
|  60|0x000000008b000000, 0x000000008b000000, 0x000000008b100000|  0%| F|  |TAMS 0x000000008b000000| PB 0x000000008b000000| Untracked |  0
|  61|0x000000008b100000, 0x000000008b100000, 0x000000008b200000|  0%| F|  |TAMS 0x000000008b100000| PB 0x000000008b100000| Untracked |  0
|  62|0x000000008b200000, 0x000000008b200000, 0x000000008b300000|  0%| F|  |TAMS 0x000000008b200000| PB 0x000000008b200000| Untracked |  0
|  63|0x000000008b300000, 0x000000008b300000, 0x000000008b400000|  0%| F|  |TAMS 0x000000008b300000| PB 0x000000008b300000| Untracked |  0
|  64|0x000000008b400000, 0x000000008b400000, 0x000000008b500000|  0%| F|  |TAMS 0x000000008b400000| PB 0x000000008b400000| Untracked |  0
|  65|0x000000008b500000, 0x000000008b500000, 0x000000008b600000|  0%| F|  |TAMS 0x000000008b500000| PB 0x000000008b500000| Untracked |  0
|  66|0x000000008b600000, 0x000000008b600000, 0x000000008b700000|  0%| F|  |TAMS 0x000000008b600000| PB 0x000000008b600000| Untracked |  0
|  67|0x000000008b700000, 0x000000008b700000, 0x000000008b800000|  0%| F|  |TAMS 0x000000008b700000| PB 0x000000008b700000| Untracked |  0
|  68|0x000000008b800000, 0x000000008b800000, 0x000000008b900000|  0%| F|  |TAMS 0x000000008b800000| PB 0x000000008b800000| Untracked |  0
|  69|0x000000008b900000, 0x000000008b900000, 0x000000008ba00000|  0%| F|  |TAMS 0x000000008b900000| PB 0x000000008b900000| Untracked |  0
|  70|0x000000008ba00000, 0x000000008ba00000, 0x000000008bb00000|  0%| F|  |TAMS 0x000000008ba00000| PB 0x000000008ba00000| Untracked |  0
|  71|0x000000008bb00000, 0x000000008bb00000, 0x000000008bc00000|  0%| F|  |TAMS 0x000000008bb00000| PB 0x000000008bb00000| Untracked |  0
|  72|0x000000008bc00000, 0x000000008bc00000, 0x000000008bd00000|  0%| F|  |TAMS 0x000000008bc00000| PB 0x000000008bc00000| Untracked |  0
|  73|0x000000008bd00000, 0x000000008bd00000, 0x000000008be00000|  0%| F|  |TAMS 0x000000008bd00000| PB 0x000000008bd00000| Untracked |  0
|  74|0x000000008be00000, 0x000000008be00000, 0x000000008bf00000|  0%| F|  |TAMS 0x000000008be00000| PB 0x000000008be00000| Untracked |  0
|  75|0x000000008bf00000, 0x000000008bf00000, 0x000000008c000000|  0%| F|  |TAMS 0x000000008bf00000| PB 0x000000008bf00000| Untracked |  0
|  76|0x000000008c000000, 0x000000008c000000, 0x000000008c100000|  0%| F|  |TAMS 0x000000008c000000| PB 0x000000008c000000| Untracked |  0
|  77|0x000000008c100000, 0x000000008c100000, 0x000000008c200000|  0%| F|  |TAMS 0x000000008c100000| PB 0x000000008c100000| Untracked |  0
|  78|0x000000008c200000, 0x000000008c200000, 0x000000008c300000|  0%| F|  |TAMS 0x000000008c200000| PB 0x000000008c200000| Untracked |  0
|  79|0x000000008c300000, 0x000000008c300000, 0x000000008c400000|  0%| F|  |TAMS 0x000000008c300000| PB 0x000000008c300000| Untracked |  0
|  80|0x000000008c400000, 0x000000008c400000, 0x000000008c500000|  0%| F|  |TAMS 0x000000008c400000| PB 0x000000008c400000| Untracked |  0
|  81|0x000000008c500000, 0x000000008c500000, 0x000000008c600000|  0%| F|  |TAMS 0x000000008c500000| PB 0x000000008c500000| Untracked |  0
|  82|0x000000008c600000, 0x000000008c600000, 0x000000008c700000|  0%| F|  |TAMS 0x000000008c600000| PB 0x000000008c600000| Untracked |  0
|  83|0x000000008c700000, 0x000000008c700000, 0x000000008c800000|  0%| F|  |TAMS 0x000000008c700000| PB 0x000000008c700000| Untracked |  0
|  84|0x000000008c800000, 0x000000008c800000, 0x000000008c900000|  0%| F|  |TAMS 0x000000008c800000| PB 0x000000008c800000| Untracked |  0
|  85|0x000000008c900000, 0x000000008c900000, 0x000000008ca00000|  0%| F|  |TAMS 0x000000008c900000| PB 0x000000008c900000| Untracked |  0
|  86|0x000000008ca00000, 0x000000008ca00000, 0x000000008cb00000|  0%| F|  |TAMS 0x000000008ca00000| PB 0x000000008ca00000| Untracked |  0
|  87|0x000000008cb00000, 0x000000008cb00000, 0x000000008cc00000|  0%| F|  |TAMS 0x000000008cb00000| PB 0x000000008cb00000| Untracked |  0
|  88|0x000000008cc00000, 0x000000008cc00000, 0x000000008cd00000|  0%| F|  |TAMS 0x000000008cc00000| PB 0x000000008cc00000| Untracked |  0
|  89|0x000000008cd00000, 0x000000008cd00000, 0x000000008ce00000|  0%| F|  |TAMS 0x000000008cd00000| PB 0x000000008cd00000| Untracked |  0
|  90|0x000000008ce00000, 0x000000008ce00000, 0x000000008cf00000|  0%| F|  |TAMS 0x000000008ce00000| PB 0x000000008ce00000| Untracked |  0
|  91|0x000000008cf00000, 0x000000008cf00000, 0x000000008d000000|  0%| F|  |TAMS 0x000000008cf00000| PB 0x000000008cf00000| Untracked |  0
|  92|0x000000008d000000, 0x000000008d000000, 0x000000008d100000|  0%| F|  |TAMS 0x000000008d000000| PB 0x000000008d000000| Untracked |  0
|  93|0x000000008d100000, 0x000000008d100000, 0x000000008d200000|  0%| F|  |TAMS 0x000000008d100000| PB 0x000000008d100000| Untracked |  0
|  94|0x000000008d200000, 0x000000008d200000, 0x000000008d300000|  0%| F|  |TAMS 0x000000008d200000| PB 0x000000008d200000| Untracked |  0
|  95|0x000000008d300000, 0x000000008d300000, 0x000000008d400000|  0%| F|  |TAMS 0x000000008d300000| PB 0x000000008d300000| Untracked |  0
|  96|0x000000008d400000, 0x000000008d400000, 0x000000008d500000|  0%| F|  |TAMS 0x000000008d400000| PB 0x000000008d400000| Untracked |  0
|  97|0x000000008d500000, 0x000000008d500000, 0x000000008d600000|  0%| F|  |TAMS 0x000000008d500000| PB 0x000000008d500000| Untracked |  0
|  98|0x000000008d600000, 0x000000008d600000, 0x000000008d700000|  0%| F|  |TAMS 0x000000008d600000| PB 0x000000008d600000| Untracked |  0
|  99|0x000000008d700000, 0x000000008d780000, 0x000000008d800000| 50%| E|  |TAMS 0x000000008d700000| PB 0x000000008d700000| Complete |  0
| 100|0x000000008d800000, 0x000000008d900000, 0x000000008d900000|100%| E|CS|TAMS 0x000000008d800000| PB 0x000000008d800000| Complete |  0
| 101|0x000000008d900000, 0x000000008da00000, 0x000000008da00000|100%| E|CS|TAMS 0x000000008d900000| PB 0x000000008d900000| Complete |  0
| 102|0x000000008da00000, 0x000000008db00000, 0x000000008db00000|100%| E|CS|TAMS 0x000000008da00000| PB 0x000000008da00000| Complete |  0
| 103|0x000000008db00000, 0x000000008dc00000, 0x000000008dc00000|100%| E|CS|TAMS 0x000000008db00000| PB 0x000000008db00000| Complete |  0
| 104|0x000000008dc00000, 0x000000008dd00000, 0x000000008dd00000|100%| E|CS|TAMS 0x000000008dc00000| PB 0x000000008dc00000| Complete |  0
| 105|0x000000008dd00000, 0x000000008de00000, 0x000000008de00000|100%| E|CS|TAMS 0x000000008dd00000| PB 0x000000008dd00000| Complete |  0
| 106|0x000000008de00000, 0x000000008df00000, 0x000000008df00000|100%| E|CS|TAMS 0x000000008de00000| PB 0x000000008de00000| Complete |  0
| 107|0x000000008df00000, 0x000000008e000000, 0x000000008e000000|100%| E|CS|TAMS 0x000000008df00000| PB 0x000000008df00000| Complete |  0
| 108|0x000000008e000000, 0x000000008e100000, 0x000000008e100000|100%| E|CS|TAMS 0x000000008e000000| PB 0x000000008e000000| Complete |  0
| 109|0x000000008e100000, 0x000000008e200000, 0x000000008e200000|100%| E|CS|TAMS 0x000000008e100000| PB 0x000000008e100000| Complete |  0
| 110|0x000000008e200000, 0x000000008e300000, 0x000000008e300000|100%| E|CS|TAMS 0x000000008e200000| PB 0x000000008e200000| Complete |  0
| 111|0x000000008e300000, 0x000000008e400000, 0x000000008e400000|100%| E|CS|TAMS 0x000000008e300000| PB 0x000000008e300000| Complete |  0
| 112|0x000000008e400000, 0x000000008e500000, 0x000000008e500000|100%| E|CS|TAMS 0x000000008e400000| PB 0x000000008e400000| Complete |  0
| 113|0x000000008e500000, 0x000000008e600000, 0x000000008e600000|100%| E|CS|TAMS 0x000000008e500000| PB 0x000000008e500000| Complete |  0
| 114|0x000000008e600000, 0x000000008e700000, 0x000000008e700000|100%| E|CS|TAMS 0x000000008e600000| PB 0x000000008e600000| Complete |  0
| 115|0x000000008e700000, 0x000000008e800000, 0x000000008e800000|100%| E|CS|TAMS 0x000000008e700000| PB 0x000000008e700000| Complete |  0
| 116|0x000000008e800000, 0x000000008e900000, 0x000000008e900000|100%| E|CS|TAMS 0x000000008e800000| PB 0x000000008e800000| Complete |  0
| 117|0x000000008e900000, 0x000000008ea00000, 0x000000008ea00000|100%| E|CS|TAMS 0x000000008e900000| PB 0x000000008e900000| Complete |  0
| 118|0x000000008ea00000, 0x000000008eb00000, 0x000000008eb00000|100%| E|CS|TAMS 0x000000008ea00000| PB 0x000000008ea00000| Complete |  0
| 119|0x000000008eb00000, 0x000000008ec00000, 0x000000008ec00000|100%| E|CS|TAMS 0x000000008eb00000| PB 0x000000008eb00000| Complete |  0
| 120|0x000000008ec00000, 0x000000008ed00000, 0x000000008ed00000|100%| E|CS|TAMS 0x000000008ec00000| PB 0x000000008ec00000| Complete |  0
| 121|0x000000008ed00000, 0x000000008ee00000, 0x000000008ee00000|100%| E|CS|TAMS 0x000000008ed00000| PB 0x000000008ed00000| Complete |  0
|1930|0x00000000ffe00000, 0x00000000fff00000, 0x00000000fff00000|100%| O|  |TAMS 0x00000000ffe00000| PB 0x00000000ffe00000| Untracked |  0
|1931|0x00000000fff00000, 0x00000000fff21de0, 0x0000000100000000| 13%| O|  |TAMS 0x00000000fff00000| PB 0x00000000fff00000| Untracked |  0

Card table byte_map: [0x00007815b0196000,0x00007815b055c000] _byte_map_base: 0x00007815afd5c000

Marking Bits: (CMBitMap*) 0x00007815ac086e80
 Bits: [0x00007815927d0000, 0x0000781594600000)

Polling page: 0x00007815b2e32000

Metaspace:
Metaspace        used 7468K, committed 7680K, reserved 1114112K
 class space     used 512K, committed 576K, reserved 1048576K

Usage:
  Non-class:      6,79 MB used.
      Class:    512,62 KB used.
       Both:      7,29 MB used.

Virtual space:
  Non-class space:       64,00 MB reserved,       6,94 MB ( 11%) committed,  1 nodes.
      Class space:        1,00 GB reserved,     576,00 KB ( <1%) committed,  1 nodes.
             Both:        1,06 GB reserved,       7,50 MB ( <1%) committed. 

Chunk freelists:
   Non-Class:  8,66 MB
       Class:  15,44 MB
        Both:  24,10 MB

MaxMetaspaceSize: unlimited
CompressedClassSpaceSize: 1,00 GB
Initial GC threshold: 21,00 MB
Current GC threshold: 21,00 MB
CDS: on
 - commit_granule_bytes: 65536.
 - commit_granule_words: 8192.
 - virtual_space_node_default_size: 8388608.
 - enlarge_chunks_in_place: 1.
UseCompressedClassPointers 1, UseCompactObjectHeaders 0
Narrow klass pointer bits 32, Max shift 3
Narrow klass base: 0x000000001e000000, Narrow klass shift: 0
Encoding Range: [0x000000001e000000 - 0x000000011e000000), (4294967296 bytes)
Klass Range:    [0x000000001e001000 - 0x000000005f000000), (1090514944 bytes)
Klass ID Range:  [4096 - 1090519033) (1090514937)
Protection zone: [0x000000001e000000 - 0x000000001e001000), (4096 bytes)


Internal statistics:

num_allocs_failed_limit: 0.
num_arena_births: 150.
num_arena_deaths: 0.
num_vsnodes_births: 2.
num_vsnodes_deaths: 0.
num_space_committed: 120.
num_space_uncommitted: 0.
num_chunks_returned_to_freelist: 0.
num_chunks_taken_from_freelist: 337.
num_chunk_merges: 0.
num_chunk_splits: 224.
num_chunks_enlarged: 148.
num_inconsistent_stats: 0.

CodeHeap 'non-profiled nmethods': size=120032Kb used=382Kb max_used=382Kb free=119649Kb
 bounds [0x000078159c0c8000, 0x000078159c338000, 0x00007815a3600000]
CodeHeap 'profiled nmethods': size=120028Kb used=2355Kb max_used=2355Kb free=117672Kb
 bounds [0x0000781594600000, 0x0000781594870000, 0x000078159bb37000]
CodeHeap 'non-nmethods': size=5700Kb used=2438Kb max_used=2453Kb free=3261Kb
 bounds [0x000078159bb37000, 0x000078159bda7000, 0x000078159c0c8000]
CodeCache: size=245760Kb, used=5175Kb, max_used=5190Kb, free=240582Kb
 total_blobs=2821, nmethods=1683, adapters=1043, full_count=0
Compilation: enabled, stopped_count=0, restarted_count=0

Compilation events (20 events):
Event: 2,061 Thread 0x00007815ac122650 nmethod 1672 0x0000781594849f08 code [0x000078159484a000, 0x000078159484a150]
Event: 2,061 Thread 0x00007815ac120c60 nmethod 1673 0x000078159c127188 code [0x000078159c127280, 0x000078159c1272f8]
Event: 2,175 Thread 0x00007815ac122650 1675       3       jdk.internal.util.DecimalDigits::uncheckedGetCharsLatin1 (105 bytes)
Event: 2,176 Thread 0x00007815ac122650 nmethod 1675 0x000078159484a208 code [0x000078159484a300, 0x000078159484a6c0]
Event: 2,176 Thread 0x00007815ac122650 1676       3       java.util.EnumMap::get (29 bytes)
Event: 2,176 Thread 0x00007815ac122650 nmethod 1676 0x000078159484a708 code [0x000078159484a800, 0x000078159484ac00]
Event: 2,176 Thread 0x00007815ac122650 1677       3       java.util.EnumMap::isValidKey (36 bytes)
Event: 2,176 Thread 0x00007815ac122650 nmethod 1677 0x000078159484ac08 code [0x000078159484ad00, 0x000078159484b048]
Event: 2,208 Thread 0x00007815ac122650 1678       3       com.badlogic.gdx.graphics.glutils.VertexBufferObject::setVertices (38 bytes)
Event: 2,209 Thread 0x00007815ac122650 nmethod 1678 0x000078159484b088 code [0x000078159484b180, 0x000078159484b720]
Event: 2,209 Thread 0x00007815ac122650 1679       3       com.badlogic.gdx.graphics.Mesh::render (14 bytes)
Event: 2,209 Thread 0x00007815ac122650 nmethod 1679 0x000078159484b788 code [0x000078159484b880, 0x000078159484b9b8]
Event: 2,209 Thread 0x00007815ac122650 1680       3       com.badlogic.gdx.utils.Array::iterator (43 bytes)
Event: 2,209 Thread 0x00007815ac122650 nmethod 1680 0x000078159484ba88 code [0x000078159484bb80, 0x000078159484c120]
Event: 2,209 Thread 0x00007815ac122650 1681       3       com.badlogic.gdx.utils.Array$ArrayIterable::iterator (135 bytes)
Event: 2,210 Thread 0x00007815ac122650 nmethod 1681 0x000078159484c188 code [0x000078159484c280, 0x000078159484c9d0]
Event: 2,227 Thread 0x00007815ac122650 1682       3       java.util.Arrays::fill (28 bytes)
Event: 2,227 Thread 0x00007815ac122650 nmethod 1682 0x000078159484ca08 code [0x000078159484cb00, 0x000078159484ce60]
Event: 2,229 Thread 0x00007815ac122650 1683       1       java.lang.Class::getModifiers (5 bytes)
Event: 2,229 Thread 0x00007815ac122650 nmethod 1683 0x000078159c127788 code [0x000078159c127880, 0x000078159c127940]

GC Heap Usage History (0 events):
No events

Metaspace Usage History (0 events):
No events

Dll operation events (13 events):
Event: 0,026 Loaded shared library /opt/jdk-25/lib/libjava.so
Event: 0,057 Loaded shared library /opt/jdk-25/lib/libsimdsort.so
Event: 0,074 Loaded shared library /opt/jdk-25/lib/libnio.so
Event: 0,079 Loaded shared library /opt/jdk-25/lib/libzip.so
Event: 0,214 Loaded shared library /opt/jdk-25/lib/libjimage.so
Event: 0,241 Loaded shared library /tmp/libgdxabdenours/da3a4817/libgdx64.so
Event: 0,329 Loaded shared library /opt/jdk-25/lib/libnet.so
Event: 0,341 Loaded shared library /tmp/lwjgl_abdenours/3.3.3+5/x64/liblwjgl.so
Event: 0,669 Loaded shared library /tmp/libgdxabdenours/7f47ef07a3b30ad5/libEGL.so
Event: 0,677 Loaded shared library /tmp/libgdxabdenours/7f47ef07a3b30ad5/libGLESv2.so
Event: 1,192 Loaded shared library /tmp/lwjgl_abdenours/3.3.3+5/x64/liblwjgl_opengles.so
Event: 1,488 Loaded shared library /opt/jdk-25/lib/libawt.so
Event: 1,494 Loaded shared library /opt/jdk-25/lib/libawt_xawt.so

Deoptimization events (20 events):
Event: 0,456 Thread 0x00007815ac02d9c0 DEOPT PACKING pc=0x00007815946ac655 sp=0x00007815b13fbc70
Event: 0,456 Thread 0x00007815ac02d9c0 DEOPT UNPACKING pc=0x000078159bb87b8f sp=0x00007815b13fb128 mode 0
Event: 0,456 Thread 0x00007815ac02d9c0 DEOPT PACKING pc=0x00007815946ac655 sp=0x00007815b13fbc70
Event: 0,456 Thread 0x00007815ac02d9c0 DEOPT UNPACKING pc=0x000078159bb87b8f sp=0x00007815b13fb128 mode 0
Event: 0,457 Thread 0x00007815ac02d9c0 DEOPT PACKING pc=0x00007815946ac655 sp=0x00007815b13fbc70
Event: 0,457 Thread 0x00007815ac02d9c0 DEOPT UNPACKING pc=0x000078159bb87b8f sp=0x00007815b13fb128 mode 0
Event: 0,457 Thread 0x00007815ac02d9c0 DEOPT PACKING pc=0x00007815946ac655 sp=0x00007815b13fbc70
Event: 0,457 Thread 0x00007815ac02d9c0 DEOPT UNPACKING pc=0x000078159bb87b8f sp=0x00007815b13fb128 mode 0
Event: 0,457 Thread 0x00007815ac02d9c0 DEOPT PACKING pc=0x00007815946ac655 sp=0x00007815b13fbc70
Event: 0,457 Thread 0x00007815ac02d9c0 DEOPT UNPACKING pc=0x000078159bb87b8f sp=0x00007815b13fb128 mode 0
Event: 0,494 Thread 0x00007815ac02d9c0 DEOPT PACKING pc=0x000078159464919a sp=0x00007815b13fd5a0
Event: 0,494 Thread 0x00007815ac02d9c0 DEOPT UNPACKING pc=0x000078159bb87b8f sp=0x00007815b13fca10 mode 0
Event: 1,175 Thread 0x00007815ac02d9c0 Uncommon trap: trap_request=0xffffff66 fr.pc=0x000078159c0fa9c8 relative=0x0000000000000448
Event: 1,175 Thread 0x00007815ac02d9c0 Uncommon trap: reason=loop_limit_check action=maybe_recompile pc=0x000078159c0fa9c8 method=java.lang.StringLatin1.indexOf([BI[BII)I @ 37 c2
Event: 1,175 Thread 0x00007815ac02d9c0 DEOPT PACKING pc=0x000078159c0fa9c8 sp=0x00007815b13fdf60
Event: 1,175 Thread 0x00007815ac02d9c0 DEOPT UNPACKING pc=0x000078159bc67ff9 sp=0x00007815b13fdee0 mode 2
Event: 1,535 Thread 0x00007815ac02d9c0 Uncommon trap: trap_request=0xffffff45 fr.pc=0x000078159c0eeb48 relative=0x0000000000000248
Event: 1,535 Thread 0x00007815ac02d9c0 Uncommon trap: reason=unstable_if action=reinterpret pc=0x000078159c0eeb48 method=java.lang.invoke.VarHandle.checkAccessModeThenIsDirect(Ljava/lang/invoke/VarHandle$AccessDescriptor;)Z @ 4 c2
Event: 1,535 Thread 0x00007815ac02d9c0 DEOPT PACKING pc=0x000078159c0eeb48 sp=0x00007815b13fd410
Event: 1,535 Thread 0x00007815ac02d9c0 DEOPT UNPACKING pc=0x000078159bc67ff9 sp=0x00007815b13fd388 mode 2

Classes loaded (20 events):
Event: 1,595 Loading class sun/invoke/util/BytecodeDescriptor
Event: 1,596 Loading class sun/invoke/util/BytecodeDescriptor done
Event: 1,596 Loading class jdk/internal/classfile/impl/AbstractPoolEntry$IntegerEntryImpl
Event: 1,597 Loading class java/lang/classfile/constantpool/IntegerEntry
Event: 1,597 Loading class java/lang/classfile/constantpool/IntegerEntry done
Event: 1,597 Loading class jdk/internal/classfile/impl/AbstractPoolEntry$IntegerEntryImpl done
Event: 2,225 Loading class java/io/InterruptedIOException
Event: 2,225 Loading class java/io/InterruptedIOException done
Event: 2,226 Loading class jdk/internal/misc/Signal$1
Event: 2,226 Loading class jdk/internal/misc/Signal$1 done
Event: 2,227 Loading class jdk/internal/logger/SurrogateLogger
Event: 2,228 Loading class jdk/internal/logger/SimpleConsoleLogger
Event: 2,228 Loading class sun/util/logging/PlatformLogger$ConfigurableBridge$LoggerConfiguration
Event: 2,229 Loading class sun/util/logging/PlatformLogger$ConfigurableBridge$LoggerConfiguration done
Event: 2,229 Loading class jdk/internal/logger/SimpleConsoleLogger done
Event: 2,229 Loading class jdk/internal/logger/SurrogateLogger done
Event: 2,229 Loading class java/util/WeakHashMap$KeyIterator
Event: 2,230 Loading class java/util/WeakHashMap$HashIterator
Event: 2,231 Loading class java/util/WeakHashMap$HashIterator done
Event: 2,231 Loading class java/util/WeakHashMap$KeyIterator done

Classes unloaded (0 events):
No events

Classes redefined (0 events):
No events

Internal exceptions (20 events):
Event: 1,485 Thread 0x00007815ac02d9c0 Exception <a 'java/lang/ClassNotFoundException'{0x000000008dbb95b0}: sun/awt/resources/spi/awtProvider> (0x000000008dbb95b0) 
thrown [open/src/hotspot/share/classfile/systemDictionary.cpp, line 327]
Event: 1,494 Thread 0x00007815ac02d9c0 Exception <a 'java/io/FileNotFoundException'{0x000000008dbc8f40}> (0x000000008dbc8f40) 
thrown [open/src/hotspot/share/prims/jni.cpp, line 516]
Event: 1,496 Thread 0x00007815ac02d9c0 Exception <a 'java/io/FileNotFoundException'{0x000000008dbdb800}> (0x000000008dbdb800) 
thrown [open/src/hotspot/share/prims/jni.cpp, line 516]
Event: 1,567 Thread 0x00007815ac02d9c0 Exception <a 'java/lang/NoSuchMethodError'{0x000000008dab4c98}: 'java.lang.Object java.lang.invoke.DelegatingMethodHandle$Holder.reinvoke_L(java.lang.Object, java.lang.Object, java.lang.Object, double, double)'> (0x000000008dab4c98) 
thrown [open/src/hotspot/share/interpreter/linkResolver.cpp, line 803]
Event: 1,590 Thread 0x00007815ac02d9c0 Exception <a 'java/lang/NoSuchMethodError'{0x000000008d94c800}: 'float java.lang.invoke.DirectMethodHandle$Holder.invokeInterface(java.lang.Object, java.lang.Object)'> (0x000000008d94c800) 
thrown [open/src/hotspot/share/interpreter/linkResolver.cpp, line 803]
Event: 1,592 Thread 0x00007815ac02d9c0 Exception <a 'java/lang/NoSuchMethodError'{0x000000008d9630f0}: 'int java.lang.invoke.DirectMethodHandle$Holder.invokeStatic(java.lang.Object, java.lang.Object, java.lang.Object, java.lang.Object)'> (0x000000008d9630f0) 
thrown [open/src/hotspot/share/interpreter/linkResolver.cpp, line 803]
Event: 2,225 Thread 0x00007815ac02d9c0 Exception <a 'java/io/IOException'{0x000000008d9c2828}> (0x000000008d9c2828) 
thrown [open/src/hotspot/share/prims/jni.cpp, line 516]
Event: 2,225 Thread 0x00007815ac02d9c0 Exception <a 'java/io/IOException'{0x000000008d9c2bc8}> (0x000000008d9c2bc8) 
thrown [open/src/hotspot/share/prims/jni.cpp, line 516]
Event: 2,225 Thread 0x00007815ac02d9c0 Exception <a 'java/io/IOException'{0x000000008d9c2f60}> (0x000000008d9c2f60) 
thrown [open/src/hotspot/share/prims/jni.cpp, line 516]
Event: 2,225 Thread 0x00007815ac02d9c0 Exception <a 'java/io/IOException'{0x000000008d9c3270}> (0x000000008d9c3270) 
thrown [open/src/hotspot/share/prims/jni.cpp, line 516]
Event: 2,225 Thread 0x00007815ac02d9c0 Exception <a 'java/io/IOException'{0x000000008d9c3a80}> (0x000000008d9c3a80) 
thrown [open/src/hotspot/share/prims/jni.cpp, line 516]
Event: 2,225 Thread 0x00007815ac02d9c0 Exception <a 'java/io/IOException'{0x000000008d9c3d90}> (0x000000008d9c3d90) 
thrown [open/src/hotspot/share/prims/jni.cpp, line 516]
Event: 2,225 Thread 0x00007815ac02d9c0 Exception <a 'java/io/IOException'{0x000000008d9c41c8}> (0x000000008d9c41c8) 
thrown [open/src/hotspot/share/prims/jni.cpp, line 516]
Event: 2,225 Thread 0x00007815ac02d9c0 Exception <a 'java/io/IOException'{0x000000008d9c44d8}> (0x000000008d9c44d8) 
thrown [open/src/hotspot/share/prims/jni.cpp, line 516]
Event: 2,225 Thread 0x00007815ac02d9c0 Exception <a 'java/io/IOException'{0x000000008d9c4918}> (0x000000008d9c4918) 
thrown [open/src/hotspot/share/prims/jni.cpp, line 516]
Event: 2,225 Thread 0x00007815ac02d9c0 Exception <a 'java/io/IOException'{0x000000008d9c4c28}> (0x000000008d9c4c28) 
thrown [open/src/hotspot/share/prims/jni.cpp, line 516]
Event: 2,226 Thread 0x00007815ac02d9c0 Exception <a 'java/io/IOException'{0x000000008d9c5060}> (0x000000008d9c5060) 
thrown [open/src/hotspot/share/prims/jni.cpp, line 516]
Event: 2,226 Thread 0x00007815ac02d9c0 Exception <a 'java/io/IOException'{0x000000008d9c5370}> (0x000000008d9c5370) 
thrown [open/src/hotspot/share/prims/jni.cpp, line 516]
Event: 2,226 Thread 0x00007815ac02d9c0 Exception <a 'java/io/IOException'{0x000000008d9c57b0}> (0x000000008d9c57b0) 
thrown [open/src/hotspot/share/prims/jni.cpp, line 516]
Event: 2,226 Thread 0x00007815ac02d9c0 Exception <a 'java/io/IOException'{0x000000008d9c5ac0}> (0x000000008d9c5ac0) 
thrown [open/src/hotspot/share/prims/jni.cpp, line 516]

VM Operations (15 events):
Event: 0,234 Executing non-safepoint VM operation: HandshakeAllThreads (Deoptimize)
Event: 0,234 Executing non-safepoint VM operation: HandshakeAllThreads (Deoptimize) done
Event: 0,269 Executing non-safepoint VM operation: HandshakeAllThreads (Deoptimize)
Event: 0,269 Executing non-safepoint VM operation: HandshakeAllThreads (Deoptimize) done
Event: 0,303 Executing non-safepoint VM operation: HandshakeAllThreads (Deoptimize)
Event: 0,303 Executing non-safepoint VM operation: HandshakeAllThreads (Deoptimize) done
Event: 1,467 Executing non-safepoint VM operation: HandshakeAllThreads (Deoptimize)
Event: 1,467 Executing non-safepoint VM operation: HandshakeAllThreads (Deoptimize) done
Event: 1,475 Executing non-safepoint VM operation: HandshakeAllThreads (Deoptimize)
Event: 1,475 Executing non-safepoint VM operation: HandshakeAllThreads (Deoptimize) done
Event: 1,520 Executing non-safepoint VM operation: HandshakeAllThreads (Deoptimize)
Event: 1,520 Executing non-safepoint VM operation: HandshakeAllThreads (Deoptimize) done
Event: 1,594 Executing non-safepoint VM operation: HandshakeAllThreads (Deoptimize)
Event: 1,594 Executing non-safepoint VM operation: HandshakeAllThreads (Deoptimize) done
Event: 2,231 Executing safepoint VM operation: Exit

Memory protections (15 events):
Event: 0,025 Protecting memory [0x00007815b1300000,0x00007815b1304000] with protection modes 0
Event: 0,043 Protecting memory [0x000000001e000000,0x000000001e001000] with protection modes 0
Event: 0,055 Protecting memory [0x00007815839fb000,0x00007815839ff000] with protection modes 0
Event: 0,055 Protecting memory [0x00007815836f8000,0x00007815836fc000] with protection modes 0
Event: 0,055 Protecting memory [0x0000781583300000,0x0000781583304000] with protection modes 0
Event: 0,056 Protecting memory [0x00007815831ff000,0x0000781583203000] with protection modes 0
Event: 0,056 Protecting memory [0x00007815830fe000,0x0000781583102000] with protection modes 0
Event: 0,056 Protecting memory [0x0000781582ffd000,0x0000781583001000] with protection modes 0
Event: 0,056 Protecting memory [0x0000781582efc000,0x0000781582f00000] with protection modes 0
Event: 0,067 Protecting memory [0x0000781582dfb000,0x0000781582dff000] with protection modes 0
Event: 0,069 Protecting memory [0x0000781582cfa000,0x0000781582cfe000] with protection modes 0
Event: 0,770 Protecting memory [0x00007815456fb000,0x00007815456ff000] with protection modes 0
Event: 1,529 Protecting memory [0x0000781514597000,0x000078151459b000] with protection modes 0
Event: 2,226 Protecting memory [0x0000781514296000,0x000078151429a000] with protection modes 0
Event: 2,229 Protecting memory [0x0000781514195000,0x0000781514199000] with protection modes 0

Nmethod flushes (0 events):
No events

Events (17 events):
Event: 0,048 Thread 0x00007815ac02d9c0 Thread added: 0x00007815ac02d9c0
Event: 0,055 Thread 0x00007815ac02d9c0 Thread added: 0x00007815ac119080
Event: 0,055 Thread 0x00007815ac02d9c0 Thread added: 0x00007815ac11a270
Event: 0,055 Thread 0x00007815ac02d9c0 Thread added: 0x00007815ac11bcc0
Event: 0,055 Thread 0x00007815ac02d9c0 Thread added: 0x00007815ac11d5e0
Event: 0,056 Thread 0x00007815ac02d9c0 Thread added: 0x00007815ac11ee60
Event: 0,056 Thread 0x00007815ac02d9c0 Thread added: 0x00007815ac120c60
Event: 0,056 Thread 0x00007815ac02d9c0 Thread added: 0x00007815ac122650
Event: 0,067 Thread 0x00007815ac02d9c0 Thread added: 0x00007815ac12f5d0
Event: 0,069 Thread 0x00007815ac02d9c0 Thread added: 0x00007815ac132150
Event: 0,769 Thread 0x00007815ac02d9c0 Thread added: 0x00007815ac927f70
Event: 1,529 Thread 0x00007815ac02d9c0 Thread added: 0x00007815ad3c7030
Event: 2,226 Thread 0x00007815ac11bcc0 Thread added: 0x00007815640010a0
Event: 2,229 Thread 0x00007815640010a0 Thread added: 0x000078150c0017a0
Event: 2,231 Thread 0x000078150c0017a0 Thread exited: 0x000078150c0017a0
Event: 2,231 Thread 0x00007815640010a0 Before exit entered
Event: 2,231 Thread 0x00007815ac11bcc0 Thread exited: 0x00007815ac11bcc0


Dynamic libraries:
1e000000-1e001000 ---p 00000000 00:00 0 
1e001000-1ed92000 rw-p 00001000 00:21 4164603                            /opt/jdk-25/lib/server/classes.jsa
1ed92000-1f000000 ---p 00000000 00:00 0 
1f000000-1f040000 rw-p 00000000 00:00 0 
1f040000-1f090000 rw-p 00000000 00:00 0 
1f090000-5f000000 ---p 00000000 00:00 0 
87400000-8ee00000 rw-p 00000000 00:00 0 
8ee00000-ffe00000 ---p 00000000 00:00 0 
ffe00000-fff22000 rw-p 00dc5000 00:21 4164603                            /opt/jdk-25/lib/server/classes.jsa
fff22000-100000000 rw-p 00000000 00:00 0 
5e43255aa000-5e43255ab000 r-xp 00000000 00:21 4164165                    /opt/jdk-25/bin/java
5e43255ac000-5e43255ad000 r--p 00001000 00:21 4164165                    /opt/jdk-25/bin/java
5e43255ad000-5e43255ae000 rw-p 00002000 00:21 4164165                    /opt/jdk-25/bin/java
5e433ff81000-5e433ffaf000 rw-p 00000000 00:00 0                          [heap]
781500000000-781500021000 rw-p 00000000 00:00 0 
781500021000-781504000000 ---p 00000000 00:00 0 
781508000000-781508021000 rw-p 00000000 00:00 0 
781508021000-78150c000000 ---p 00000000 00:00 0 
78150c000000-78150c021000 rw-p 00000000 00:00 0 
78150c021000-781510000000 ---p 00000000 00:00 0 
781510000000-781510021000 rw-p 00000000 00:00 0 
781510021000-781514000000 ---p 00000000 00:00 0 
781514194000-781514195000 ---p 00000000 00:00 0 
781514195000-781514199000 ---p 00000000 00:00 0 
781514199000-781514295000 rw-p 00000000 00:00 0 
781514295000-781514296000 ---p 00000000 00:00 0 
781514296000-78151429a000 ---p 00000000 00:00 0 
78151429a000-781514396000 rw-p 00000000 00:00 0 
781514396000-781514596000 rw-s 10741f000 00:10 1078                      anon_inode:i915.gem
781514596000-781514597000 ---p 00000000 00:00 0 
781514597000-78151459b000 ---p 00000000 00:00 0 
78151459b000-781514697000 rw-p 00000000 00:00 0 
781514697000-7815146fd000 r-xp 00000000 00:21 4164561                    /opt/jdk-25/lib/libawt_xawt.so
7815146fd000-7815146ff000 r--p 00065000 00:21 4164561                    /opt/jdk-25/lib/libawt_xawt.so
7815146ff000-781514701000 rw-p 00067000 00:21 4164561                    /opt/jdk-25/lib/libawt_xawt.so
781514701000-781514703000 rw-p 00000000 00:00 0 
781514703000-7815147cc000 r-xp 00000000 00:21 4164559                    /opt/jdk-25/lib/libawt.so
7815147cc000-7815147cd000 r--p 000c8000 00:21 4164559                    /opt/jdk-25/lib/libawt.so
7815147cd000-7815147d8000 rw-p 000c9000 00:21 4164559                    /opt/jdk-25/lib/libawt.so
7815147d8000-7815147fd000 rw-p 00000000 00:00 0 
7815147fd000-7815149fd000 rw-s 10700f000 00:10 1078                      anon_inode:i915.gem
7815149fd000-781514bfd000 rw-s 1099b4000 00:10 1078                      anon_inode:i915.gem
781514bfd000-781514bfe000 ---p 00000000 00:00 0 
781514bfe000-7815153fe000 rw-p 00000000 00:00 0 
7815153fe000-7815153ff000 ---p 00000000 00:00 0 
7815153ff000-781515bff000 rw-p 00000000 00:00 0 
781515bff000-781515c00000 ---p 00000000 00:00 0 
781515c00000-781516400000 rw-p 00000000 00:00 0 
781516400000-781518394000 r--p 00000000 00:21 4671479                    /usr/lib/libicudata.so.78.1
781518394000-781518395000 r--p 01f93000 00:21 4671479                    /usr/lib/libicudata.so.78.1
781518400000-781518448000 r--p 00000000 00:21 4671494                    /usr/lib/libicuuc.so.78.1
781518448000-781518565000 r-xp 00048000 00:21 4671494                    /usr/lib/libicuuc.so.78.1
781518565000-7815185f8000 r--p 00165000 00:21 4671494                    /usr/lib/libicuuc.so.78.1
7815185f8000-78151860b000 r--p 001f8000 00:21 4671494                    /usr/lib/libicuuc.so.78.1
78151860b000-78151860c000 rw-p 0020b000 00:21 4671494                    /usr/lib/libicuuc.so.78.1
78151860c000-78151860e000 rw-p 00000000 00:00 0 
781518627000-781518667000 rw-s 1048ef000 00:10 1078                      anon_inode:i915.gem
781518667000-781518669000 r--p 00000000 00:21 1009608                    /usr/lib/libXtst.so.6.1.0
781518669000-78151866c000 r-xp 00002000 00:21 1009608                    /usr/lib/libXtst.so.6.1.0
78151866c000-78151866d000 r--p 00005000 00:21 1009608                    /usr/lib/libXtst.so.6.1.0
78151866d000-78151866e000 r--p 00005000 00:21 1009608                    /usr/lib/libXtst.so.6.1.0
78151866e000-78151866f000 rw-p 00006000 00:21 1009608                    /usr/lib/libXtst.so.6.1.0
78151866f000-7815186af000 rw-s 10151c000 00:10 1078                      anon_inode:i915.gem
7815186af000-7815186b5000 r--p 00000000 00:21 1611714                    /usr/lib/libGLESv2.so.2.1.0
7815186b5000-7815186ba000 r-xp 00006000 00:21 1611714                    /usr/lib/libGLESv2.so.2.1.0
7815186ba000-7815186bc000 r--p 0000b000 00:21 1611714                    /usr/lib/libGLESv2.so.2.1.0
7815186bc000-7815186be000 r--p 0000d000 00:21 1611714                    /usr/lib/libGLESv2.so.2.1.0
7815186be000-7815186bf000 rw-p 0000f000 00:21 1611714                    /usr/lib/libGLESv2.so.2.1.0
7815186bf000-781518800000 rw-s 00000000 00:21 2875055                    /home/abdenours/.cache/mesa_shader_cache/index
781518800000-781518d3e000 r--p 00000000 00:21 4751803                    /usr/lib/libLLVM.so.21.1
781518d3e000-78151e557000 r-xp 0053e000 00:21 4751803                    /usr/lib/libLLVM.so.21.1
78151e557000-781521b81000 r--p 05d57000 00:21 4751803                    /usr/lib/libLLVM.so.21.1
781521b81000-781521d8a000 r--p 09380000 00:21 4751803                    /usr/lib/libLLVM.so.21.1
781521d8a000-781521dcf000 rw-p 09589000 00:21 4751803                    /usr/lib/libLLVM.so.21.1
781521dcf000-781521e97000 rw-p 00000000 00:00 0 
781521ecb000-781521ee5000 r--p 00000000 00:21 4751781                    /usr/lib/libxml2.so.16.1.1
781521ee5000-781521fb8000 r-xp 0001a000 00:21 4751781                    /usr/lib/libxml2.so.16.1.1
781521fb8000-781521ff5000 r--p 000ed000 00:21 4751781                    /usr/lib/libxml2.so.16.1.1
781521ff5000-781521ffe000 r--p 0012a000 00:21 4751781                    /usr/lib/libxml2.so.16.1.1
781521ffe000-781521fff000 rw-p 00133000 00:21 4751781                    /usr/lib/libxml2.so.16.1.1
781521fff000-781522000000 rw-p 00000000 00:00 0 
781522000000-781522019000 r--p 00000000 00:21 5574215                    /usr/lib/libgallium-25.3.2-arch1.1.so
781522019000-781523ab2000 r-xp 00019000 00:21 5574215                    /usr/lib/libgallium-25.3.2-arch1.1.so
781523ab2000-781524aa9000 r--p 01ab2000 00:21 5574215                    /usr/lib/libgallium-25.3.2-arch1.1.so
781524aa9000-781524bc9000 r--p 02aa9000 00:21 5574215                    /usr/lib/libgallium-25.3.2-arch1.1.so
781524bc9000-781524bea000 rw-p 02bc9000 00:21 5574215                    /usr/lib/libgallium-25.3.2-arch1.1.so
781524bea000-781524db5000 rw-p 00000000 00:00 0 
781524db7000-781524dcc000 r--p 00000000 00:36 567                        /tmp/lwjgl_abdenours/3.3.3+5/x64/liblwjgl_opengles.so
781524dcc000-781524dd5000 r-xp 00015000 00:36 567                        /tmp/lwjgl_abdenours/3.3.3+5/x64/liblwjgl_opengles.so
781524dd5000-781524ddc000 r--p 0001e000 00:36 567                        /tmp/lwjgl_abdenours/3.3.3+5/x64/liblwjgl_opengles.so
781524ddc000-781524ddd000 r--p 00024000 00:36 567                        /tmp/lwjgl_abdenours/3.3.3+5/x64/liblwjgl_opengles.so
781524ddd000-781524dde000 rw-p 00025000 00:36 567                        /tmp/lwjgl_abdenours/3.3.3+5/x64/liblwjgl_opengles.so
781524dde000-781524dfe000 rw-s 101df7000 00:10 1078                      anon_inode:i915.gem
781524dfe000-781524e1e000 rw-s 104ef8000 00:10 1078                      anon_inode:i915.gem
781524e1e000-781524e2e000 rw-s 1014c2000 00:10 1078                      anon_inode:i915.gem
781524e2e000-781524e3e000 rw-s 104b94000 00:10 1078                      anon_inode:i915.gem
781524e3e000-781524e5e000 rw-s 106a75000 00:10 1078                      anon_inode:i915.gem
781524e5e000-781524ede000 rw-s 1046bf000 00:10 1078                      anon_inode:i915.gem
781524ede000-781525800000 rw-p 00000000 00:00 0 
781525800000-781525aab000 r--p 00000000 00:21 5740363                    /usr/lib/libnvidia-gpucomp.so.580.119.02
781525aab000-781528b98000 r-xp 002ab000 00:21 5740363                    /usr/lib/libnvidia-gpucomp.so.580.119.02
781528b98000-781529a08000 r--p 03398000 00:21 5740363                    /usr/lib/libnvidia-gpucomp.so.580.119.02
781529a08000-781529a09000 ---p 04208000 00:21 5740363                    /usr/lib/libnvidia-gpucomp.so.580.119.02
781529a09000-781529be0000 r--p 04208000 00:21 5740363                    /usr/lib/libnvidia-gpucomp.so.580.119.02
781529be0000-781529ceb000 rw-p 043df000 00:21 5740363                    /usr/lib/libnvidia-gpucomp.so.580.119.02
781529ceb000-781529d8b000 rw-p 00000000 00:00 0 
781529d8b000-781529d93000 rw-s 101e17000 00:10 1078                      anon_inode:i915.gem
781529d93000-781529da3000 rw-s 1082dc000 00:10 1078                      anon_inode:i915.gem
781529da3000-781529de3000 rw-s 1087ef000 00:10 1078                      anon_inode:i915.gem
781529de3000-781529def000 r--p 00000000 00:21 1004347                    /usr/lib/libxcb-glx.so.0.0.0
781529def000-781529df8000 r-xp 0000c000 00:21 1004347                    /usr/lib/libxcb-glx.so.0.0.0
781529df8000-781529dfd000 r--p 00015000 00:21 1004347                    /usr/lib/libxcb-glx.so.0.0.0
781529dfd000-781529dff000 r--p 0001a000 00:21 1004347                    /usr/lib/libxcb-glx.so.0.0.0
781529dff000-781529e00000 rw-p 0001c000 00:21 1004347                    /usr/lib/libxcb-glx.so.0.0.0
781529e00000-78152a042000 r--p 00000000 00:21 5740349                    /usr/lib/libnvidia-eglcore.so.580.119.02
78152a042000-78152ad06000 r-xp 00242000 00:21 5740349                    /usr/lib/libnvidia-eglcore.so.580.119.02
78152ad06000-78152bda8000 r--p 00f06000 00:21 5740349                    /usr/lib/libnvidia-eglcore.so.580.119.02
78152bda8000-78152bf20000 r--p 01fa7000 00:21 5740349                    /usr/lib/libnvidia-eglcore.so.580.119.02
78152bf20000-78152bf74000 rw-p 0211f000 00:21 5740349                    /usr/lib/libnvidia-eglcore.so.580.119.02
78152bf74000-78152bf8a000 rw-p 00000000 00:00 0 
78152bf91000-78152bf9e000 r--p 00000000 00:21 1348711                    /usr/lib/libncursesw.so.6.5
78152bf9e000-78152bfe5000 r-xp 0000d000 00:21 1348711                    /usr/lib/libncursesw.so.6.5
78152bfe5000-78152bffb000 r--p 00054000 00:21 1348711                    /usr/lib/libncursesw.so.6.5
78152bffb000-78152bfff000 r--p 0006a000 00:21 1348711                    /usr/lib/libncursesw.so.6.5
78152bfff000-78152c000000 rw-p 0006e000 00:21 1348711                    /usr/lib/libncursesw.so.6.5
78152c000000-78152c080000 rw-p 00000000 00:00 0 
78152c080000-781530000000 ---p 00000000 00:00 0 
781530000000-781530021000 rw-p 00000000 00:00 0 
781530021000-781534000000 ---p 00000000 00:00 0 
781534000000-781534083000 rw-p 00000000 00:00 0 
781534083000-781538000000 ---p 00000000 00:00 0 
781538000000-78153808b000 rw-p 00000000 00:00 0 
78153808b000-78153c000000 ---p 00000000 00:00 0 
78153c000000-78153c022000 rw-p 00000000 00:00 0 
78153c022000-781540000000 ---p 00000000 00:00 0 
781540000000-781540021000 rw-p 00000000 00:00 0 
781540021000-781544000000 ---p 00000000 00:00 0 
781544002000-781544004000 rw-s 101665000 00:10 1078                      anon_inode:i915.gem
781544004000-78154400c000 rw-s 100bd9000 00:10 1078                      anon_inode:i915.gem
78154400c000-78154400e000 r--p 00000000 00:21 1022793                    /usr/lib/libpciaccess.so.0.11.1
78154400e000-781544013000 r-xp 00002000 00:21 1022793                    /usr/lib/libpciaccess.so.0.11.1
781544013000-781544015000 r--p 00007000 00:21 1022793                    /usr/lib/libpciaccess.so.0.11.1
781544015000-781544016000 r--p 00008000 00:21 1022793                    /usr/lib/libpciaccess.so.0.11.1
781544016000-781544017000 rw-p 00009000 00:21 1022793                    /usr/lib/libpciaccess.so.0.11.1
781544017000-78154401d000 r--p 00000000 00:21 1022928                    /usr/lib/libedit.so.0.0.75
78154401d000-78154403e000 r-xp 00006000 00:21 1022928                    /usr/lib/libedit.so.0.0.75
78154403e000-78154404b000 r--p 00027000 00:21 1022928                    /usr/lib/libedit.so.0.0.75
78154404b000-78154404d000 r--p 00034000 00:21 1022928                    /usr/lib/libedit.so.0.0.75
78154404d000-78154404e000 rw-p 00036000 00:21 1022928                    /usr/lib/libedit.so.0.0.75
78154404e000-781544051000 rw-p 00000000 00:00 0 
781544051000-781544054000 r--p 00000000 00:21 5479047                    /usr/lib/libdrm_intel.so.1.131.0
781544054000-78154406b000 r-xp 00003000 00:21 5479047                    /usr/lib/libdrm_intel.so.1.131.0
78154406b000-781544074000 r--p 0001a000 00:21 5479047                    /usr/lib/libdrm_intel.so.1.131.0
781544074000-781544075000 r--p 00023000 00:21 5479047                    /usr/lib/libdrm_intel.so.1.131.0
781544075000-781544076000 rw-p 00024000 00:21 5479047                    /usr/lib/libdrm_intel.so.1.131.0
781544076000-781544079000 r--p 00000000 00:21 4223473                    /usr/lib/libelf-0.194.so
781544079000-78154408c000 r-xp 00003000 00:21 4223473                    /usr/lib/libelf-0.194.so
78154408c000-781544090000 r--p 00016000 00:21 4223473                    /usr/lib/libelf-0.194.so
781544090000-781544091000 r--p 0001a000 00:21 4223473                    /usr/lib/libelf-0.194.so
781544091000-781544092000 rw-p 0001b000 00:21 4223473                    /usr/lib/libelf-0.194.so
781544092000-781544095000 r--p 00000000 00:21 5479044                    /usr/lib/libdrm_amdgpu.so.1.131.0
781544095000-78154409b000 r-xp 00003000 00:21 5479044                    /usr/lib/libdrm_amdgpu.so.1.131.0
78154409b000-78154409d000 r--p 00009000 00:21 5479044                    /usr/lib/libdrm_amdgpu.so.1.131.0
78154409d000-78154409e000 r--p 0000a000 00:21 5479044                    /usr/lib/libdrm_amdgpu.so.1.131.0
78154409e000-78154409f000 rw-p 0000b000 00:21 5479044                    /usr/lib/libdrm_amdgpu.so.1.131.0
78154409f000-7815440a0000 r--p 00000000 00:21 1022884                    /usr/lib/libxshmfence.so.1.0.0
7815440a0000-7815440a1000 r-xp 00001000 00:21 1022884                    /usr/lib/libxshmfence.so.1.0.0
7815440a1000-7815440a2000 r--p 00002000 00:21 1022884                    /usr/lib/libxshmfence.so.1.0.0
7815440a2000-7815440a3000 r--p 00002000 00:21 1022884                    /usr/lib/libxshmfence.so.1.0.0
7815440a3000-7815440a4000 rw-p 00003000 00:21 1022884                    /usr/lib/libxshmfence.so.1.0.0
7815440a4000-7815440a7000 r--p 00000000 00:21 1004374                    /usr/lib/libxcb-sync.so.1.0.0
7815440a7000-7815440aa000 r-xp 00003000 00:21 1004374                    /usr/lib/libxcb-sync.so.1.0.0
7815440aa000-7815440ab000 r--p 00006000 00:21 1004374                    /usr/lib/libxcb-sync.so.1.0.0
7815440ab000-7815440ac000 r--p 00007000 00:21 1004374                    /usr/lib/libxcb-sync.so.1.0.0
7815440ac000-7815440ad000 rw-p 00008000 00:21 1004374                    /usr/lib/libxcb-sync.so.1.0.0
7815440ad000-7815440af000 r--p 00000000 00:21 1358871                    /usr/lib/libsensors.so.5.0.0
7815440af000-7815440b7000 r-xp 00002000 00:21 1358871                    /usr/lib/libsensors.so.5.0.0
7815440b7000-7815440bb000 r--p 0000a000 00:21 1358871                    /usr/lib/libsensors.so.5.0.0
7815440bb000-7815440bc000 r--p 0000e000 00:21 1358871                    /usr/lib/libsensors.so.5.0.0
7815440bc000-7815440bd000 rw-p 0000f000 00:21 1358871                    /usr/lib/libsensors.so.5.0.0
7815440bd000-7815440d2000 r--p 00000000 00:21 5484775                    /usr/lib/libSPIRV-Tools.so
7815440d2000-7815441ed000 r-xp 00015000 00:21 5484775                    /usr/lib/libSPIRV-Tools.so
7815441ed000-781544266000 r--p 00130000 00:21 5484775                    /usr/lib/libSPIRV-Tools.so
781544266000-781544269000 r--p 001a8000 00:21 5484775                    /usr/lib/libSPIRV-Tools.so
781544269000-78154426a000 rw-p 001ab000 00:21 5484775                    /usr/lib/libSPIRV-Tools.so
78154426a000-781544276000 r--p 00000000 00:21 1002974                    /usr/lib/libzstd.so.1.5.7
781544276000-78154433c000 r-xp 0000c000 00:21 1002974                    /usr/lib/libzstd.so.1.5.7
78154433c000-78154434d000 r--p 000d2000 00:21 1002974                    /usr/lib/libzstd.so.1.5.7
78154434d000-78154434e000 r--p 000e3000 00:21 1002974                    /usr/lib/libzstd.so.1.5.7
78154434e000-78154434f000 rw-p 000e4000 00:21 1002974                    /usr/lib/libzstd.so.1.5.7
78154434f000-781544352000 r--p 00000000 00:21 1004380                    /usr/lib/libxcb-xfixes.so.0.0.0
781544352000-781544355000 r-xp 00003000 00:21 1004380                    /usr/lib/libxcb-xfixes.so.0.0.0
781544355000-781544356000 r--p 00006000 00:21 1004380                    /usr/lib/libxcb-xfixes.so.0.0.0
781544356000-781544357000 r--p 00007000 00:21 1004380                    /usr/lib/libxcb-xfixes.so.0.0.0
781544357000-781544358000 rw-p 00008000 00:21 1004380                    /usr/lib/libxcb-xfixes.so.0.0.0
781544358000-78154435f000 r--p 00000000 00:21 1004353                    /usr/lib/libxcb-randr.so.0.1.0
78154435f000-781544365000 r-xp 00007000 00:21 1004353                    /usr/lib/libxcb-randr.so.0.1.0
781544365000-781544368000 r--p 0000d000 00:21 1004353                    /usr/lib/libxcb-randr.so.0.1.0
781544368000-781544369000 r--p 00010000 00:21 1004353                    /usr/lib/libxcb-randr.so.0.1.0
781544369000-78154436a000 rw-p 00011000 00:21 1004353                    /usr/lib/libxcb-randr.so.0.1.0
78154436a000-781544370000 r--p 00000000 00:21 5574210                    /usr/lib/libEGL_mesa.so.0.0.0
781544370000-78154439b000 r-xp 00006000 00:21 5574210                    /usr/lib/libEGL_mesa.so.0.0.0
78154439b000-7815443af000 r--p 00031000 00:21 5574210                    /usr/lib/libEGL_mesa.so.0.0.0
7815443af000-7815443bb000 r--p 00045000 00:21 5574210                    /usr/lib/libEGL_mesa.so.0.0.0
7815443bb000-7815443bc000 rw-p 00051000 00:21 5574210                    /usr/lib/libEGL_mesa.so.0.0.0
7815443d0000-7815443d2000 r--p 00000000 00:21 1004344                    /usr/lib/libxcb-dri3.so.0.1.0
7815443d2000-7815443d4000 r-xp 00002000 00:21 1004344                    /usr/lib/libxcb-dri3.so.0.1.0
7815443d4000-7815443d5000 r--p 00004000 00:21 1004344                    /usr/lib/libxcb-dri3.so.0.1.0
7815443d5000-7815443d6000 r--p 00004000 00:21 1004344                    /usr/lib/libxcb-dri3.so.0.1.0
7815443d6000-7815443d7000 rw-p 00005000 00:21 1004344                    /usr/lib/libxcb-dri3.so.0.1.0
78154441b000-78154441d000 r--p 00000000 00:21 3544466                    /usr/lib/libffi.so.8.2.0
78154441d000-781544424000 r-xp 00002000 00:21 3544466                    /usr/lib/libffi.so.8.2.0
781544424000-781544425000 r--p 00009000 00:21 3544466                    /usr/lib/libffi.so.8.2.0
781544425000-781544426000 r--p 0000a000 00:21 3544466                    /usr/lib/libffi.so.8.2.0
781544426000-781544427000 rw-p 0000b000 00:21 3544466                    /usr/lib/libffi.so.8.2.0
781544427000-781544429000 r--p 00000000 00:21 4047303                    /usr/lib/libexpat.so.1.11.1
781544429000-781544447000 r-xp 00002000 00:21 4047303                    /usr/lib/libexpat.so.1.11.1
781544447000-78154444f000 r--p 00020000 00:21 4047303                    /usr/lib/libexpat.so.1.11.1
78154444f000-781544451000 r--p 00028000 00:21 4047303                    /usr/lib/libexpat.so.1.11.1
781544451000-781544452000 rw-p 0002a000 00:21 4047303                    /usr/lib/libexpat.so.1.11.1
781544452000-781544455000 r--p 00000000 00:21 2532346                    /usr/lib/libwayland-client.so.0.24.0
781544455000-78154445c000 r-xp 00003000 00:21 2532346                    /usr/lib/libwayland-client.so.0.24.0
78154445c000-78154445f000 r--p 0000a000 00:21 2532346                    /usr/lib/libwayland-client.so.0.24.0
78154445f000-781544461000 r--p 0000c000 00:21 2532346                    /usr/lib/libwayland-client.so.0.24.0
781544461000-781544462000 rw-p 0000e000 00:21 2532346                    /usr/lib/libwayland-client.so.0.24.0
781544462000-781544467000 r--p 00000000 00:21 5479041                    /usr/lib/libdrm.so.2.131.0
781544467000-781544473000 r-xp 00005000 00:21 5479041                    /usr/lib/libdrm.so.2.131.0
781544473000-781544477000 r--p 00011000 00:21 5479041                    /usr/lib/libdrm.so.2.131.0
781544477000-781544478000 r--p 00015000 00:21 5479041                    /usr/lib/libdrm.so.2.131.0
781544478000-781544479000 rw-p 00016000 00:21 5479041                    /usr/lib/libdrm.so.2.131.0
78154448e000-78154449e000 r--p 00000000 00:21 5740359                    /usr/lib/libnvidia-glsi.so.580.119.02
78154449e000-7815444fe000 r-xp 00010000 00:21 5740359                    /usr/lib/libnvidia-glsi.so.580.119.02
7815444fe000-78154451b000 r--p 00070000 00:21 5740359                    /usr/lib/libnvidia-glsi.so.580.119.02
78154451b000-781544521000 r--p 0008c000 00:21 5740359                    /usr/lib/libnvidia-glsi.so.580.119.02
781544521000-781544522000 rw-p 00092000 00:21 5740359                    /usr/lib/libnvidia-glsi.so.580.119.02
781544522000-78154452a000 rw-p 00000000 00:00 0 
78154452a000-78154455e000 r--p 00000000 00:21 5740321                    /usr/lib/libEGL_nvidia.so.580.119.02
78154455e000-7815445f5000 r-xp 00034000 00:21 5740321                    /usr/lib/libEGL_nvidia.so.580.119.02
7815445f5000-781544649000 r--p 000cb000 00:21 5740321                    /usr/lib/libEGL_nvidia.so.580.119.02
781544649000-78154464a000 ---p 0011f000 00:21 5740321                    /usr/lib/libEGL_nvidia.so.580.119.02
78154464a000-781544652000 r--p 0011f000 00:21 5740321                    /usr/lib/libEGL_nvidia.so.580.119.02
781544652000-781544668000 rw-p 00127000 00:21 5740321                    /usr/lib/libEGL_nvidia.so.580.119.02
781544668000-78154466d000 rw-p 00000000 00:00 0 
78154466d000-78154466f000 r--p 00000000 00:21 1611720                    /usr/lib/libGLdispatch.so.0.0.0
78154466f000-7815446ae000 r-xp 00002000 00:21 1611720                    /usr/lib/libGLdispatch.so.0.0.0
7815446ae000-7815446c1000 r--p 00041000 00:21 1611720                    /usr/lib/libGLdispatch.so.0.0.0
7815446c1000-7815446dd000 r--p 00054000 00:21 1611720                    /usr/lib/libGLdispatch.so.0.0.0
7815446dd000-7815446de000 rw-p 00070000 00:21 1611720                    /usr/lib/libGLdispatch.so.0.0.0
7815446de000-7815446e6000 rw-p 00000000 00:00 0 
7815446e6000-7815446e8000 r--p 00000000 00:21 1611708                    /usr/lib/libEGL.so.1.1.0
7815446e8000-7815446f2000 r-xp 00002000 00:21 1611708                    /usr/lib/libEGL.so.1.1.0
7815446f2000-7815446f6000 r--p 0000c000 00:21 1611708                    /usr/lib/libEGL.so.1.1.0
7815446f6000-7815446f7000 r--p 0000f000 00:21 1611708                    /usr/lib/libEGL.so.1.1.0
7815446f7000-7815446f8000 rw-p 00010000 00:21 1611708                    /usr/lib/libEGL.so.1.1.0
7815446f8000-7815446f9000 ---p 00000000 00:00 0 
7815446f9000-781544ef9000 rw-p 00000000 00:00 0 
781544ef9000-781544efa000 ---p 00000000 00:00 0 
781544efa000-7815456fa000 rw-p 00000000 00:00 0 
7815456fa000-7815456fb000 ---p 00000000 00:00 0 
7815456fb000-7815456ff000 ---p 00000000 00:00 0 
7815456ff000-7815457fb000 rw-p 00000000 00:00 0 
7815457fb000-7815457fc000 ---p 00000000 00:00 0 
7815457fc000-781545ffc000 rw-p 00000000 00:00 0 
781545ffc000-781545ffd000 ---p 00000000 00:00 0 
781545ffd000-7815467fd000 rw-p 00000000 00:00 0 
7815467fd000-7815467fe000 ---p 00000000 00:00 0 
7815467fe000-781546ffe000 rw-p 00000000 00:00 0 
781546ffe000-781546fff000 ---p 00000000 00:00 0 
781546fff000-7815477ff000 rw-p 00000000 00:00 0 
7815477ff000-781547800000 ---p 00000000 00:00 0 
781547800000-781548000000 rw-p 00000000 00:00 0 
781548000000-781548021000 rw-p 00000000 00:00 0 
781548021000-78154c000000 ---p 00000000 00:00 0 
78154c000000-78154c021000 rw-p 00000000 00:00 0 
78154c021000-781550000000 ---p 00000000 00:00 0 
781550000000-78155032b000 rw-p 00000000 00:00 0 
78155032b000-781554000000 ---p 00000000 00:00 0 
781554000000-781554681000 rw-p 00000000 00:00 0 
781554681000-781558000000 ---p 00000000 00:00 0 
781558000000-781558021000 rw-p 00000000 00:00 0 
781558021000-78155c000000 ---p 00000000 00:00 0 
78155c000000-78155c021000 rw-p 00000000 00:00 0 
78155c021000-781560000000 ---p 00000000 00:00 0 
781560000000-781560021000 rw-p 00000000 00:00 0 
781560021000-781564000000 ---p 00000000 00:00 0 
781564000000-781564021000 rw-p 00000000 00:00 0 
781564021000-781568000000 ---p 00000000 00:00 0 
781568000000-781568390000 rw-p 00000000 00:00 0 
781568390000-781568400000 ---p 00000000 00:00 0 
781568400000-781568760000 rw-p 00000000 00:00 0 
781568760000-78156c000000 ---p 00000000 00:00 0 
78156c000000-78156c021000 rw-p 00000000 00:00 0 
78156c021000-781570000000 ---p 00000000 00:00 0 
781570000000-781570021000 rw-p 00000000 00:00 0 
781570021000-781574000000 ---p 00000000 00:00 0 
781574000000-781574021000 rw-p 00000000 00:00 0 
781574021000-781578000000 ---p 00000000 00:00 0 
781578000000-781578021000 rw-p 00000000 00:00 0 
781578021000-78157c000000 ---p 00000000 00:00 0 
78157c000000-78157c021000 rw-p 00000000 00:00 0 
78157c021000-781580000000 ---p 00000000 00:00 0 
781580001000-781580003000 rw-s 101663000 00:10 1078                      anon_inode:i915.gem
781580003000-781580007000 rw-s 103dfb000 00:10 1078                      anon_inode:i915.gem
781580007000-78158000f000 rw-s 1014e2000 00:10 1078                      anon_inode:i915.gem
78158000f000-78158001f000 rw-s 1082cc000 00:10 1078                      anon_inode:i915.gem
78158001f000-78158002f000 rw-s 101653000 00:10 1078                      anon_inode:i915.gem
78158002f000-781580038000 rw-s 00008000 00:01 19112                      /memfd:pipewire-memfd:flags=0x0000000f,type=2,size=65664 (deleted)
781580038000-781580041000 rw-s 00000000 00:01 19112                      /memfd:pipewire-memfd:flags=0x0000000f,type=2,size=65664 (deleted)
781580041000-78158004a000 rw-s 00008000 00:01 19111                      /memfd:pipewire-memfd:flags=0x0000000f,type=2,size=65664 (deleted)
78158004a000-781580053000 rw-s 00000000 00:01 19111                      /memfd:pipewire-memfd:flags=0x0000000f,type=2,size=65664 (deleted)
781580053000-781580055000 r--p 00000000 00:21 5211370                    /usr/lib/spa-0.2/audioconvert/libspa-audioconvert.so
781580055000-7815800ab000 r-xp 00002000 00:21 5211370                    /usr/lib/spa-0.2/audioconvert/libspa-audioconvert.so
7815800ab000-781580112000 r--p 00058000 00:21 5211370                    /usr/lib/spa-0.2/audioconvert/libspa-audioconvert.so
781580112000-781580119000 r--p 000bf000 00:21 5211370                    /usr/lib/spa-0.2/audioconvert/libspa-audioconvert.so
781580119000-78158011c000 rw-p 000c6000 00:21 5211370                    /usr/lib/spa-0.2/audioconvert/libspa-audioconvert.so
78158011c000-78158011e000 r--p 00000000 00:21 5211165                    /usr/lib/pipewire-0.3/libpipewire-module-session-manager.so
78158011e000-78158013b000 r-xp 00002000 00:21 5211165                    /usr/lib/pipewire-0.3/libpipewire-module-session-manager.so
78158013b000-781580140000 r--p 0001f000 00:21 5211165                    /usr/lib/pipewire-0.3/libpipewire-module-session-manager.so
781580140000-781580142000 r--p 00023000 00:21 5211165                    /usr/lib/pipewire-0.3/libpipewire-module-session-manager.so
781580142000-781580143000 rw-p 00025000 00:21 5211165                    /usr/lib/pipewire-0.3/libpipewire-module-session-manager.so
781580143000-781580145000 r--p 00000000 00:21 5211159                    /usr/lib/pipewire-0.3/libpipewire-module-metadata.so
781580145000-78158014e000 r-xp 00002000 00:21 5211159                    /usr/lib/pipewire-0.3/libpipewire-module-metadata.so
78158014e000-781580150000 r--p 0000b000 00:21 5211159                    /usr/lib/pipewire-0.3/libpipewire-module-metadata.so
781580150000-781580151000 r--p 0000c000 00:21 5211159                    /usr/lib/pipewire-0.3/libpipewire-module-metadata.so
781580151000-781580152000 rw-p 0000d000 00:21 5211159                    /usr/lib/pipewire-0.3/libpipewire-module-metadata.so
781580152000-781580155000 r--p 00000000 00:21 5211162                    /usr/lib/pipewire-0.3/libpipewire-module-protocol-native.so
781580155000-781580177000 r-xp 00003000 00:21 5211162                    /usr/lib/pipewire-0.3/libpipewire-module-protocol-native.so
781580177000-781580183000 r--p 00025000 00:21 5211162                    /usr/lib/pipewire-0.3/libpipewire-module-protocol-native.so
781580183000-781580193000 r--p 00030000 00:21 5211162                    /usr/lib/pipewire-0.3/libpipewire-module-protocol-native.so
781580193000-781580194000 rw-p 00040000 00:21 5211162                    /usr/lib/pipewire-0.3/libpipewire-module-protocol-native.so
781580194000-781580195000 ---p 00000000 00:00 0 
781580195000-781580995000 rw-p 00000000 00:00 0 
781580995000-7815809a3000 r--p 00000000 00:21 1308389                    /usr/lib/libdbus-1.so.3.38.3
7815809a3000-7815809d4000 r-xp 0000e000 00:21 1308389                    /usr/lib/libdbus-1.so.3.38.3
7815809d4000-7815809e5000 r--p 0003f000 00:21 1308389                    /usr/lib/libdbus-1.so.3.38.3
7815809e5000-7815809e7000 r--p 0004f000 00:21 1308389                    /usr/lib/libdbus-1.so.3.38.3
7815809e7000-7815809e8000 rw-p 00051000 00:21 1308389                    /usr/lib/libdbus-1.so.3.38.3
7815809e8000-7815809fd000 r--p 00000000 00:21 5573291                    /usr/lib/libsystemd.so.0.42.0
7815809fd000-781580ac1000 r-xp 00015000 00:21 5573291                    /usr/lib/libsystemd.so.0.42.0
781580ac1000-781580b04000 r--p 000d9000 00:21 5573291                    /usr/lib/libsystemd.so.0.42.0
781580b04000-781580b0d000 r--p 0011c000 00:21 5573291                    /usr/lib/libsystemd.so.0.42.0
781580b0d000-781580b0e000 rw-p 00125000 00:21 5573291                    /usr/lib/libsystemd.so.0.42.0
781580b0e000-781580b0f000 rw-p 00000000 00:00 0 
781580b0f000-781580b12000 r--p 00000000 00:21 5211156                    /usr/lib/pipewire-0.3/libpipewire-module-client-node.so
781580b12000-781580b35000 r-xp 00003000 00:21 5211156                    /usr/lib/pipewire-0.3/libpipewire-module-client-node.so
781580b35000-781580b3b000 r--p 00026000 00:21 5211156                    /usr/lib/pipewire-0.3/libpipewire-module-client-node.so
781580b3b000-781580b3d000 r--p 0002c000 00:21 5211156                    /usr/lib/pipewire-0.3/libpipewire-module-client-node.so
781580b3d000-781580b3e000 rw-p 0002e000 00:21 5211156                    /usr/lib/pipewire-0.3/libpipewire-module-client-node.so
781580b3e000-781580b4b000 r--p 00000000 00:21 5211128                    /usr/lib/libpipewire-0.3.so.0.1409.0
781580b4b000-781580bc5000 r-xp 0000d000 00:21 5211128                    /usr/lib/libpipewire-0.3.so.0.1409.0
781580bc5000-781580be1000 r--p 00087000 00:21 5211128                    /usr/lib/libpipewire-0.3.so.0.1409.0
781580be1000-781580bfe000 r--p 000a2000 00:21 5211128                    /usr/lib/libpipewire-0.3.so.0.1409.0
781580bfe000-781580bff000 rw-p 000bf000 00:21 5211128                    /usr/lib/libpipewire-0.3.so.0.1409.0
781580bff000-781580c00000 rw-p 00000000 00:00 0 
781580c00000-781580c97000 r--p 00000000 00:21 4749907                    /usr/lib/libstdc++.so.6.0.34
781580c97000-781580dec000 r-xp 00097000 00:21 4749907                    /usr/lib/libstdc++.so.6.0.34
781580dec000-781580e7e000 r--p 001ec000 00:21 4749907                    /usr/lib/libstdc++.so.6.0.34
781580e7e000-781580e8f000 r--p 0027e000 00:21 4749907                    /usr/lib/libstdc++.so.6.0.34
781580e8f000-781580e90000 rw-p 0028f000 00:21 4749907                    /usr/lib/libstdc++.so.6.0.34
781580e90000-781580e94000 rw-p 00000000 00:00 0 
781580e95000-781580e96000 rw-s 00000000 00:01 22059                      /memfd:xshmfence (deleted)
781580e96000-781580e97000 rw-s 00000000 00:01 18081                      /memfd:xshmfence (deleted)
781580e97000-781580e99000 r--p 00000000 00:21 5211154                    /usr/lib/pipewire-0.3/libpipewire-module-adapter.so
781580e99000-781580e9d000 r-xp 00002000 00:21 5211154                    /usr/lib/pipewire-0.3/libpipewire-module-adapter.so
781580e9d000-781580e9f000 r--p 00006000 00:21 5211154                    /usr/lib/pipewire-0.3/libpipewire-module-adapter.so
781580e9f000-781580ea0000 r--p 00007000 00:21 5211154                    /usr/lib/pipewire-0.3/libpipewire-module-adapter.so
781580ea0000-781580ea1000 rw-p 00008000 00:21 5211154                    /usr/lib/pipewire-0.3/libpipewire-module-adapter.so
781580ea1000-781580ea3000 r--p 00000000 00:21 5211155                    /usr/lib/pipewire-0.3/libpipewire-module-client-device.so
781580ea3000-781580eae000 r-xp 00002000 00:21 5211155                    /usr/lib/pipewire-0.3/libpipewire-module-client-device.so
781580eae000-781580eaf000 r--p 0000d000 00:21 5211155                    /usr/lib/pipewire-0.3/libpipewire-module-client-device.so
781580eaf000-781580eb0000 r--p 0000e000 00:21 5211155                    /usr/lib/pipewire-0.3/libpipewire-module-client-device.so
781580eb0000-781580eb1000 rw-p 0000f000 00:21 5211155                    /usr/lib/pipewire-0.3/libpipewire-module-client-device.so
781580eb1000-781580eb3000 r--p 00000000 00:21 5211163                    /usr/lib/pipewire-0.3/libpipewire-module-rt.so
781580eb3000-781580eb7000 r-xp 00002000 00:21 5211163                    /usr/lib/pipewire-0.3/libpipewire-module-rt.so
781580eb7000-781580eb9000 r--p 00006000 00:21 5211163                    /usr/lib/pipewire-0.3/libpipewire-module-rt.so
781580eb9000-781580eba000 r--p 00007000 00:21 5211163                    /usr/lib/pipewire-0.3/libpipewire-module-rt.so
781580eba000-781580ebb000 rw-p 00008000 00:21 5211163                    /usr/lib/pipewire-0.3/libpipewire-module-rt.so
781580ebb000-781580ec2000 r--s 00000000 00:21 4749867                    /usr/lib/gconv/gconv-modules.cache
781580ec2000-781580ed5000 r--p 00000000 00:36 566                        /tmp/lwjgl_abdenours/3.3.3+5/x64/libopenal.so
781580ed5000-781580f75000 r-xp 00013000 00:36 566                        /tmp/lwjgl_abdenours/3.3.3+5/x64/libopenal.so
781580f75000-781580fd7000 r--p 000b3000 00:36 566                        /tmp/lwjgl_abdenours/3.3.3+5/x64/libopenal.so
781580fd7000-781580fd8000 ---p 00115000 00:36 566                        /tmp/lwjgl_abdenours/3.3.3+5/x64/libopenal.so
781580fd8000-781580fdd000 r--p 00115000 00:36 566                        /tmp/lwjgl_abdenours/3.3.3+5/x64/libopenal.so
781580fdd000-781580fde000 rw-p 0011a000 00:36 566                        /tmp/lwjgl_abdenours/3.3.3+5/x64/libopenal.so
781580fde000-781581059000 rw-p 00000000 00:00 0 
781581059000-781581291000 r--p 00000000 00:36 565                        /tmp/libgdxabdenours/7f47ef07a3b30ad5/libGLESv2.so
781581291000-78158172c000 r-xp 00237000 00:36 565                        /tmp/libgdxabdenours/7f47ef07a3b30ad5/libGLESv2.so
78158172c000-78158176d000 r--p 006d1000 00:36 565                        /tmp/libgdxabdenours/7f47ef07a3b30ad5/libGLESv2.so
78158176d000-7815817a7000 rw-p 00711000 00:36 565                        /tmp/libgdxabdenours/7f47ef07a3b30ad5/libGLESv2.so
7815817a7000-781581dbd000 rw-p 00000000 00:00 0 
781581dbd000-781581dd1000 r--p 00000000 00:36 564                        /tmp/libgdxabdenours/7f47ef07a3b30ad5/libEGL.so
781581dd1000-781581dfa000 r-xp 00013000 00:36 564                        /tmp/libgdxabdenours/7f47ef07a3b30ad5/libEGL.so
781581dfa000-781581dfd000 r--p 0003b000 00:36 564                        /tmp/libgdxabdenours/7f47ef07a3b30ad5/libEGL.so
781581dfd000-781581dfe000 rw-p 0003d000 00:36 564                        /tmp/libgdxabdenours/7f47ef07a3b30ad5/libEGL.so
781581dfe000-781581e00000 rw-p 00000000 00:00 0 
781581e00000-781582600000 rw-p 00000000 00:00 0 
781582600000-781582601000 r--p 00000000 00:21 1004371                    /usr/lib/libxcb-shm.so.0.0.0
781582601000-781582602000 r-xp 00001000 00:21 1004371                    /usr/lib/libxcb-shm.so.0.0.0
781582602000-781582603000 r--p 00002000 00:21 1004371                    /usr/lib/libxcb-shm.so.0.0.0
781582603000-781582604000 r--p 00002000 00:21 1004371                    /usr/lib/libxcb-shm.so.0.0.0
781582604000-781582605000 rw-p 00003000 00:21 1004371                    /usr/lib/libxcb-shm.so.0.0.0
781582605000-781582609000 r--p 00000000 00:21 4749877                    /usr/lib/libgcc_s.so.1
781582609000-78158262c000 r-xp 00004000 00:21 4749877                    /usr/lib/libgcc_s.so.1
78158262c000-781582630000 r--p 00027000 00:21 4749877                    /usr/lib/libgcc_s.so.1
781582630000-781582631000 r--p 0002a000 00:21 4749877                    /usr/lib/libgcc_s.so.1
781582631000-781582632000 rw-p 0002b000 00:21 4749877                    /usr/lib/libgcc_s.so.1
781582632000-781582635000 r--p 00000000 00:21 1023920                    /usr/lib/libXcursor.so.1.0.2
781582635000-78158263b000 r-xp 00003000 00:21 1023920                    /usr/lib/libXcursor.so.1.0.2
78158263b000-78158263d000 r--p 00009000 00:21 1023920                    /usr/lib/libXcursor.so.1.0.2
78158263d000-78158263e000 r--p 0000a000 00:21 1023920                    /usr/lib/libXcursor.so.1.0.2
78158263e000-78158263f000 rw-p 0000b000 00:21 1023920                    /usr/lib/libXcursor.so.1.0.2
78158263f000-781582656000 r--p 00000000 00:21 5782363                    /usr/lib/libX11.so.6.4.0
781582656000-7815826eb000 r-xp 00017000 00:21 5782363                    /usr/lib/libX11.so.6.4.0
7815826eb000-78158277a000 r--p 000ac000 00:21 5782363                    /usr/lib/libX11.so.6.4.0
78158277a000-78158277d000 r--p 0013a000 00:21 5782363                    /usr/lib/libX11.so.6.4.0
78158277d000-781582781000 rw-p 0013d000 00:21 5782363                    /usr/lib/libX11.so.6.4.0
781582781000-781582789000 r--p 00000000 00:36 559                        /tmp/lwjgl_abdenours/3.3.3+5/x64/libjemalloc.so
781582789000-7815827de000 r-xp 00008000 00:36 559                        /tmp/lwjgl_abdenours/3.3.3+5/x64/libjemalloc.so
7815827de000-7815827ee000 r--p 0005d000 00:36 559                        /tmp/lwjgl_abdenours/3.3.3+5/x64/libjemalloc.so
7815827ee000-7815827ef000 ---p 0006d000 00:36 559                        /tmp/lwjgl_abdenours/3.3.3+5/x64/libjemalloc.so
7815827ef000-7815827f5000 r--p 0006d000 00:36 559                        /tmp/lwjgl_abdenours/3.3.3+5/x64/libjemalloc.so
7815827f5000-7815827f6000 rw-p 00073000 00:36 559                        /tmp/lwjgl_abdenours/3.3.3+5/x64/libjemalloc.so
7815827f6000-781582a00000 rw-p 00000000 00:00 0 
781582a00000-781582a20000 r-xp 00000000 00:36 553                        /tmp/libgdxabdenours/da3a4817/libgdx64.so
781582a20000-781582c20000 ---p 00020000 00:36 553                        /tmp/libgdxabdenours/da3a4817/libgdx64.so
781582c20000-781582c21000 r--p 00020000 00:36 553                        /tmp/libgdxabdenours/da3a4817/libgdx64.so
781582c21000-781582c22000 rw-p 00021000 00:36 553                        /tmp/libgdxabdenours/da3a4817/libgdx64.so
781582c22000-781582c23000 r--p 00000000 00:21 1004350                    /usr/lib/libxcb-present.so.0.0.0
781582c23000-781582c24000 r-xp 00001000 00:21 1004350                    /usr/lib/libxcb-present.so.0.0.0
781582c24000-781582c25000 r--p 00002000 00:21 1004350                    /usr/lib/libxcb-present.so.0.0.0
781582c25000-781582c26000 r--p 00002000 00:21 1004350                    /usr/lib/libxcb-present.so.0.0.0
781582c26000-781582c27000 rw-p 00003000 00:21 1004350                    /usr/lib/libxcb-present.so.0.0.0
781582c27000-781582c28000 r--p 00000000 00:21 5211171                    /usr/lib/spa-0.2/support/libspa-dbus.so
781582c28000-781582c2b000 r-xp 00001000 00:21 5211171                    /usr/lib/spa-0.2/support/libspa-dbus.so
781582c2b000-781582c2c000 r--p 00004000 00:21 5211171                    /usr/lib/spa-0.2/support/libspa-dbus.so
781582c2c000-781582c2d000 r--p 00004000 00:21 5211171                    /usr/lib/spa-0.2/support/libspa-dbus.so
781582c2d000-781582c2e000 rw-p 00005000 00:21 5211171                    /usr/lib/spa-0.2/support/libspa-dbus.so
781582c2e000-781582c30000 r--p 00000000 00:21 1010367                    /usr/lib/libXrender.so.1.3.0
781582c30000-781582c37000 r-xp 00002000 00:21 1010367                    /usr/lib/libXrender.so.1.3.0
781582c37000-781582c38000 r--p 00009000 00:21 1010367                    /usr/lib/libXrender.so.1.3.0
781582c38000-781582c39000 r--p 00009000 00:21 1010367                    /usr/lib/libXrender.so.1.3.0
781582c39000-781582c3a000 rw-p 0000a000 00:21 1010367                    /usr/lib/libXrender.so.1.3.0
781582c3a000-781582c3c000 r--p 00000000 00:21 1024400                    /usr/lib/libXrandr.so.2.2.0
781582c3c000-781582c43000 r-xp 00002000 00:21 1024400                    /usr/lib/libXrandr.so.2.2.0
781582c43000-781582c45000 r--p 00009000 00:21 1024400                    /usr/lib/libXrandr.so.2.2.0
781582c45000-781582c46000 r--p 0000a000 00:21 1024400                    /usr/lib/libXrandr.so.2.2.0
781582c46000-781582c47000 rw-p 0000b000 00:21 1024400                    /usr/lib/libXrandr.so.2.2.0
781582c47000-781582c4a000 r--p 00000000 00:21 1009520                    /usr/lib/libXi.so.6.1.0
781582c4a000-781582c56000 r-xp 00003000 00:21 1009520                    /usr/lib/libXi.so.6.1.0
781582c56000-781582c58000 r--p 0000f000 00:21 1009520                    /usr/lib/libXi.so.6.1.0
781582c58000-781582c59000 r--p 00011000 00:21 1009520                    /usr/lib/libXi.so.6.1.0
781582c59000-781582c5a000 rw-p 00012000 00:21 1009520                    /usr/lib/libXi.so.6.1.0
781582c5a000-781582c5e000 r--p 00000000 00:21 1009432                    /usr/lib/libXext.so.6.4.0
781582c5e000-781582c69000 r-xp 00004000 00:21 1009432                    /usr/lib/libXext.so.6.4.0
781582c69000-781582c6d000 r--p 0000f000 00:21 1009432                    /usr/lib/libXext.so.6.4.0
781582c6d000-781582c6e000 r--p 00012000 00:21 1009432                    /usr/lib/libXext.so.6.4.0
781582c6e000-781582c6f000 rw-p 00013000 00:21 1009432                    /usr/lib/libXext.so.6.4.0
781582c6f000-781582c7d000 r--p 00000000 00:36 560                        /tmp/lwjgl_abdenours/3.3.3+5/x64/libglfw.so
781582c7d000-781582c9c000 r-xp 0000e000 00:36 560                        /tmp/lwjgl_abdenours/3.3.3+5/x64/libglfw.so
781582c9c000-781582ccf000 r--p 0002d000 00:36 560                        /tmp/lwjgl_abdenours/3.3.3+5/x64/libglfw.so
781582ccf000-781582cd0000 ---p 00060000 00:36 560                        /tmp/lwjgl_abdenours/3.3.3+5/x64/libglfw.so
781582cd0000-781582cd3000 r--p 00060000 00:36 560                        /tmp/lwjgl_abdenours/3.3.3+5/x64/libglfw.so
781582cd3000-781582cd6000 rw-p 00063000 00:36 560                        /tmp/lwjgl_abdenours/3.3.3+5/x64/libglfw.so
781582cd6000-781582cf9000 rw-p 00000000 00:00 0 
781582cf9000-781582cfa000 ---p 00000000 00:00 0 
781582cfa000-781582cfe000 ---p 00000000 00:00 0 
781582cfe000-781582dfa000 rw-p 00000000 00:00 0 
781582dfa000-781582dfb000 ---p 00000000 00:00 0 
781582dfb000-781582dff000 ---p 00000000 00:00 0 
781582dff000-781582efb000 rw-p 00000000 00:00 0 
781582efb000-781582efc000 ---p 00000000 00:00 0 
781582efc000-781582f00000 ---p 00000000 00:00 0 
781582f00000-781582ffc000 rw-p 00000000 00:00 0 
781582ffc000-781582ffd000 ---p 00000000 00:00 0 
781582ffd000-781583001000 ---p 00000000 00:00 0 
781583001000-7815830fd000 rw-p 00000000 00:00 0 
7815830fd000-7815830fe000 ---p 00000000 00:00 0 
7815830fe000-781583102000 ---p 00000000 00:00 0 
781583102000-7815831fe000 rw-p 00000000 00:00 0 
7815831fe000-7815831ff000 ---p 00000000 00:00 0 
7815831ff000-781583203000 ---p 00000000 00:00 0 
781583203000-7815832ff000 rw-p 00000000 00:00 0 
7815832ff000-781583300000 ---p 00000000 00:00 0 
781583300000-781583304000 ---p 00000000 00:00 0 
781583304000-781583400000 rw-p 00000000 00:00 0 
781583400000-7815836ed000 r--p 00000000 00:21 4749865                    /usr/lib/locale/locale-archive
7815836ed000-7815836ee000 r--p 00000000 00:21 5782360                    /usr/lib/libX11-xcb.so.1.0.0
7815836ee000-7815836ef000 r-xp 00001000 00:21 5782360                    /usr/lib/libX11-xcb.so.1.0.0
7815836ef000-7815836f0000 r--p 00002000 00:21 5782360                    /usr/lib/libX11-xcb.so.1.0.0
7815836f0000-7815836f1000 r--p 00002000 00:21 5782360                    /usr/lib/libX11-xcb.so.1.0.0
7815836f1000-7815836f2000 rw-p 00003000 00:21 5782360                    /usr/lib/libX11-xcb.so.1.0.0
7815836f2000-7815836f3000 r--p 00000000 00:21 1024001                    /usr/lib/libXinerama.so.1.0.0
7815836f3000-7815836f4000 r-xp 00001000 00:21 1024001                    /usr/lib/libXinerama.so.1.0.0
7815836f4000-7815836f5000 r--p 00002000 00:21 1024001                    /usr/lib/libXinerama.so.1.0.0
7815836f5000-7815836f6000 r--p 00002000 00:21 1024001                    /usr/lib/libXinerama.so.1.0.0
7815836f6000-7815836f7000 rw-p 00003000 00:21 1024001                    /usr/lib/libXinerama.so.1.0.0
7815836f7000-7815836f8000 ---p 00000000 00:00 0 
7815836f8000-7815836fc000 ---p 00000000 00:00 0 
7815836fc000-7815837f8000 rw-p 00000000 00:00 0 
7815837f8000-7815837f9000 ---p 00000000 00:00 0 
7815837f9000-7815838f9000 rw-p 00000000 00:00 0 
7815838f9000-7815838fa000 ---p 00000000 00:00 0 
7815838fa000-7815839fa000 rw-p 00000000 00:00 0 
7815839fa000-7815839fb000 ---p 00000000 00:00 0 
7815839fb000-7815839ff000 ---p 00000000 00:00 0 
7815839ff000-781583afb000 rw-p 00000000 00:00 0 
781583afb000-781583afc000 ---p 00000000 00:00 0 
781583afc000-781583bfc000 rw-p 00000000 00:00 0 
781583bfc000-781583bfd000 ---p 00000000 00:00 0 
781583bfd000-781583cfd000 rw-p 00000000 00:00 0 
781583cfd000-781584021000 rw-p 00000000 00:00 0 
781584021000-781588000000 ---p 00000000 00:00 0 
781588000000-781588021000 rw-p 00000000 00:00 0 
781588021000-78158c000000 ---p 00000000 00:00 0 
78158c000000-78158c021000 rw-p 00000000 00:00 0 
78158c021000-781590000000 ---p 00000000 00:00 0 
781590000000-781590001000 rw-s 102a98000 00:10 1078                      anon_inode:i915.gem
781590001000-781590003000 r--p 00000000 00:21 3383373                    /usr/lib/libXfixes.so.3.1.0
781590003000-781590006000 r-xp 00002000 00:21 3383373                    /usr/lib/libXfixes.so.3.1.0
781590006000-781590007000 r--p 00005000 00:21 3383373                    /usr/lib/libXfixes.so.3.1.0
781590007000-781590008000 r--p 00005000 00:21 3383373                    /usr/lib/libXfixes.so.3.1.0
781590008000-781590009000 rw-p 00006000 00:21 3383373                    /usr/lib/libXfixes.so.3.1.0
781590009000-78159000a000 r--p 00000000 00:21 1022894                    /usr/lib/libXxf86vm.so.1.0.0
78159000a000-78159000d000 r-xp 00001000 00:21 1022894                    /usr/lib/libXxf86vm.so.1.0.0
78159000d000-78159000e000 r--p 00004000 00:21 1022894                    /usr/lib/libXxf86vm.so.1.0.0
78159000e000-78159000f000 r--p 00004000 00:21 1022894                    /usr/lib/libXxf86vm.so.1.0.0
78159000f000-781590010000 rw-p 00005000 00:21 1022894                    /usr/lib/libXxf86vm.so.1.0.0
781590010000-781590012000 r--p 00000000 00:21 1004267                    /usr/lib/libXdmcp.so.6.0.0
781590012000-781590014000 r-xp 00002000 00:21 1004267                    /usr/lib/libXdmcp.so.6.0.0
781590014000-781590016000 r--p 00004000 00:21 1004267                    /usr/lib/libXdmcp.so.6.0.0
781590016000-781590017000 r--p 00005000 00:21 1004267                    /usr/lib/libXdmcp.so.6.0.0
781590017000-781590018000 rw-p 00006000 00:21 1004267                    /usr/lib/libXdmcp.so.6.0.0
781590018000-781590019000 r--p 00000000 00:21 1004278                    /usr/lib/libXau.so.6.0.0
781590019000-78159001a000 r-xp 00001000 00:21 1004278                    /usr/lib/libXau.so.6.0.0
78159001a000-78159001b000 r--p 00002000 00:21 1004278                    /usr/lib/libXau.so.6.0.0
78159001b000-78159001c000 r--p 00002000 00:21 1004278                    /usr/lib/libXau.so.6.0.0
78159001c000-78159001d000 rw-p 00003000 00:21 1004278                    /usr/lib/libXau.so.6.0.0
78159001d000-781590029000 r--p 00000000 00:21 1004401                    /usr/lib/libxcb.so.1.1.0
781590029000-78159003d000 r-xp 0000c000 00:21 1004401                    /usr/lib/libxcb.so.1.1.0
78159003d000-781590046000 r--p 00020000 00:21 1004401                    /usr/lib/libxcb.so.1.1.0
781590046000-781590047000 r--p 00028000 00:21 1004401                    /usr/lib/libxcb.so.1.1.0
781590047000-781590048000 rw-p 00029000 00:21 1004401                    /usr/lib/libxcb.so.1.1.0
781590048000-78159004a000 r--p 00000000 00:21 5574218                    /usr/lib/libgbm.so.1.0.0
78159004a000-78159004b000 r-xp 00002000 00:21 5574218                    /usr/lib/libgbm.so.1.0.0
78159004b000-78159004c000 r--p 00003000 00:21 5574218                    /usr/lib/libgbm.so.1.0.0
78159004c000-78159004d000 r--p 00003000 00:21 5574218                    /usr/lib/libgbm.so.1.0.0
78159004d000-78159004e000 rw-p 00004000 00:21 5574218                    /usr/lib/libgbm.so.1.0.0
78159004e000-78159004f000 r--p 00000000 00:21 5211172                    /usr/lib/spa-0.2/support/libspa-journal.so
78159004f000-781590051000 r-xp 00001000 00:21 5211172                    /usr/lib/spa-0.2/support/libspa-journal.so
781590051000-781590052000 r--p 00003000 00:21 5211172                    /usr/lib/spa-0.2/support/libspa-journal.so
781590052000-781590053000 r--p 00003000 00:21 5211172                    /usr/lib/spa-0.2/support/libspa-journal.so
781590053000-781590054000 rw-p 00004000 00:21 5211172                    /usr/lib/spa-0.2/support/libspa-journal.so
781590054000-781590056000 r--p 00000000 00:21 5211173                    /usr/lib/spa-0.2/support/libspa-support.so
781590056000-78159006f000 r-xp 00002000 00:21 5211173                    /usr/lib/spa-0.2/support/libspa-support.so
78159006f000-781590074000 r--p 0001b000 00:21 5211173                    /usr/lib/spa-0.2/support/libspa-support.so
781590074000-781590076000 r--p 00020000 00:21 5211173                    /usr/lib/spa-0.2/support/libspa-support.so
781590076000-781590077000 rw-p 00022000 00:21 5211173                    /usr/lib/spa-0.2/support/libspa-support.so
781590077000-7815900a0000 r--p 00000000 00:36 558                        /tmp/lwjgl_abdenours/3.3.3+5/x64/liblwjgl.so
7815900a0000-7815900d2000 r-xp 00029000 00:36 558                        /tmp/lwjgl_abdenours/3.3.3+5/x64/liblwjgl.so
7815900d2000-7815900eb000 r--p 0005b000 00:36 558                        /tmp/lwjgl_abdenours/3.3.3+5/x64/liblwjgl.so
7815900eb000-7815900ec000 r--p 00073000 00:36 558                        /tmp/lwjgl_abdenours/3.3.3+5/x64/liblwjgl.so
7815900ec000-7815900ed000 rw-p 00074000 00:36 558                        /tmp/lwjgl_abdenours/3.3.3+5/x64/liblwjgl.so
7815900ed000-7815900f9000 r-xp 00000000 00:21 4164584                    /opt/jdk-25/lib/libnet.so
7815900f9000-7815900fa000 r--p 0000b000 00:21 4164584                    /opt/jdk-25/lib/libnet.so
7815900fa000-7815900fb000 rw-p 0000c000 00:21 4164584                    /opt/jdk-25/lib/libnet.so
7815900fb000-781592600000 rw-p 00000000 00:00 0 
781592600000-781592601000 rw-s 1050b0000 00:10 1078                      anon_inode:i915.gem
781592601000-781592602000 rw-s 103ebc000 00:10 1078                      anon_inode:i915.gem
781592602000-781592603000 rw-s 00000000 00:01 3104                       /memfd:pipewire-memfd:flags=0x0000000f,type=2,size=2312 (deleted)
781592603000-78159260a000 r-xp 00000000 00:21 4164594                    /opt/jdk-25/lib/libzip.so
78159260a000-78159260b000 ---p 00007000 00:21 4164594                    /opt/jdk-25/lib/libzip.so
78159260b000-78159260c000 r--p 00007000 00:21 4164594                    /opt/jdk-25/lib/libzip.so
78159260c000-78159260d000 rw-p 00008000 00:21 4164594                    /opt/jdk-25/lib/libzip.so
78159260d000-78159264b000 r-xp 00000000 00:21 4164590                    /opt/jdk-25/lib/libsimdsort.so
78159264b000-78159264c000 ---p 0003e000 00:21 4164590                    /opt/jdk-25/lib/libsimdsort.so
78159264c000-78159264d000 r--p 0003e000 00:21 4164590                    /opt/jdk-25/lib/libsimdsort.so
78159264d000-78159264e000 rw-p 0003f000 00:21 4164590                    /opt/jdk-25/lib/libsimdsort.so
78159264e000-7815926cf000 rw-p 00000000 00:00 0 
7815926cf000-7815926d0000 ---p 00000000 00:00 0 
7815926d0000-7815927d0000 rw-p 00000000 00:00 0 
7815927d0000-7815929b8000 rw-p 00000000 00:00 0 
7815929b8000-7815945f8000 ---p 00000000 00:00 0 
7815945f8000-781594600000 rw-p 00000000 00:00 0 
781594600000-781594870000 rwxp 00000000 00:00 0 
781594870000-78159bb37000 ---p 00000000 00:00 0 
78159bb37000-78159bda7000 rwxp 00000000 00:00 0 
78159bda7000-78159c0c8000 ---p 00000000 00:00 0 
78159c0c8000-78159c338000 rwxp 00000000 00:00 0 
78159c338000-7815a3600000 ---p 00000000 00:00 0 
7815a3600000-7815abea3000 r--s 00000000 00:21 4164595                    /opt/jdk-25/lib/modules
7815abea3000-7815abea4000 rw-s 00000000 00:01 20078                      /memfd:pipewire-memfd:flags=0x0000000f,type=2,size=4096 (deleted)
7815abea4000-7815abeff000 rw-p 00000000 00:00 0 
7815abeff000-7815abf00000 ---p 00000000 00:00 0 
7815abf00000-7815ac000000 rw-p 00000000 00:00 0 
7815ac000000-7815ad4fb000 rw-p 00000000 00:00 0 
7815ad4fb000-7815b0000000 ---p 00000000 00:00 0 
7815b0000000-7815b0001000 rw-s 00000000 00:01 20077                      /memfd:pipewire-memfd:flags=0x0000000f,type=2,size=2312 (deleted)
7815b0001000-7815b0002000 rw-s 00000000 00:01 23039                      /memfd:pipewire-memfd:flags=0x0000000f,type=2,size=2312 (deleted)
7815b0002000-7815b0016000 r-xp 00000000 00:21 4164585                    /opt/jdk-25/lib/libnio.so
7815b0016000-7815b0017000 r--p 00013000 00:21 4164585                    /opt/jdk-25/lib/libnio.so
7815b0017000-7815b0018000 rw-p 00014000 00:21 4164585                    /opt/jdk-25/lib/libnio.so
7815b0018000-7815b0019000 ---p 00000000 00:00 0 
7815b0019000-7815b0119000 rw-p 00000000 00:00 0 
7815b0119000-7815b01d3000 rw-p 00000000 00:00 0 
7815b01d3000-7815b055b000 ---p 00000000 00:00 0 
7815b055b000-7815b0599000 rw-p 00000000 00:00 0 
7815b0599000-7815b0921000 ---p 00000000 00:00 0 
7815b0921000-7815b112f000 rw-p 00000000 00:00 0 
7815b112f000-7815b1215000 ---p 00000000 00:00 0 
7815b1215000-7815b121a000 rw-p 00000000 00:00 0 
7815b121a000-7815b1300000 ---p 00000000 00:00 0 
7815b1300000-7815b1304000 ---p 00000000 00:00 0 
7815b1304000-7815b1400000 rw-p 00000000 00:00 0 
7815b1400000-7815b28dd000 r-xp 00000000 00:21 4164608                    /opt/jdk-25/lib/server/libjvm.so
7815b28dd000-7815b28de000 ---p 014dd000 00:21 4164608                    /opt/jdk-25/lib/server/libjvm.so
7815b28de000-7815b29c4000 r--p 014dd000 00:21 4164608                    /opt/jdk-25/lib/server/libjvm.so
7815b29c4000-7815b29ed000 rw-p 015c3000 00:21 4164608                    /opt/jdk-25/lib/server/libjvm.so
7815b29ed000-7815b2aaa000 rw-p 00000000 00:00 0 
7815b2aaa000-7815b2aaf000 rw-p 00000000 00:00 0 
7815b2aaf000-7815b2ab6000 ---p 00000000 00:00 0 
7815b2ab6000-7815b2ad6000 r-xp 00000000 00:21 4164570                    /opt/jdk-25/lib/libjava.so
7815b2ad6000-7815b2ad7000 r--p 0001f000 00:21 4164570                    /opt/jdk-25/lib/libjava.so
7815b2ad7000-7815b2ad8000 rw-p 00020000 00:21 4164570                    /opt/jdk-25/lib/libjava.so
7815b2ad8000-7815b2ad9000 rw-p 00000000 00:00 0 
7815b2ad9000-7815b2ae8000 r--p 00000000 00:21 4749158                    /usr/lib/libm.so.6
7815b2ae8000-7815b2b73000 r-xp 0000f000 00:21 4749158                    /usr/lib/libm.so.6
7815b2b73000-7815b2be5000 r--p 0009a000 00:21 4749158                    /usr/lib/libm.so.6
7815b2be5000-7815b2be6000 r--p 0010b000 00:21 4749158                    /usr/lib/libm.so.6
7815b2be6000-7815b2be7000 rw-p 0010c000 00:21 4749158                    /usr/lib/libm.so.6
7815b2be7000-7815b2bea000 r--p 00000000 00:21 994070                     /usr/lib/libz.so.1.3.1
7815b2bea000-7815b2bf8000 r-xp 00003000 00:21 994070                     /usr/lib/libz.so.1.3.1
7815b2bf8000-7815b2bfe000 r--p 00011000 00:21 994070                     /usr/lib/libz.so.1.3.1
7815b2bfe000-7815b2bff000 r--p 00017000 00:21 994070                     /usr/lib/libz.so.1.3.1
7815b2bff000-7815b2c00000 rw-p 00018000 00:21 994070                     /usr/lib/libz.so.1.3.1
7815b2c00000-7815b2c24000 r--p 00000000 00:21 4749148                    /usr/lib/libc.so.6
7815b2c24000-7815b2d95000 r-xp 00024000 00:21 4749148                    /usr/lib/libc.so.6
7815b2d95000-7815b2e04000 r--p 00195000 00:21 4749148                    /usr/lib/libc.so.6
7815b2e04000-7815b2e08000 r--p 00203000 00:21 4749148                    /usr/lib/libc.so.6
7815b2e08000-7815b2e0a000 rw-p 00207000 00:21 4749148                    /usr/lib/libc.so.6
7815b2e0a000-7815b2e13000 rw-p 00000000 00:00 0 
7815b2e13000-7815b2e14000 rw-p 00000000 00:00 0 
7815b2e14000-7815b2e15000 rw-p 00000000 00:00 0 
7815b2e15000-7815b2e16000 r-xp 00059000 00:36 558                        /tmp/lwjgl_abdenours/3.3.3+5/x64/liblwjgl.so
7815b2e16000-7815b2e17000 rw-p 00000000 00:00 0 
7815b2e17000-7815b2e18000 r--p 00000000 00:21 4749180                    /usr/lib/librt.so.1
7815b2e18000-7815b2e19000 r-xp 00001000 00:21 4749180                    /usr/lib/librt.so.1
7815b2e19000-7815b2e1a000 r--p 00002000 00:21 4749180                    /usr/lib/librt.so.1
7815b2e1a000-7815b2e1b000 r--p 00002000 00:21 4749180                    /usr/lib/librt.so.1
7815b2e1b000-7815b2e1c000 rw-p 00003000 00:21 4749180                    /usr/lib/librt.so.1
7815b2e1c000-7815b2e20000 rw-p 00000000 00:00 0 
7815b2e20000-7815b2e21000 r--p 00000000 00:21 4749175                    /usr/lib/libpthread.so.0
7815b2e21000-7815b2e22000 r-xp 00001000 00:21 4749175                    /usr/lib/libpthread.so.0
7815b2e22000-7815b2e23000 r--p 00002000 00:21 4749175                    /usr/lib/libpthread.so.0
7815b2e23000-7815b2e24000 r--p 00002000 00:21 4749175                    /usr/lib/libpthread.so.0
7815b2e24000-7815b2e25000 rw-p 00003000 00:21 4749175                    /usr/lib/libpthread.so.0
7815b2e25000-7815b2e26000 r--p 00000000 00:21 4749153                    /usr/lib/libdl.so.2
7815b2e26000-7815b2e27000 r-xp 00001000 00:21 4749153                    /usr/lib/libdl.so.2
7815b2e27000-7815b2e28000 r--p 00002000 00:21 4749153                    /usr/lib/libdl.so.2
7815b2e28000-7815b2e29000 r--p 00002000 00:21 4749153                    /usr/lib/libdl.so.2
7815b2e29000-7815b2e2a000 rw-p 00003000 00:21 4749153                    /usr/lib/libdl.so.2
7815b2e2a000-7815b2e32000 rw-s 00000000 00:36 19339                      /tmp/hsperfdata_abdenours/107456 (deleted)
7815b2e32000-7815b2e33000 ---p 00000000 00:00 0 
7815b2e33000-7815b2e34000 r--p 00000000 00:00 0 
7815b2e34000-7815b2e35000 ---p 00000000 00:00 0 
7815b2e35000-7815b2e55000 r-xp 00000000 00:21 4164574                    /opt/jdk-25/lib/libjimage.so
7815b2e55000-7815b2e56000 ---p 00020000 00:21 4164574                    /opt/jdk-25/lib/libjimage.so
7815b2e56000-7815b2e58000 r--p 00020000 00:21 4164574                    /opt/jdk-25/lib/libjimage.so
7815b2e58000-7815b2e59000 rw-p 00022000 00:21 4164574                    /opt/jdk-25/lib/libjimage.so
7815b2e59000-7815b2e68000 r-xp 00000000 00:21 4164575                    /opt/jdk-25/lib/libjli.so
7815b2e68000-7815b2e69000 r--p 0000e000 00:21 4164575                    /opt/jdk-25/lib/libjli.so
7815b2e69000-7815b2e6a000 rw-p 0000f000 00:21 4164575                    /opt/jdk-25/lib/libjli.so
7815b2e6a000-7815b2e6c000 rw-p 00000000 00:00 0 
7815b2e6c000-7815b2e70000 r--p 00000000 00:00 0                          [vvar]
7815b2e70000-7815b2e72000 r-xp 00000000 00:00 0                          [vdso]
7815b2e72000-7815b2e73000 r--p 00000000 00:21 4749139                    /usr/lib/ld-linux-x86-64.so.2
7815b2e73000-7815b2e9d000 r-xp 00001000 00:21 4749139                    /usr/lib/ld-linux-x86-64.so.2
7815b2e9d000-7815b2eab000 r--p 0002b000 00:21 4749139                    /usr/lib/ld-linux-x86-64.so.2
7815b2eab000-7815b2ead000 r--p 00039000 00:21 4749139                    /usr/lib/ld-linux-x86-64.so.2
7815b2ead000-7815b2eae000 rw-p 0003b000 00:21 4749139                    /usr/lib/ld-linux-x86-64.so.2
7815b2eae000-7815b2eaf000 rw-p 00000000 00:00 0 
7ffd9ce33000-7ffd9ce56000 rw-p 00000000 00:00 0                          [stack]
ffffffffff600000-ffffffffff601000 --xp 00000000 00:00 0                  [vsyscall]
Total number of mappings: 682

JVMTI agents: none


VM Arguments:
jvm_args: -Dfile.encoding=UTF-8 -Duser.country=US -Duser.language=en -Duser.variant 
java_command: com.mygdx.game.lwjgl3.Lwjgl3Launcher
java_class_path (initial): /home/abdenours/Desktop/friend_graphics_test/lwjgl3/build/classes/java/main:/home/abdenours/Desktop/friend_graphics_test/lwjgl3/build/resources/main:/home/abdenours/.gradle/caches/modules-2/files-2.1/com.badlogicgames.gdx/gdx-backend-lwjgl3/1.14.0/122cf51d4a3bcd4e14e8fbd16ae2b65f27fe2d57/gdx-backend-lwjgl3-1.14.0.jar:/home/abdenours/.gradle/caches/modules-2/files-2.1/com.badlogicgames.gdx/gdx-lwjgl3-angle/1.14.0/f15d8d7ec09ef7486490f05f098ab57b4d318073/gdx-lwjgl3-angle-1.14.0.jar:/home/abdenours/.gradle/caches/modules-2/files-2.1/com.badlogicgames.gdx/gdx-platform/1.14.0/d0ecc53f2c20576f1ba4ac9ba157cf48f7bd9821/gdx-platform-1.14.0-natives-desktop.jar:/home/abdenours/Desktop/friend_graphics_test/core/build/libs/core-1.0.0.jar:/home/abdenours/.gradle/caches/modules-2/files-2.1/com.badlogicgames.gdx/gdx/1.14.0/8accfce8d9313d9ddd23a2c9e315179783085ef2/gdx-1.14.0.jar:/home/abdenours/.gradle/caches/modules-2/files-2.1/org.lwjgl/lwjgl-glfw/3.3.3/efa1eb78c5ccd840e9f329717109b5e892d72f8e/lwjgl-glfw-3.3.3.jar:/home/abdenours/.gradle/caches/modules-2/files-2.1/org.lwjgl/lwjgl-glfw/3.3.3/a03684c5e4b1b1dbbe0d29dbbdc27b985b6840f2/lwjgl-glfw-3.3.3-natives-linux.jar:/home/abdenours/.gradle/caches/modules-2/files-2.1/org.lwjgl/lwjgl-glfw/3.3.3/d9af485c32545b37dd5359b163161d42d7534dcf/lwjgl-glfw-3.3.3-natives-linux-arm32.jar:/home/abdenours/.gradle/caches/modules-2/files-2.1/org.lwjgl/lwjgl-glfw/3.3.3/492a0f11f85b85899a6568f07511160c1b87cd38/lwjgl-glfw-3.3.3-natives-linux-arm64.jar:/home/abdenours/.gradle/caches/modules-2/files-2.1/org.lwjgl/lwjgl-glfw/3.3.3/a1bf400f6bc64e6195596cb1430dafda46090751/lwjgl-glfw-3.3.3-natives-macos.jar:/home/abdenours/.gradle/caches/modules-2/files-2.1/org.lwjgl/lwjgl-glfw/3.3.3/ee8cc78d0a4a5b3b4600fade6d927c9fc320c858/lwjgl-glfw-3.3.3-natives-macos-arm64.jar:/home/abdenours/.gradle/caches/modules-2/files-2.1/org.lwjgl/lwjgl-glfw/3.3.3/e449e28b4891fc423c54c85fbc5bb0b9efece67a/lwjgl-glfw-3.3.3-natives-windows.jar:/home/abdenours/.gradle/caches/modules-2/files-2.1/org.lwjgl/lwjgl-glfw/3.3.3/32334f3fd5270a59bad9939a93115acb6de36dcf/lwjgl-glfw-3.3.3-natives-windows-x86.jar:/home/abdenours/.gradle/caches/modules-2/files-2.1/org.lwjgl/lwjgl-jemalloc/3.3.3/b543467b7ff3c6920539a88ee602d34098628be5/lwjgl-jemalloc-3.3.3.jar:/home/abdenours/.gradle/caches/modules-2/files-2.1/org.lwjgl/lwjgl-jemalloc/3.3.3/4f86728bf449b1dd61251c4e0ac01df1389cb51e/lwjgl-jemalloc-3.3.3-natives-linux.jar:/home/abdenours/.gradle/caches/modules-2/files-2.1/org.lwjgl/lwjgl-jemalloc/3.3.3/109b6931880d02d4e65ced38928a16e41d19873e/lwjgl-jemalloc-3.3.3-natives-linux-arm32.jar:/home/abdenours/.gradle/caches/modules-2/files-2.1/org.lwjgl/lwjgl-jemalloc/3.3.3/eff8b86798191192fe2cba2dc2776109f30c239d/lwjgl-jemalloc-3.3.3-natives-linux-arm64.jar:/home/abdenours/.gradle/caches/modules-2/files-2.1/org.lwjgl/lwjgl-jemalloc/3.3.3/2906637657a57579847238c9c72d2c4bde7083f8/lwjgl-jemalloc-3.3.3-natives-macos.jar:/home/abdenours/.gradle/caches/modules-2/files-2.1/org.lwjgl/lwjgl-jemalloc/3.3.3/e9412c3ff8cb3a3bad1d3f52909ad74d8a5bdad1/lwjgl-jemalloc-3.3.3-natives-macos-arm64.jar:/home/abdenours/.gradle/caches/modules-2/files-2.1/org.lwjgl/lwjgl-jemalloc/3.3.3/426222fc027602a5f21b9c0fe79cde6a4c7a011f/lwjgl-jemalloc-3.3.3-natives-windows.jar:/home/abdenours/.gradle/caches/modules-2/files-2.1/org.lwjgl/lwjgl-jemalloc/3.3.3/f6063b6e0f23be483c5c88d84ce51b39dc69126c/lwjgl-jemalloc-3.3.3-natives-windows-x86.jar:/home/abdenours/.gradle/caches/modules-2/files-2.1/org.lwjgl/lwjgl-openal/3.3.3/daada81ceb5fc0c291fbfdd4433cb8d9423577f2/lwjgl-openal-3.3.3.jar:/home/abdenours/.gradle/caches/modules-2/files-2.1/org.lwjgl/lwjgl-openal/3.3.3/3037360cc4595079bea240af250b6d1a527e0905/lwjgl-openal-3.3.3-natives-linux.jar:/home/abdenours/.gradle/caches/modules-2/files-2.1/org.lwjgl/lwjgl-openal/3.3.3/e1702aa09d20359d6cf5cb2999fa7685a785eca7/lwjgl-openal-3.3.3-natives-linux-arm32.jar:/home/abdenours/.gradle/caches/modules-2/files-2.1/org.lwjgl/lwjgl-openal/3.3.3/ad8f302118a65bb8d615f8a2a680db58fb8f835e/lwjgl-openal-3.3.3-natives-linux-arm64.jar:/home/abdenours/.gradle/caches/modules-2/files-2.1/org.lwjgl/lwjgl-openal/3.3.3/8df8338bfa77f2ebabef4e58964bd04d24805cbf/lwjgl-openal-3.3.3-natives-macos.jar:/home/abdenours/.gradle/caches/modules-2/files-2.1/org.lwjgl/lwjgl-openal/3.3.3/c78b078de2fb52f45aa55d04db889a560f3544f/lwjgl-openal-3.3.3-natives-macos-arm64.jar:/home/abdenours/.gradle/caches/modules-2/files-2.1/org.lwjgl/lwjgl-openal/3.3.3/cf83862ae95d98496b26915024c7e666d8ab1c8f/lwjgl-openal-3.3.3-natives-windows.jar:/home/abdenours/.gradle/caches/modules-2/files-2.1/org.lwjgl/lwjgl-openal/3.3.3/87b8d5050e3adb46bb58fe1cb2669a4a48fce10d/lwjgl-openal-3.3.3-natives-windows-x86.jar:/home/abdenours/.gradle/caches/modules-2/files-2.1/org.lwjgl/lwjgl-opengl/3.3.3/2f6b0147078396a58979125a4c947664e98293a/lwjgl-opengl-3.3.3.jar:/home/abdenours/.gradle/caches/modules-2/files-2.1/org.lwjgl/lwjgl-opengl/3.3.3/62c70a4b00ca5391882b0f4b787c1588d24f1c86/lwjgl-opengl-3.3.3-natives-linux.jar:/home/abdenours/.gradle/caches/modules-2/files-2.1/org.lwjgl/lwjgl-opengl/3.3.3/dbba17fc5ac0985d14a57c11f9537617d67b9952/lwjgl-opengl-3.3.3-natives-linux-arm32.jar:/home/abdenours/.gradle/caches/modules-2/files-2.1/org.lwjgl/lwjgl-opengl/3.3.3/2096f6b94b2d68745d858fbfe53aacf5f0c8074c/lwjgl-opengl-3.3.3-natives-linux-arm64.jar:/home/abdenours/.gradle/caches/modules-2/files-2.1/org.lwjgl/lwjgl-opengl/3.3.3/1bd45997551ae8a28469f3a2b678f4b7289e12c0/lwjgl-opengl-3.3.3-natives-macos.jar:/home/abdenours/.gradle/caches/modules-2/files-2.1/org.lwjgl/lwjgl-opengl/3.3.3/d213ddef27637b1af87961ffa94d6b27036becc8/lwjgl-opengl-3.3.3-natives-macos-arm64.jar:/home/abdenours/.gradle/caches/modules-2/files-2.1/org.lwjgl/lwjgl-opengl/3.3.3/e6c1eec8be8a71951b830a4d69efc01c6531900c/lwjgl-opengl-3.3.3-natives-windows.jar:/home/abdenours/.gradle/caches/modules-2/files-2.1/org.lwjgl/lwjgl-opengl/3.3.3/d32d833dcaa2f355a886eaf21f0408b5f03241d/lwjgl-opengl-3.3.3-natives-windows-x86.jar:/home/abdenours/.gradle/caches/modules-2/files-2.1/org.lwjgl/lwjgl-stb/3.3.3/25dd6161988d7e65f71d5065c99902402ee32746/lwjgl-stb-3.3.3.jar:/home/abdenours/.gradle/caches/modules-2/files-2.1/org.lwjgl/lwjgl-stb/3.3.3/fd1271ccd9d85eff2fa31f3fd543e02ccfaf5041/lwjgl-stb-3.3.3-natives-linux.jar:/home/abdenours/.gradle/caches/modules-2/files-2.1/org.lwjgl/lwjgl-stb/3.3.3/1ae28ff044699ff29b0e980ffabd73fba8a664b3/lwjgl-stb-3.3.3-natives-linux-arm32.jar:/home/abdenours/.gradle/caches/modules-2/files-2.1/org.lwjgl/lwjgl-stb/3.3.3/ddc177afc2be1ee8d93684b11363b80589a13fe1/lwjgl-stb-3.3.3-natives-linux-arm64.jar:/home/abdenours/.gradle/caches/modules-2/files-2.1/org.lwjgl/lwjgl-stb/3.3.3/472792c98fb2c1557c060cb9da5fca6a9773621f/lwjgl-stb-3.3.3-natives-macos.jar:/home/abdenours/.gradle/caches/modules-2/files-2.1/org.lwjgl/lwjgl-stb/3.3.3/51c6955571fbcdb7bb538c6aa589b953b584c6af/lwjgl-stb-3.3.3-natives-macos-arm64.jar:/home/abdenours/.gradle/caches/modules-2/files-2.1/org.lwjgl/lwjgl-stb/3.3.3/1d9facdf6541de114b0f963be33505b7679c78cb/lwjgl-stb-3.3.3-natives-windows.jar:/home/abdenours/.gradle/caches/modules-2/files-2.1/org.lwjgl/lwjgl-stb/3.3.3/b5c874687b9aac1a936501d4ed2c49567fd1b575/lwjgl-stb-3.3.3-natives-windows-x86.jar:/home/abdenours/.gradle/caches/modules-2/files-2.1/org.lwjgl/lwjgl-opengles/3.3.3/b3a29ff95bdb320122839741a3723338e6ecfa28/lwjgl-opengles-3.3.3.jar:/home/abdenours/.gradle/caches/modules-2/files-2.1/org.lwjgl/lwjgl-opengles/3.3.3/d59211c8746d50cfb610bd38f8d817a94fbdf013/lwjgl-opengles-3.3.3-natives-linux.jar:/home/abdenours/.gradle/caches/modules-2/files-2.1/org.lwjgl/lwjgl-opengles/3.3.3/8b0c02692d6f869dee1060f290fd157f05dfa999/lwjgl-opengles-3.3.3-natives-linux-arm32.jar:/home/abdenours/.gradle/caches/modules-2/files-2.1/org.lwjgl/lwjgl-opengles/3.3.3/af05595560d4ae6117242ca051e5ae4f27aea9e3/lwjgl-opengles-3.3.3-natives-linux-arm64.jar:/home/abdenours/.gradle/caches/modules-2/files-2.1/org.lwjgl/lwjgl-opengles/3.3.3/d6a20b1f204e48989d994923f4f5131c55424844/lwjgl-opengles-3.3.3-natives-macos.jar:/home/abdenours/.gradle/caches/modules-2/files-2.1/org.lwjgl/lwjgl-opengles/3.3.3/5aeb20635f6d20f2f7f69fe9c05cab831e574b8c/lwjgl-opengles-3.3.3-natives-macos-arm64.jar:/home/abdenours/.gradle/caches/modules-2/files-2.1/org.lwjgl/lwjgl-opengles/3.3.3/22939720fc2737b419dd52db84b8c56bcfab3aac/lwjgl-opengles-3.3.3-natives-windows.jar:/home/abdenours/.gradle/caches/modules-2/files-2.1/org.lwjgl/lwjgl-opengles/3.3.3/331b739ab66790449888e553052ecb051f37ad3f/lwjgl-opengles-3.3.3-natives-windows-x86.jar:/home/abdenours/.gradle/caches/modules-2/files-2.1/org.lwjgl/lwjgl-egl/3.3.3/2f0d613e3f769577548f08b11ae9b7571980aeb1/lwjgl-egl-3.3.3.jar:/home/abdenours/.gradle/caches/modules-2/files-2.1/org.lwjgl/lwjgl/3.3.3/29589b5f87ed335a6c7e7ee6a5775f81f97ecb84/lwjgl-3.3.3.jar:/home/abdenours/.gradle/caches/modules-2/files-2.1/org.lwjgl/lwjgl/3.3.3/1713758e3660ba66e1e954396fd18126038b33c0/lwjgl-3.3.3-natives-linux.jar:/home/abdenours/.gradle/caches/modules-2/files-2.1/org.lwjgl/lwjgl/3.3.3/2075c51a80f0ef0f22ba616ba54007ac2b0debd4/lwjgl-3.3.3-natives-linux-arm32.jar:/home/abdenours/.gradle/caches/modules-2/files-2.1/org.lwjgl/lwjgl/3.3.3/f35d8b6ffe1ac1e3a5eb1d4e33de80f044ad5fd8/lwjgl-3.3.3-natives-linux-arm64.jar:/home/abdenours/.gradle/caches/modules-2/files-2.1/org.lwjgl/lwjgl/3.3.3/33a6efa288390490ce6eb6c3df47ac21ecf648cf/lwjgl-3.3.3-natives-macos.jar:/home/abdenours/.gradle/caches/modules-2/files-2.1/org.lwjgl/lwjgl/3.3.3/226246e75f6bd8d4e1895bdce8638ef87808d114/lwjgl-3.3.3-natives-macos-arm64.jar:/home/abdenours/.gradle/caches/modules-2/files-2.1/org.lwjgl/lwjgl/3.3.3/a5ed18a2b82fc91b81f40d717cb1f64c9dcb0540/lwjgl-3.3.3-natives-windows.jar:/home/abdenours/.gradle/caches/modules-2/files-2.1/org.lwjgl/lwjgl/3.3.3/9e670718e050aeaeea0c2d5b907cffb142f2e58f/lwjgl-3.3.3-natives-windows-x86.jar:/home/abdenours/.gradle/caches/modules-2/files-2.1/com.badlogicgames.jlayer/jlayer/1.0.1-gdx/7cca83cec5c1b2f011362f4d85aabd71a73b049d/jlayer-1.0.1-gdx.jar:/home/abdenours/.gradle/caches/modules-2/files-2.1/org.jcraft/jorbis/0.0.17/8872d22b293e8f5d7d56ff92be966e6dc28ebdc6/jorbis-0.0.17.jar:/home/abdenours/.gradle/caches/modules-2/files-2.1/com.badlogicgames.gdx/gdx-jnigen-loader/2.5.2/f35e90affe07c46b4f5e5958a1a4c1820c4890e2/gdx-jnigen-loader-2.5.2.jar
Launcher Type: SUN_STANDARD

[Global flags]
     intx CICompilerCount                          = 4                                         {product} {ergonomic}
     uint ConcGCThreads                            = 2                                         {product} {ergonomic}
     uint G1ConcRefinementThreads                  = 8                                         {product} {ergonomic}
   size_t G1HeapRegionSize                         = 1048576                                   {product} {ergonomic}
   size_t InitialHeapSize                          = 127926272                                 {product} {ergonomic}
   size_t MarkStackSize                            = 4194304                                   {product} {ergonomic}
   size_t MarkStackSizeMax                         = 536870912                                 {product} {ergonomic}
   size_t MaxHeapSize                              = 2025848832                                {product} {ergonomic}
   size_t MaxNewSize                               = 1215299584                                {product} {ergonomic}
   size_t MinHeapDeltaBytes                        = 1048576                                   {product} {ergonomic}
   size_t MinHeapSize                              = 8388608                                   {product} {ergonomic}
    uintx NonNMethodCodeHeapSize                   = 5836800                                {pd product} {ergonomic}
    uintx NonProfiledCodeHeapSize                  = 122912768                              {pd product} {ergonomic}
    uintx ProfiledCodeHeapSize                     = 122908672                              {pd product} {ergonomic}
    uintx ReservedCodeCacheSize                    = 251658240                              {pd product} {ergonomic}
     bool SegmentedCodeCache                       = true                                      {product} {ergonomic}
   size_t SoftMaxHeapSize                          = 2025848832                             {manageable} {ergonomic}
     bool UseCompressedOops                        = true                           {product lp64_product} {ergonomic}
     bool UseG1GC                                  = true                                      {product} {ergonomic}

Logging:
Log output configuration:
 #0: 
[error occurred during error reporting (printing log configuration), id 0xb, SIGSEGV (0xb) at pc=0x00007815b20bc576]
Release file:
IMPLEMENTOR="Oracle Corporation"
JAVA_RUNTIME_VERSION="25+37-LTS-3491"
JAVA_VERSION="25"
JAVA_VERSION_DATE="2025-09-16"
LIBC="gnu"
MODULES="java.base java.compiler java.datatransfer java.xml java.prefs java.desktop java.instrument java.logging java.management java.security.sasl java.naming java.rmi java.management.rmi java.net.http java.scripting java.security.jgss java.transaction.xa java.sql java.sql.rowset java.xml.crypto java.se java.smartcardio jdk.accessibility jdk.internal.jvmstat jdk.attach jdk.charsets jdk.internal.opt jdk.zipfs jdk.compiler jdk.crypto.cryptoki jdk.crypto.ec jdk.dynalink jdk.internal.ed jdk.editpad jdk.internal.vm.ci jdk.graal.compiler jdk.graal.compiler.management jdk.hotspot.agent jdk.httpserver jdk.incubator.vector jdk.internal.le jdk.internal.md jdk.jartool jdk.javadoc jdk.jcmd jdk.management jdk.management.agent jdk.jconsole jdk.jdeps jdk.jdwp.agent jdk.jdi jdk.jfr jdk.jlink jdk.jpackage jdk.jshell jdk.jsobject jdk.jstatd jdk.localedata jdk.management.jfr jdk.naming.dns jdk.naming.rmi jdk.net jdk.nio.mapmode jdk.sctp jdk.security.auth jdk.security.jgss jdk.unsupported jdk.unsupported.desktop jdk.xml.dom"
OS_ARCH="x86_64"
OS_NAME="Linux"
SOURCE=".:git:49d6a23b8806 open:git:6c48f4ed707b"

Environment Variables:
PATH=/usr/local/bin:/usr/bin:/bin:/usr/local/sbin:/usr/lib/jvm/default/bin:/usr/bin/site_perl:/usr/bin/vendor_perl:/usr/bin/core_perl
XDG_CACHE_HOME=/home/abdenours/.cache
XDG_CONFIG_HOME=/home/abdenours/.config
SHELL=/bin/bash
DISPLAY=:0.0
LANG=en_US.UTF-8
LC_NUMERIC=fr_FR.UTF-8
LC_TIME=fr_FR.UTF-8

Active Locale:
LC_ALL=LC_CTYPE=en_US.UTF-8;LC_NUMERIC=fr_FR.UTF-8;LC_TIME=fr_FR.UTF-8;LC_COLLATE=en_US.UTF-8;LC_MONETARY=fr_FR.UTF-8;LC_MESSAGES=en_US.UTF-8;LC_PAPER=fr_FR.UTF-8;LC_NAME=fr_FR.UTF-8;LC_ADDRESS=fr_FR.UTF-8;LC_TELEPHONE=fr_FR.UTF-8;LC_MEASUREMENT=fr_FR.UTF-8;LC_IDENTIFICATION=fr_FR.UTF-8
LC_COLLATE=en_US.UTF-8
LC_CTYPE=en_US.UTF-8
LC_MESSAGES=en_US.UTF-8
LC_MONETARY=fr_FR.UTF-8
LC_NUMERIC=fr_FR.UTF-8
LC_TIME=fr_FR.UTF-8

Signal Handlers:
   SIGSEGV: crash_handler in libjvm.so, mask=11100100010111111101111111111110, flags=SA_RESTART|SA_SIGINFO, unblocked
    SIGBUS: crash_handler in libjvm.so, mask=11100100010111111101111111111110, flags=SA_RESTART|SA_SIGINFO, unblocked
    SIGFPE: crash_handler in libjvm.so, mask=11100100010111111101111111111110, flags=SA_RESTART|SA_SIGINFO, unblocked
   SIGPIPE: javaSignalHandler in libjvm.so, mask=11100100010111111101111111111110, flags=SA_RESTART|SA_SIGINFO, blocked
   SIGXFSZ: javaSignalHandler in libjvm.so, mask=11100100010111111101111111111110, flags=SA_RESTART|SA_SIGINFO, blocked
    SIGILL: crash_handler in libjvm.so, mask=11100100010111111101111111111110, flags=SA_RESTART|SA_SIGINFO, unblocked
   SIGUSR2: SR_handler in libjvm.so, mask=00100000000000000000000000000000, flags=SA_RESTART|SA_SIGINFO, blocked
    SIGHUP: UserHandler in libjvm.so, mask=11100100010111111101111111111110, flags=SA_RESTART|SA_SIGINFO, blocked
    SIGINT: UserHandler in libjvm.so, mask=11100100010111111101111111111110, flags=SA_RESTART|SA_SIGINFO, blocked
   SIGTERM: UserHandler in libjvm.so, mask=11100100010111111101111111111110, flags=SA_RESTART|SA_SIGINFO, blocked
   SIGQUIT: UserHandler in libjvm.so, mask=11100100010111111101111111111110, flags=SA_RESTART|SA_SIGINFO, blocked
   SIGTRAP: crash_handler in libjvm.so, mask=11100100010111111101111111111110, flags=SA_RESTART|SA_SIGINFO, unblocked


Compilation memory statistics disabled.

Periodic native trim disabled

---------------  S Y S T E M  ---------------

OS:
DISTRIB_ID=Garuda
DISTRIB_RELEASE=Soaring
DISTRIB_DESCRIPTION="Garuda Linux Broadwing"
DISTRIB_CODENAME="Broadwing"
uname: Linux 6.12.63-1-lts #1 SMP PREEMPT_DYNAMIC Thu, 18 Dec 2025 14:48:15 +0000 x86_64
OS uptime: 1 days 0:10 hours
libc: glibc 2.42 NPTL 2.42 
rlimit (soft/hard): STACK 8192k/infinity , CORE infinity/infinity , NPROC 1048576/1048576 , NOFILE 1048576/1048576 , AS infinity/infinity , CPU infinity/infinity , DATA infinity/infinity , FSIZE infinity/infinity , MEMLOCK 8192k/8192k
load average: 1,27 2,13 2,34

/proc/meminfo:
MemTotal:        7908968 kB
MemFree:          152104 kB
MemAvailable:     855576 kB
Buffers:              12 kB
Cached:          1165852 kB
SwapCached:        23564 kB
Active:          2977556 kB
Inactive:        3512580 kB
Active(anon):    2723368 kB
Inactive(anon):  2844172 kB
Active(file):     254188 kB
Inactive(file):   668408 kB
Unevictable:       48408 kB
Mlocked:             264 kB
SwapTotal:      15848440 kB
SwapFree:       13868804 kB
Zswap:                 0 kB
Zswapped:              0 kB
Dirty:             10532 kB
Writeback:             8 kB
AnonPages:       5367784 kB
Mapped:           481528 kB
Shmem:            243424 kB
KReclaimable:      66844 kB
Slab:             225972 kB
SReclaimable:      66844 kB
SUnreclaim:       159128 kB
KernelStack:       17056 kB
PageTables:        59672 kB
SecPageTables:      2056 kB
NFS_Unstable:          0 kB
Bounce:                0 kB
WritebackTmp:          0 kB
CommitLimit:    19802924 kB
Committed_AS:   20879412 kB
VmallocTotal:   34359738367 kB
VmallocUsed:      277544 kB
VmallocChunk:          0 kB
Percpu:             5152 kB
HardwareCorrupted:     0 kB
AnonHugePages:   1843200 kB
ShmemHugePages:    75776 kB
ShmemPmdMapped:        0 kB
FileHugePages:     79872 kB
FilePmdMapped:     75776 kB
CmaTotal:              0 kB
CmaFree:               0 kB
Unaccepted:            0 kB
HugePages_Total:       0
HugePages_Free:        0
HugePages_Rsvd:        0
HugePages_Surp:        0
Hugepagesize:       2048 kB
Hugetlb:               0 kB
DirectMap4k:      538768 kB
DirectMap2M:     5529600 kB
DirectMap1G:     2097152 kB

/sys/kernel/mm/transparent_hugepage/enabled: [always] madvise never
/sys/kernel/mm/transparent_hugepage/hpage_pmd_size: 2097152
/sys/kernel/mm/transparent_hugepage/shmem_enabled: always within_size advise [never] deny force
/sys/kernel/mm/transparent_hugepage/defrag (defrag/compaction efforts parameter): always defer defer+madvise [madvise] never

Process Memory:
Virtual Size: 5909664K (peak: 5972648K)
Resident Set Size: 230132K (peak: 230132K) (anon: 108884K, file: 117728K, shmem: 3520K)
Swapped out: 0K
C-Heap outstanding allocations: 55266K, retained: 11677K
glibc malloc tunables: (default)

/proc/sys/kernel/threads-max (system-wide limit on the number of threads): 59859
/proc/sys/vm/max_map_count (maximum number of memory map areas a process may have): 1048576
/proc/sys/vm/swappiness (control to define how aggressively the kernel swaps out anonymous memory): 133
/proc/sys/kernel/pid_max (system-wide limit on number of process identifiers): 4194304

container information not found.
Steal ticks since vm start: 0
Steal ticks percentage since vm start:  0,000

CPU: total 8 (initial active 8) (4 cores per cpu, 2 threads per core) family 6 model 126 stepping 5 microcode 0xca, cx8, cmov, fxsr, ht, mmx, 3dnowpref, sse, sse2, sse3, ssse3, sse4.1, sse4.2, popcnt, lzcnt, tsc, tscinvbit, avx, avx2, aes, erms, clmul, bmi1, bmi2, adx, avx512f, avx512dq, avx512cd, avx512bw, avx512vl, sha, fma, vzeroupper, avx512_vpopcntdq, avx512_vpclmulqdq, avx512_vaes, avx512_vnni, clflush, clflushopt, avx512_vbmi2, avx512_vbmi, rdtscp, rdpid, fsrm, gfni, avx512_bitalg, f16c, pku, ospke, avx512_ifma
CPU Model and flags from /proc/cpuinfo:
model name	: Intel(R) Core(TM) i7-1065G7 CPU @ 1.30GHz
flags		: fpu vme de pse tsc msr pae mce cx8 apic sep mtrr pge mca cmov pat pse36 clflush dts acpi mmx fxsr sse sse2 ss ht tm pbe syscall nx pdpe1gb rdtscp lm constant_tsc art arch_perfmon pebs bts rep_good nopl xtopology nonstop_tsc cpuid aperfmperf tsc_known_freq pni pclmulqdq dtes64 monitor ds_cpl vmx est tm2 ssse3 sdbg fma cx16 xtpr pdcm pcid sse4_1 sse4_2 x2apic movbe popcnt tsc_deadline_timer aes xsave avx f16c rdrand lahf_lm abm 3dnowprefetch cpuid_fault epb ssbd ibrs ibpb stibp ibrs_enhanced tpr_shadow flexpriority ept vpid ept_ad fsgsbase tsc_adjust bmi1 avx2 smep bmi2 erms invpcid avx512f avx512dq rdseed adx smap avx512ifma clflushopt intel_pt avx512cd sha_ni avx512bw avx512vl xsaveopt xsavec xgetbv1 xsaves split_lock_detect dtherm ida arat pln pts hwp hwp_notify hwp_act_window hwp_epp hwp_pkg_req vnmi avx512vbmi umip pku ospke avx512_vbmi2 gfni vaes vpclmulqdq avx512_vnni avx512_bitalg avx512_vpopcntdq rdpid fsrm md_clear flush_l1d arch_capabilities

Online cpus: 0-7
Offline cpus: 
BIOS frequency limitation: <Not Available>
Frequency switch latency (ns): 0
Available cpu frequencies: <Not Available>
Current governor: powersave
Core performance/turbo boost: <Not Available>

Memory: 4k page, physical 7908968k(857592k free), swap 15848440k(13868804k free)
Page Sizes: 4k

vm_info: Java HotSpot(TM) 64-Bit Server VM (25+37-LTS-3491) for linux-amd64 JRE (25+37-LTS-3491), built on 2025-08-14T21:13:00Z with gcc 14.2.0

END.
